name,station_no,node_id,latitude,longitude
한강버스.잠실선착장,123000689,00001,37.518944,127.084778
한강버스.뚝섬선착장,104000315,00002,37.5286945,127.0664722
한강버스.옥수선착장,103000517,00003,37.53875,127.0180556
한강버스.압구정선착장,122000752,00004,37.5268056,127.0163611
한강버스.여의도선착장,118000622,00005,37.529,126.9346389
한강버스.망원선착장,113000513,00006,37.5545,126.8946111
한강버스.마곡선착장,115000952,00007,37.5751389,126.8441111
한강버스.서울숲선착장,103000519,00008,37.5377576735,127.0411829013
종로2가사거리,100000001,01001,37.5698055407,126.9877522923
창경궁.서울대학교병원,100000002,01002,37.579432932,126.9965206101
명륜3가.성대입구,100000003,01003,37.5825800121,126.9982508372
종로2가.삼일교,100000004,01004,37.5685792736,126.9876130976
혜화동로터리.여운형활동터,100000005,01005,37.586243,127.001744
서대문역사거리,101000305,01006,37.566137,126.966893
서울역사박물관.경희궁앞,100000380,01007,37.569135,126.97038
서울역사박물관.경희궁앞,100000379,01008,37.5695119837,126.9707589959
광화문역,100000384,01009,37.5701416811,126.9763534416
광화문역,100000385,01010,37.5702396638,126.9778802991
종로1가,100000386,01011,37.5701482455,126.9810660928
종로1가,100000387,01012,37.5702710116,126.9816283242
종로2가,100000388,01013,37.5701723774,126.9849902588
종로2가,100000389,01014,37.5702378859,126.9865353674
종로3가.탑골공원,100000390,01015,37.5702088889,126.9893256464
종로3가.탑골공원,100000391,01016,37.5703605443,126.9899877751
종로4가.종묘,100000392,01017,37.5705069968,126.9947218896
종로4가.종묘,100000393,01018,37.570635002,126.995395739
종로5가.광장시장,100000394,01019,37.5707860047,126.9990604685
종로5가.광장시장,100000395,01020,37.570930167,126.9996038113
종로6가.동대문종합시장,100000396,01021,37.5710111729,127.004462788
종로6가.동대문종합시장,100000397,01022,37.5711272339,127.0057137364
동대문역.흥인지문,100000398,01023,37.572447536,127.013815948
동대문역.흥인지문,100000365,01037,37.5721524474,127.0124191046
동묘앞.서울혜화경찰서,100000366,01041,37.5738321574,127.0186102731
동묘앞.서울혜화경찰서,100000367,01044,37.5742464626,127.0195527812
경기상고,100000006,01101,37.5875502159,126.9693634554
신교동,100000007,01102,37.5832955233,126.9702626865
경기상고,100000008,01103,37.5871907861,126.9697701102
경복고교,100000009,01104,37.5851600316,126.9708802468
청운중학교,100000010,01105,37.587810579,126.9726741314
자하문고개.윤동주문학관,100000011,01106,37.5921866176,126.9671261805
자하문고개.윤동주문학관,100000012,01107,37.5923353152,126.9671906625
청운중학교,100000013,01108,37.5884219586,126.9722631304
경복고교,100000014,01109,37.5850633028,126.9714039185
통인시장종로구보건소,100000015,01110,37.5803257033,126.9710500404
통인시장종로구보건소,100000016,01111,37.5805132118,126.9713851083
효자동,100000017,01112,37.583091043,126.9706209712
사직단.어린이도서관,100000018,01113,37.5751355316,126.9679907155
경복궁역1번출구,100000019,01114,37.5761614873,126.9714158133
경복궁역2번출구,100000020,01115,37.577040144,126.9721994292
경복궁역3번출구,100000021,01116,37.5776713863,126.9722828893
경복궁,100000022,01117,37.5755767894,126.9787471496
광화문역2번출구.KT광화문지사,100000023,01118,37.5723209262,126.9774162769
영추문,100000415,01119,37.5789303855,126.9739817664
광화문역6번출구,100000025,01120,37.5700448348,126.97640724
서울역사박물관.강북삼성병원,100000028,01123,37.570023,126.971248
새문안교회,100000029,01124,37.5703368912,126.9728386477
광화문역7번출구,100000030,01125,37.570365,126.975837
세종문화회관,100000031,01126,37.5736489318,126.9769975778
서울경찰청.경복궁역,100000032,01127,37.5757446636,126.9714842989
사직단,100000033,01128,37.5748553458,126.968188961
광화문역6번출구.광화문빌딩,100000034,01129,37.5695035518,126.9768637419
덕성여중고,100000035,01130,37.5757693863,126.981972246
안국역.서울공예박물관,100000036,01131,37.5760695565,126.9839957858
국민은행세검정지점,100000037,01132,37.6046629766,126.9608880061
세검정초등학교,100000038,01133,37.6025022799,126.9612198463
세검정.상명대,100000039,01134,37.6004770909,126.9582921267
상명대입구.석파랑,100000040,01135,37.5994133537,126.958570225
하림각,100000041,01136,37.5981330665,126.9617068235
자하문터널입구.석파정,100000042,01137,37.5955935123,126.9636434993
부암동주민센터.무계원,100000043,01138,37.5927670827,126.9642221989
부암동주민센터.무계원,100000044,01139,37.5927861733,126.9651419211
자하문터널입구.석파정,100000045,01140,37.5955575712,126.9639775924
하림각,100000046,01141,37.5981476478,126.962215308
상명대입구.세검정교회,100000047,01142,37.5996163318,126.9592405649
세검정.세검정성당,100000048,01143,37.6006470965,126.959155798
세검정초등학교,100000049,01144,37.6022680671,126.9614328894
국민은행세검정지점,100000051,01146,37.6048461618,126.9611926889
승가사입구,100000053,01148,37.6115844138,126.9563059978
구기동현대빌라,100000054,01149,37.6100355035,126.9564575503
구기터널.삼성출판박물관,100000055,01150,37.6086098941,126.9562103294
구기터널.삼성출판박물관,100000056,01151,37.6083054034,126.9564166508
구기동,100000057,01152,37.6069644475,126.9585297928
구기동,100000058,01153,37.6070088003,126.9591017479
승가사입구,100000059,01154,37.61148,126.956482
갑을씨티텔앞,100000060,01155,37.6043709709,126.9635350292
평창파출소,100000061,01156,37.6053223656,126.9660432906
평창동주민센터,100000062,01157,37.6066073749,126.9695663093
뚝섬역2번출구,103000135,04237,37.547575,127.046846
일성아파트,100000063,01158,37.6088723554,126.9729237379
롯데아파트,100000064,01159,37.6103897208,126.9763156152
롯데아파트,100000065,01160,37.610248,126.976652
벽산평창힐스아파트,100000066,01161,37.60819,126.972797
예능교회,100000067,01162,37.606517,126.97
서울예술고등학교.평창동주민센터,100000068,01163,37.6057787606,126.9676276108
화정박물관,100000069,01164,37.6045038178,126.9648102665
삼성강북병원.경교장,100000376,01165,37.568145927,126.9686004828
독립문역.서대문형무소역사관,100000072,01167,37.573395,126.959322
금화초등학교.서울시교육청,100000073,01168,37.568297,126.964532
서대문역사거리.적십자병원,100000368,01169,37.5671081521,126.9675878497
독립문,100000075,01171,37.5713430165,126.9614303112
창덕궁.우리소리박물관,100000076,01172,37.5775405746,126.9885394479
서린동.SK서린빌딩,100000077,01173,37.5692639006,126.9800947893
청계1가.장통교,100000078,01174,37.568684389,126.9849267193
청계2가.수표교,100000079,01175,37.5684453156,126.9908172161
청계4가.세운교,100000080,01176,37.5689254028,126.9965617399
청계5가.광장시장,100000081,01177,37.5694512793,126.9997973605
원남동,100000102,01198,37.5745325055,126.9973383362
창덕궁.우리소리박물관,100000103,01199,37.5772726542,126.9889538872
안국역6번출구.인사동문화의거리,100000104,01200,37.575798979,126.9841344381
조계사.종로경찰서,100000105,01201,37.5725223095,126.9831555803
조계사.종로경찰서,100000106,01202,37.5724858087,126.9828258888
안국동사거리,100000107,01203,37.5746105669,126.9827201116
효제동.김상옥의거터,100000108,01204,37.5745,127.00223
종로5가.효제초등학교,100000109,01205,37.5728790133,127.0021442279
창덕궁.돈화문국악당,100000414,01209,37.5774327721,126.991234977
종로5가역6번출구,100000116,01212,37.5705596025,127.0021826522
청계5가.마전교,100000117,01213,37.5698351103,127.0028494203
동대문,100000118,01214,37.5717262368,127.0084126252
충신동,100000119,01215,37.5740223509,127.006278812
충신동,100000121,01217,37.5744602778,127.0063433807
연지공원앞.현대그룹빌딩,100000122,01218,37.5759104142,127.0008065808
방송통신대.이화장,100000123,01219,37.578043,127.002437
혜화역2번출구.마로니에공원,100000124,01220,37.5811194873,127.0022769364
혜화역3번출구.서울대병원입구,100000125,01221,37.5809559696,127.0018481852
방송통신대.이화장,100000126,01222,37.5777889737,127.0019782952
연지공원앞.현대그룹빌딩,100000127,01223,37.576119355,127.0006951494
창경궁.서울대학교병원,100000128,01224,37.5788279947,126.9968717143
이화동(이화장),100000129,01225,37.5759372914,127.0032708172
혜화동로터리,100000130,01226,37.5855803307,127.0006878052
명륜동2가.성균관대입구,100000131,01227,37.5834170764,126.9993412723
혜화역.서울연극센터(장면총리가옥),100000132,01228,37.5840306853,127.0014608831
혜화역.동성중고(장면총리가옥),100000133,01229,37.5845329425,127.0015561579
종로구민회관.창신동두산아파트,100000135,01231,37.5740926792,127.0155555279
동묘앞역6번출구,100000139,01235,37.5716849566,127.0156014431
동묘앞역5번출구,100000140,01236,37.5719221488,127.0159450485
청계2가교차로,101000307,01237,37.5684809008,126.9878778705
창신3동주민센터,100000142,01238,37.578413,127.015178
숭인1동주민센터.창신역4번출구,100000143,01239,37.5786281555,127.0154557816
동묘앞역.롯데캐슬천지인,100000144,01240,37.5741800523,127.0158023517
신설동역오거리,100000147,01243,37.5756947252,127.0228414296
동묘앞역2번출구,100000364,01245,37.5736431148,127.0175234975
구기동현대빌라,100000150,01246,37.609682,126.956622
광장시장,100000151,01247,37.5694963125,126.9977437946
서울특별시재향군인회관,100000153,01249,37.5725807445,126.9974787875
서울역사박물관,100000154,01250,37.5699003386,126.9721318077
청계3가.관수교,100000155,01251,37.5686887917,126.9937793705
청계6가.버들다리,100000156,01252,37.5699303868,127.0080377075
청계7가.맑은내다리,100000157,01253,37.5700419608,127.0130967122
청계8가.영도교,100000158,01254,37.5708949889,127.0181256262
원남동사거리,100000159,01256,37.5757617378,126.9981123217
숭인2동주민센터,100000165,01262,37.5742721533,127.0204373408
조계사,100000169,01267,37.572800338,126.9831609226
세종문화회관,100000174,01272,37.5733655664,126.9770167126
이화동(이화장),100000179,01277,37.576257,127.002955
상명대정문,100000180,01278,37.601417,126.955143
이북오도청,100000181,01279,37.6127234824,126.9559729686
경복궁역(효자로입구),100000419,01280,37.576709505,126.9743023448
상명대입구.세검정교회,100000188,01286,37.5994435122,126.9597921957
상명대입구.석파랑,100000189,01287,37.5995718125,126.9581941404
종로중부새마을금고,100000190,01288,37.5724174899,127.0065911394
신설동역오거리.서울풍물시장,100000191,01289,37.5742548131,127.0231950517
청계2가.삼일교,100000192,01291,37.5683454305,126.9869890809
청계8가.황학교,100000193,01292,37.5721307298,127.0227870051
평창동삼성아파트,100000355,01293,37.6111800895,126.9787981475
안국역5번출구,100000370,01294,37.5763329308,126.9855365486
안국역.서울공예박물관,100000369,01295,37.5764140065,126.9848871214
창덕궁,100000371,01296,37.5772280879,126.9890031166
남인사마당,100000413,01297,37.5713191723,126.9874286375
평창파출소,100900047,01500,37.605681218,126.9668167021
삼청공원,100900178,01501,37.5882276807,126.9816468946
수성동계곡,100900041,01502,37.5820813834,126.9644678921
명륜3가종점,100900040,01503,37.5909483783,126.9928636796
명륜새마을금고,100900197,01504,37.5877854691,126.9967901477
서대문역3번출구,100900044,01505,37.5663370645,126.9663939394
낙산공원,100900039,01506,37.5804037213,127.0087215681
인사미술공간.세탁소,100900037,01507,37.5814109836,126.9893670844
화정박물관,100900036,01508,37.6048011982,126.9648837454
금융연수원,100900035,01509,37.5866398268,126.9816582681
박노수미술관,100900034,01510,37.5809967425,126.966603478
샘미용실.종로구청소년상담복지센터,100900032,01511,37.5903095275,126.9932227051
서울국제고등학교,100900031,01512,37.5890715947,126.9972902593
화정박물관,100900029,01513,37.6049806084,126.9652007897
적십자병원후문앞,100900188,01514,37.5673466781,126.96544493
서울성곽.성대후문,100900202,01515,37.5893663808,126.989569366
빨래터.고희동미술관,100900026,01516,37.582987218,126.9890634276
세검초등학교,100900025,01517,37.6042522792,126.9614907597
삼청동주민센터,100900024,01518,37.5842638281,126.9819071619
통인시장,100900020,01519,37.5804417494,126.9684956941
양현관,100900021,01520,37.5897914226,126.9936043615
국민생활관,100900017,01521,37.5897456349,126.9988619666
오거리,100900016,01522,37.6070621164,126.9622629001
경희궁자이2.3단지,100900015,01523,37.5687871134,126.9640686009
창신쌍용2단지.한성대후문,100900013,01524,37.5812647965,127.0127581151
통일부,100900045,01525,37.5875948053,126.9859476734
원서고개,100900011,01526,37.583080553,126.9878088426
종로5가입구,100900009,01528,37.5717928476,126.9976709493
삼청파출소,100900007,01529,37.581813662,126.9812510491
오거리.한옥마을입구,100900005,01530,37.579404615,126.9696088803
명륜시장.성대후문,100900046,01531,37.5885110529,126.9952543092
혜화초등학교,100900003,01532,37.5872532276,126.9998516643
청련사입구,100900072,01533,37.6079803769,126.9624312007
영천시장,100900071,01534,37.5700818569,126.9627388724
명신초.삼선푸르지오.힐스테이트,100900070,01535,37.5821062067,127.014556281
감사원,100900069,01536,37.5862106518,126.9852900569
중앙중고,100900068,01537,37.583092177,126.986965299
인왕빌딩,100900067,01538,37.6079283311,126.9577443332
종로4가.종묘공원,100900066,01539,37.5706890289,126.9946203403
국립민속박물관,100900174,01540,37.5792551846,126.9795533717
광화문새마을금고,100900065,01541,37.5793687689,126.9711466491
새마을금고,100900064,01542,37.5877370613,126.996518051
혜화우체국,100900063,01543,37.5860376565,127.0006137149
언덕앞,100900062,01544,37.6089539753,126.9637921715
경희궁자이4단지,100900061,01545,37.5707022242,126.9621148375
종로센트레빌후문.e편한세상보문아파트,100900060,01546,37.5817743934,127.0161855253
사우디대사관앞.북촌힐스,100900059,01547,37.5841056738,126.9850311776
안국선원.삼거리,100900058,01548,37.5827909789,126.984994076
구기터널입구,100900182,01549,37.6082046142,126.9567768927
종로3가역9번출구,100900057,01550,37.5710875771,126.9920931881
경복궁,100900056,01551,37.576950157,126.9793377561
소나무집,100900054,01553,37.6112770717,126.964110466
독립문역3번출구,100900186,01554,37.5728784775,126.9597453483
청룡사.보문파크뷰자이아파트,100900053,01555,37.5800189539,127.01700714
북촌한옥마을입구.정세권활동터,100900052,01556,37.5815997311,126.9849422317
종로1.2.3.4가동주민센터,100900217,01557,37.5743837122,126.9911314256
창덕궁,100900051,01558,37.5760892484,126.9906200153
아름다운실버,100900050,01561,37.6120100581,126.965463701
독립문초등학교,100900049,01562,37.5738699714,126.9606775165
종로센트레빌아파트,100900206,01563,37.5803534405,127.0156926979
가회동주민센터,100900048,01564,37.579972942,126.9849543284
구기빌라,100900097,01565,37.6062686142,126.9579797248
원남로터리,100900096,01566,37.5762373738,126.997511497
보현산신각,100900095,01567,37.6134825236,126.9657790521
린덴바움숲유치원,100900094,01568,37.5746692802,126.9618040443
쌍용아파트입구.창신역,100900093,01569,37.580511226,127.0149635738
아름다운가게.정독도서관,100900092,01570,37.5789480833,126.9851271782
산정빌라,100900091,01571,37.6051519935,126.9574922002
이화사거리,100900090,01572,37.5765095598,127.0020914666
박종화고택입구,100900089,01573,37.6143102577,126.9676873462
무악현대아파트후문,100900088,01574,37.5763372261,126.9619411637
헌법재판소.안국역,100900086,01576,37.5773871956,126.9858152185
청구빌라,100900184,01577,37.6046102563,126.9569839726
서울대어린이병원응급실.갑상선센터,100900085,01578,37.5781188768,126.9995029662
화인빌라,100900083,01580,37.6129345305,126.9685386165
행촌주차장,100900082,01581,37.5752728058,126.9628880463
창신초등학교,100900207,01582,37.5769032044,127.0153885503
수운회관,100900081,01583,37.5752189424,126.986669266
상명대후문,100900080,01584,37.6040255786,126.9573354115
힐탑,100900079,01586,37.6116055569,126.9690205751
성결교신대원총회본부,100900187,01587,37.5739763092,126.9634445669
낙원상가,100900078,01589,37.5737563689,126.9874148722
완성빌라,100900077,01590,37.6034020863,126.9575011241
서울대병원장례식장,100900076,01591,37.5805553988,126.9974309648
혜화역1번출구,100900075,01592,37.5834729904,127.0017632862
감나무골공원,100900074,01593,37.6124059606,126.9699479367
한국사회과학도서관.이회영기념관,100900073,01594,37.5736670147,126.9641239308
동묘앞역8번출구,100900205,01595,37.5726943506,127.0142453819
종로2가.탑골공원,100900121,01596,37.571455,126.98744
경진빌라,100900120,01597,37.6020037175,126.9578303612
성대입구,100900198,01598,37.5833533096,126.9992849459
청와대,100000416,01601,37.5829712951,126.973768082
춘추문,100000417,01602,37.5831276121,126.9796554436
경복궁.국립민속박물관,100000418,01603,37.5794135204,126.9795911351
EN갤러리,100900119,01607,37.6134217965,126.9706087294
유림회관앞,100000421,01612,37.5858955968,126.9969805237
성균관대정문,100900218,01615,37.5849563466,126.9966204422
600주년기념관,100900219,01616,37.5873281035,126.9939426439
성균관대운동장,100900220,01617,37.587863,126.99237
학생회관,100900221,01618,37.5874203934,126.9936746328
종로문화체육센터,100900118,01667,37.5746935562,126.9645321424
동대문역2번출구,100900117,01682,37.5720494465,127.0117218002
종각역.YMCA,100900116,01683,37.5703976388,126.98508926
서교빌라,100900115,01684,37.601989057,126.9571553655
경복궁역,100900177,01685,37.5770722054,126.9724733176
성대입구,100900199,01697,37.5832668015,126.998853007
무애사,100900114,01698,37.6139004282,126.9718458037
단군성전앞,100900113,01699,37.5755600915,126.9653175119
동대문종합시장,100900192,01702,37.5712161296,127.004958038
상명초등학교,100900112,01714,37.6009238115,126.956715418
법련사,100900179,01720,37.5765879752,126.9796650539
광화문새마을금고,100900111,01721,37.5794930902,126.9710277184
성균관대학교,100900110,01722,37.584886,126.996646
참샘골공원,100900109,01723,37.6146097003,126.9742524976
황학정앞,100900108,01724,37.5768126115,126.9653293849
종로5가역.중부교육지원청,100900107,01725,37.5714192458,127.0020898456
인사동들머리.3.1독립선언터,100900106,01727,37.5719470235,126.983296967
정독도서관,100900105,01728,37.5802605382,126.980080541
오거리.한옥마을입구,100900104,01729,37.5794684375,126.9697392663
평창공원지킴터입구,100900103,01732,37.6163963984,126.9757438761
창경궁.고궁호텔.메이플레이스호텔,100000360,01733,37.5765581609,126.9974492169
광화문,100000329,01762,37.5703374879,126.9755694982
종로1가,100000330,01763,37.57037,126.980129
종로2가,100000333,01766,37.5700824558,126.9864618183
종로3가역11번출구,100000334,01767,37.5706348964,126.9932082199
종로3가,100000335,01768,37.5701024255,126.9909932186
종로4가,100000336,01769,37.5704692645,126.9962507486
동대문종합시장.종로6가,100000338,01771,37.5708647997,127.0032911936
종로도서관,100900102,01776,37.5764842271,126.9671251598
경복궁역,100000343,01777,37.5761780936,126.9715056448
경복궁역7번출구,100000344,01778,37.5758191735,126.971681974
안국역,100000345,01779,37.5766137515,126.985229602
안국역,100000346,01780,37.5763185096,126.9855059829
창덕궁,100000347,01781,37.5775204226,126.9889000774
성대입구,100000348,01782,37.5832827975,126.9992357955
종로사우나,100900101,01790,37.5738011149,126.9877503526
홍지파크,100900180,01791,37.6012424257,126.9557163281
삼청파출소,100900100,01792,37.58164517,126.9813258198
통인시장.종로구보건소,100900099,01793,37.5803350289,126.9687504797
종로5가역.광장시장,100900191,01794,37.5707724724,127.000038992
평창동산림제3초소,100900098,01795,37.6173560499,126.9771030504
배화여중고,100900145,01796,37.5767787564,126.9676986337
대학로입구.이화사거리,100900143,01797,37.5759841652,127.0025801998
운현궁,100900144,01798,37.5752716136,126.9869813803
상명대입구,100900142,01799,37.6000210109,126.9569583018
삼청동주민센터,100900141,01800,37.5846846831,126.9822105151
박노수미술관,100900140,01801,37.5810265604,126.9668944502
김창열.윤명로화실,100900139,01802,37.616304998,126.9783685436
사직공원.경복궁역입구,100900138,01803,37.5762206893,126.9689039095
충신시장,100900137,01804,37.5749766498,127.005404874
안국역2번출구앞,100900189,01805,37.5771728174,126.9861183272
금융연수원,100900135,01807,37.5858776706,126.981847891
감람산기도원,100900134,01809,37.6159439291,126.9798729651
카센터.사직터널앞,100900133,01810,37.57409862,126.9658895166
재동초등학교,100900131,01812,37.578791085,126.9853617134
삼청공원삼거리.옥호정터,100900129,01814,37.5874185176,126.9817444742
이화사거리,100900128,01815,37.5753200672,127.0022812884
연화정사,100900127,01816,37.6146490046,126.9794938432
대신중고,100900126,01817,37.5726178078,126.9616893251
현대사거리,100900125,01819,37.5792417814,126.9866353642
교남동주민센터,100900215,01820,37.5721819807,126.9613278115
부암동주민센터.무계원,100900181,01821,37.5929353403,126.9637682263
형제봉입구,100900124,01823,37.6128643152,126.9816861503
교남동새마을금고,100900123,01824,37.5714943551,126.962337459
창신초교,100900122,01825,37.5760372123,127.0157200961
가회동주민센터,100900168,01826,37.5799426497,126.9851293823
볼링장,100900167,01827,37.5792554401,126.9879589184
석파정.서울미술관,100900166,01829,37.5947643228,126.9637824182
지구촌교회,100900165,01830,37.6131060324,126.9792421489
월암공원,100900164,01831,37.5712260916,126.9646918774
숭인1동주민센터,100900163,01832,37.5774150014,127.0155607478
북촌한옥마을입구.정세권활동터,100900162,01833,37.5812807738,126.9851687446
하림각,100900161,01835,37.5976847268,126.9629663842
보현빌라,100900160,01836,37.6153822583,126.9784205906
스위스대사관,100900159,01837,37.5701413179,126.9656960774
안국선원.삼거리,100900157,01839,37.5827432497,126.9852205387
세검정교회,100900156,01840,37.5993880238,126.9600291533
혜화동로터리,100900200,01841,37.5859196111,127.0010032298
김종영미술관,100900155,01842,37.6132637884,126.9781122953
서울시교육청,100900154,01843,37.569381682,126.9666998924
창신쌍용1단지.종로센트레빌아파트,100900210,01844,37.5803228198,127.0155692785
사우디대사관.북촌힐스,100900153,01845,37.583863308,126.9852486243
상명대입구,100900152,01846,37.5998544708,126.9574023475
혜화초등학교,100900151,01847,37.5873892922,126.9999909413
강북삼성병원,100900149,01849,37.5685315243,126.9683376852
청룡사.보문파크뷰자이아파트,100900148,01850,37.5797846496,127.0171508787
감사원,100900147,01851,37.5862656518,126.9855618026
국민생활관,100900201,01852,37.5896275957,126.9993137839
종로센트레빌후문.e편한세상보문아파트,100900173,01855,37.5818978359,127.0162353711
통일부,100900172,01856,37.5875308468,126.9861073451
서울국제고등학교,100900171,01858,37.5890742944,126.9971407875
성대후문.와룡공원,100900203,01860,37.5891522774,126.989734001
상명초등학교,100900170,01861,37.600904926,126.9568173576
새마을금고,100900169,01862,37.5878406881,126.9965690016
경진빌라,100900002,01863,37.6018640911,126.9579482257
명륜시장.성대후문,100900004,01864,37.5887246101,126.9952305162
완성빌라,100900006,01865,37.6033399708,126.9576665157
양현관,100900008,01866,37.5897680031,126.9937685575
상명대후문,100900010,01868,37.6040715802,126.9574633677
샘미용실.종로구청소년상담복지센터,100900012,01869,37.5902545716,126.9934084203
산정빌라,100900014,01870,37.6052835831,126.9575782035
구기빌라,100900018,01872,37.6061334517,126.9579809335
마트앞,100900019,01873,37.6066987064,126.958756466
국민은행.세검정지점,100900022,01874,37.6049541749,126.9608727063
혜화역4번출구,100900027,01876,37.5835080381,127.0015538872
방송통신대앞,100900028,01877,37.5786973612,127.0019926794
서울대치과대학,100900030,01878,37.5774082997,126.997800962
효제초교.연동교회.김마리아활동터,100900033,01879,37.5736413355,127.0022087811
성균관대학교,100900204,01881,37.5884638684,126.9900035953
서울대치과대학,100900038,01883,37.5775727323,126.9978632209
이화사거리,100900043,01886,37.5769483437,127.0020084833
서울대학교병원현관.암병원현관,100900042,01887,37.5790872846,126.9981631637
종각.공평유적전시관,100900211,01888,37.57164,126.98319
조계사,100900213,01889,37.5736021088,126.9831364101
동대문역JW메리어트동대문호텔,100000399,01901,37.5706369793,127.0092820998
대학로,100000407,01902,37.58189612,127.0021204164
창경궁,100000408,01903,37.5791596347,126.9964163097
창덕궁,100000409,01904,37.5775301708,126.9901776043
인사동.북촌,100000410,01905,37.5758950223,126.9837977873
경복궁.국립민속박물관,100000411,01906,37.579339181,126.9795487018
세종문화회관,100000412,01907,37.5731388499,126.9769120216
통인시장,100000401,01910,37.5791187605,126.9713315727
세종문화회관,100000402,01911,37.5731558567,126.9770139456
종각역,101000313,01912,37.5693799579,126.9828944171
인사동.탑골공원,100000403,01913,37.5701155367,126.9888006413
종묘.세운상가,100000404,01914,37.5703736241,126.9934997231
광장시장,100000405,01915,37.5707521431,126.9996789008
동묘.숭인동도깨비시장,100000406,01916,37.5734766013,127.0180439092
서울풍물시장,105000553,01917,37.5733400255,127.0231780999
청와대,100000400,01918,37.582684814,126.9737600308
서울역사박물관.경희궁,100000422,01919,37.569902,126.971956
명동성당.남대문세무서,101000001,02001,37.5649848069,126.9875299251
국가인권위.안중근활동터,101000002,02002,37.5643504711,126.9878515151
서울역버스환승센터,101000003,02003,37.5551460158,126.9722570849
서울역버스환승센터,101000004,02004,37.5554029828,126.9725924801
서울역버스환승센터,101000005,02005,37.555388989,126.9727238221
서울역버스환승센터,101000006,02006,37.5554794133,126.9728547738
서울역버스환승센터.강우규의거터,101000007,02007,37.5554141603,126.9729402621
숭례문,101000008,02008,37.5586388574,126.9737783904
서울시청,101000303,02100,37.5661382638,126.9806320857
만리동고개,101000009,02101,37.551787064,126.9626582054
손기정체육공원입구,101000010,02102,37.5544459527,126.9662339013
서울의료보건고등학교.서울역서부,101000011,02103,37.5558478973,126.9689026242
서울역서부,101000012,02104,37.556237644,126.9691514463
서울역서부,101000013,02105,37.555855,126.969293
중림동교차로,101000014,02106,37.5583836266,126.9691354395
중림동.충정로역2호선,101000015,02107,37.559839,126.964879
한국경제신문사.서소문역사공원,101000016,02108,37.5602111497,126.9678680149
한국경제신문사.서소문역사공원,101000017,02109,37.5606234736,126.9681135141
경찰청.동북아역사재단,101000018,02110,37.5630494858,126.9691267228
장충동써미트호텔,101000300,02111,37.5622736605,127.0066750078
농협은행.유관순활동터,101000020,02113,37.5649062803,126.9677868059
염천교,101000021,02116,37.5598696316,126.97311408
숭례문,101000022,02117,37.5584010617,126.97335794
숭례문.한국일보,101000023,02118,37.5587713091,126.9737375955
후암삼거리,101000025,02120,37.5534055956,126.9759937564
숭례문,101000026,02121,37.5587633765,126.974362745
숭례문,101000027,02122,37.5584195299,126.9740436876
숭례문.서울역4번출구,101000028,02123,37.5580006528,126.9736279452
숭례문.남대문시장8번출입구,101000029,02124,37.5588723988,126.9759976615
숭례문남산방향,101000030,02125,37.5585581643,126.9756720863
남대문시장.신세계앞,101000031,02126,37.561191081,126.9800597585
북창동.남대문시장,101000032,02127,37.561273,126.978555
소공동주민센터,101000033,02128,37.562197167,126.97644367
삼성본관앞,101000034,02131,37.5620517519,126.9759075283
시청역8번출구,101000035,02132,37.562764205,126.976148714
시청역9번출구.시청서소문2청사,101000036,02133,37.5631901447,126.9746522037
시청역11번출구,101000037,02134,37.563722,126.975314
시청.서소문청사,101000038,02135,37.5635248407,126.9749539314
광교,101000333,02136,37.5681069154,126.9828444051
서울신문사,101000039,02137,37.5683632936,126.9773647051
명동성당,101000337,02138,37.564974163,126.9874193795
우리은행종로지점,101000040,02139,37.5678390393,126.9828658628
롯데백화점,101000041,02140,37.5645069796,126.9822069938
소공동.롯데영플라자,101000042,02141,37.5628907847,126.9815478394
명동.롯데영플라자,101000043,02142,37.562885,126.982008
명동입구B,101000334,02143,37.5644247651,126.9823981134
신세계백화점,101000045,02144,37.561127344,126.9814315438
남대문시장.회현역,101000046,02145,37.5582675237,126.9777650546
남대문시장.회현역,101000047,02146,37.5584920257,126.9784645011
남산3호터널,101000048,02147,37.5583104538,126.9827404025
남산3호터널.정화예술대학교,101000049,02148,37.5595260891,126.9826359346
명동역4번출구,101000050,02149,37.560657849,126.9849157703
퇴계로2가.명동역5번출구,101000051,02150,37.5609325805,126.9843582953
충무로역.한옥마을.한국의집,101000052,02151,37.5612508237,126.9917771969
충무로역.한옥마을.한국의집,101000053,02152,37.5609019668,126.9924098253
충무로역2번출구,101000054,02153,37.5612375854,126.9947285429
충무로역8번출구,101000055,02154,37.5620371603,126.9964921507
초동,101000056,02155,37.5633461766,126.9931119513
을지로입구.로얄호텔,101000057,02156,37.5658757422,126.9853902774
을지로입구.시청입구,101000058,02157,37.5661382638,126.9811712097
을지로2가.기업은행본점.서울노동청,101000059,02158,37.566246226,126.9865233528
을지로2가.파인에비뉴,101000060,02159,37.5660727123,126.988670826
을지로3가,101000061,02160,37.5663729806,126.9902600103
을지로3가,101000062,02161,37.5661389597,126.9914237666
을지로4가,101000063,02162,37.5666841559,126.9959336364
을지로4가.베스트웨스턴국도,101000064,02163,37.5664010399,126.9968473297
중구청앞.덕수중학교,101000065,02164,37.564717315,126.9981484996
방산시장.을지로4가역6번출구,101000066,02165,37.5668182855,126.999258524
을지로5가.중부시장,101000067,02166,37.5666200422,127.0011150411
방산시장.훈련원종합체육관,101000068,02167,37.5679608485,127.0024044565
을지로5가,101000069,02168,37.5658243542,127.0025945654
을지로6가.국립중앙의료원,101000070,02169,37.5661698346,127.0062316194
동대문역사문화공원역8번출구,101000071,02170,37.5650528273,127.0072096931
동대문역사문화공원역9번출구,101000072,02171,37.5651725525,127.0077222561
을지로6가.국립중앙의료원,101000073,02172,37.5664631128,127.0058434821
동대문역사문화공원,101000074,02173,37.5673541422,127.0083555318
동대문역사문화공원,101000075,02174,37.5674835037,127.0091685169
중구보건소.충무아트센터,101000077,02177,37.5651675256,127.0135231437
중구보건소.충무아트센터,101000078,02178,37.5650178857,127.0147408667
성동공업고등학교(무궁화회관),101000079,02179,37.5683481924,127.0157558376
성동공업고등학교앞,101000080,02180,37.5686950625,127.0161294881
신당역1번출구.서울중앙시장,101000081,02181,37.5657282804,127.0187426545
신당역4번출구.서울중앙시장,101000082,02182,37.5654920748,127.0194795301
성동고등학교건너,101000083,02183,37.5655941894,127.0221821569
신당5동주민센터.성동고등학교,101000084,02184,37.5652410933,127.0223979004
신당누리센터.신당동떡볶이타운,101000085,02187,37.5627954621,127.0150959791
신당동떡볶이타운.중구여성플라자,101000086,02188,37.5623100443,127.0151908517
청구초등학교.청구역,101000087,02189,37.5589483023,127.0132161263
장충초등학교.청구역,101000088,02190,37.559257398,127.0130316796
약수역2번출구.가온도서관,101000089,02191,37.5557929112,127.0110429415
약수역3번출구.약수하이츠,101000090,02192,37.5557496102,127.0113796895
약수역4번출구.금호터널입구,101000091,02193,37.553399,127.012012
약수역5번출구.금호터널입구,101000092,02194,37.55292373,127.0118693353
약수역8번출구.신당사회복지관,101000093,02195,37.5538646495,127.0099566945
약수역7번출구.약수동주민센터,101000094,02196,37.5528509718,127.0092978444
송도병원,101000095,02197,37.5502676468,127.0077186988
송도병원건너,101000096,02198,37.550227118,127.0073984027
약수역1번출구,101000294,02199,37.556252533,127.009755648
장충체육관앞,101000097,02201,37.5583362176,127.0080610837
장충체육관앞,101000098,02202,37.5580017329,127.0078281581
장충동.동국대입구,101000099,02203,37.560621324,127.00590981
장충동.동국대입구,101000100,02204,37.5606663921,127.0056290943
퇴계로6가,101000101,02205,37.5634011312,127.0039011095
퇴계로6가.광희동주민센터,101000102,02206,37.5635284386,127.00337576
퇴계로5가.충무초등학교,101000103,02207,37.5623804057,126.9999660413
퇴계로5가.중구청,101000104,02208,37.5627804223,126.9997252277
국립극장.반얀트리호텔,101000105,02209,37.551481823,127.001094708
국립극장.반얀트리호텔,101000106,02210,37.5515339575,127.0007525635
청구역2번출구.흥인초등학교,101000107,02211,37.5599600605,127.014656108
청구역3번출구,101000108,02212,37.5599303778,127.014219181
동화동.청구이편한세상,101000109,02213,37.5600244709,127.018125822
청구동.신당동삼성아파트,101000110,02214,37.5598126778,127.0182736903
백범광장,101000111,02215,37.555737,126.980093
남대문경찰서.서울역10번출구,101000113,02218,37.554128189,126.9738404394
남대문시장앞.이회영활동터,101000114,02219,37.5609394169,126.978580386
남산케이블카.남산산책로입구,101000115,02220,37.5552651842,126.9839798009
동대입구역.장충동,101000117,02222,37.558362,127.005445
약수역10번출구,101000295,02223,37.556256,127.009322
청계1가.광교,101000119,02224,37.5685707852,126.9833922386
청계2가.삼일교,101000120,02225,37.5678404706,126.9885301722
청계4가.배오개다리,101000121,02226,37.5684843738,126.9971755363
청계5가.방산시장,101000122,02227,37.5692149555,127.0008265972
청계6가.평화시장,101000123,02228,37.5694411915,127.0043806283
청계7가.동평화.청평화시장,101000124,02229,37.5695135434,127.0138508174
청계8가.영도교,101000125,02230,37.5707259153,127.0189971981
신한은행본점,101000128,02233,37.5611965482,126.975585201
퇴계로2가.명동역7번출구,101000335,02234,37.560988,126.985336
광희동.동대문역사문화공원역,101000130,02235,37.5654113309,127.0091092289
다산동.버티고개역1번출구,101000131,02236,37.5478041512,127.0060242348
버티고개역.남산타운아파트,101000132,02237,37.547650494,127.0061899379
청계3가.관수교,101000135,02240,37.5682134567,126.9929650755
청계6가.오간수교,101000136,02241,37.5694851752,127.0090361408
충무로역7번출구,101000137,02242,37.561690572,126.9933889105
을지로입구역.광교,101000141,02246,37.5676492567,126.9825656304
청계광장,101000338,02247,37.569011,126.978207
신당파인힐하나유보라,101000147,02252,37.5649809794,127.0248560363
명동입구,101000148,02253,37.5647227393,126.982474445
남산북측순환로입구,101000149,02254,37.5506986166,126.9988218165
금호중학교.신당동삼성아파트,101000150,02255,37.5585545048,127.0187298806
금호중학교.신당푸르지오아파트,101000151,02256,37.5578078339,127.019288178
황학동주민센터,101000152,02257,37.5668556166,127.0234023516
신당초등학교앞,101000153,02258,37.5644813411,127.0239172657
신당래미안하이베르.금호베스트빌,101000154,02259,37.5616452068,127.0240513307
금호베스트빌.신당래미안하이베르,101000155,02260,37.5622544456,127.0243472269
신당초등학교,101000156,02261,37.5645028357,127.024240415
방산종합시장,101000163,02272,37.5678058693,127.0019301271
황학동롯데캐슬,101000164,02273,37.5716601701,127.0220339686
광희문.광희동사거리,101000165,02274,37.5645499236,127.0086110484
광희문.광희동사거리,101000166,02275,37.5644016142,127.009677887
황학동롯데캐슬,101000168,02277,37.5708197498,127.0232958633
한국은행앞,101000254,02278,37.561408112,126.9792899798
서울기동대.광희초등학교,101000258,02279,37.5679222068,127.0144829458
동대문역사문화공원동문,101000261,02280,37.567700749,127.0119962039
서대문역사거리.농협중앙회,101000262,02281,37.5668848609,126.9679802656
서울역9번출구.서울스퀘어빌딩앞,101000263,02282,37.555341632,126.97323173
북창동.남대문시장,101000264,02283,37.5608462911,126.9769187336
남산공원.구힐튼호텔,101000266,02284,37.5563677408,126.976567168
남산공원.구힐튼호텔,101000265,02285,37.5566267411,126.9767113404
시청앞.덕수궁,101000290,02286,37.5662122834,126.9768355729
남대문세무서.국가인권위원회,101000292,02287,37.5650839621,126.987866112
장충문화체육센터.권기옥활동터,101000293,02288,37.5601745008,127.0025921056
남산1호터널,101000328,02289,37.5574051765,126.9921666231
남산예장버스환승주차장,101000331,02291,37.55974,126.989289
약수역.3.6호선,101900010,02501,37.5533046573,127.011705637
조선일보,101900009,02502,37.5687339805,126.976883066
시청역,101900011,02503,37.566031,126.97701
서울역,101900012,02505,37.5581897679,126.9714245129
숭례문앞,101900007,02506,37.5615164368,126.976236105
시청역1호선.서울시청,101900006,02507,37.5673960903,126.977339075
신당역하나은행,101900005,02510,37.5654231103,127.0215878668
염천교,101900004,02513,37.5597925744,126.9711136524
한국경제신문사,101900003,02516,37.5609334062,126.9679526472
응봉근린공원.금호산,101900001,02518,37.5535217011,127.0169189818
서울방송고등학교.남산타운아파트,101900023,02519,37.5495860191,127.012409789
서울방송고등학교.남산타운아파트,101900022,02520,37.5496119425,127.0122783521
중구청소년센터.남산타운2상가,101900021,02521,37.5516549062,127.012751162
중구청소년센터.남산타운2상가,101900020,02522,37.5519027425,127.0121655599
약수시장.남산타운동문,101900019,02523,37.5517332168,127.0108500123
약수지구대,101900018,02524,37.5528410964,127.0119577646
남대문시장,101000173,02605,37.5614284556,126.979397311
을지로입구역롯데호텔,101000277,02639,37.5658047183,126.9803053067
소공동웨스틴조선호텔,101000298,02640,37.5645178283,126.9796461336
서울광장,101000301,02641,37.565352,126.978885
광화문코리아나호텔,101000275,02643,37.5684013914,126.97690745
서소문KAL빌딩,101000276,02649,37.5633387369,126.9743182567
동국대입구.앰배서더호텔,101000273,02652,37.5597717116,127.0026102024
광화문,101000226,02661,37.5687990002,126.9769067873
시청.덕수궁,101000227,02662,37.566254,126.976921
바비엥스위트,101000229,02664,37.5651089852,126.9676372948
서울역,101000230,02665,37.5578195556,126.9728595843
명동역.세종호텔,101000234,02669,37.5610860085,126.9864492986
충무로역.호텔피제이,101000244,02679,37.5617180187,126.9955605031
남대문시장,101000245,02680,37.560967378,126.9787309255
이비스엠버서더호텔,101000246,02681,37.5643534324,126.9823877131
프레이저플레이스,101000247,02682,37.5628476779,126.9692683016
아카시아호텔.웨스턴코업레지던스,101000257,02686,37.5665506121,127.0034786985
을지로코업레지던스,101000256,02687,37.5662333554,127.0053974501
토요코인호텔.이비스버젯호텔,101000255,02688,37.5645913489,127.0089472544
약수역,101000271,02692,37.5537889625,127.0098978294
남산밀레니엄힐튼호텔,101000270,02693,37.5554665731,126.9759752961
서울역,101000269,02694,37.5580158041,126.9720456834
숭례문라마다&스위트호텔,101000268,02695,37.5606109591,126.9720684843
시청역더플라자호텔,101000279,02699,37.564836,126.978066
시청.서울신문사,101000286,02706,37.568299316,126.9773647244
프레이저플레이스남대문,101000288,02707,37.5613760047,126.9762665716
프레이저플레이스남대문,101000287,02708,37.5610667807,126.9755365701
동대문역사문화공원,101000289,02709,37.5653851887,127.009245066
광희동더스프라지르서울동대문,101000297,02710,37.5647333277,127.0075552593
동대문디자인플라자DDP,101000296,02711,37.5678529085,127.009213839
베이튼호텔,101000299,02712,37.5649993215,127.0026364414
광화문,101000316,02901,37.5689435666,126.9768853297
덕수궁,101000317,02902,37.566106,126.976925
남대문시장,101000318,02903,37.5609231539,126.9753967375
명동,101000319,02904,37.5607583289,126.9856194882
남산골한옥마을,101000320,02905,37.5609950561,126.9924383581
앰버서더호텔,101000321,02906,37.5604635042,127.0026253879
신라호텔,101000322,02907,37.5583034007,127.0054272005
동대문디자인플라자.동대문시장,101000324,02908,37.5668754028,127.0085549376
서울역,102000322,02919,37.553928,126.972535
동대문디자인프라자,101000308,02920,37.5677625606,127.0091304267
방산.중부시장,101000309,02921,37.5668568761,126.9994422877
을지로3가,101000310,02922,37.5665349097,126.9923255915
을지로입구,101000311,02923,37.5661309607,126.981001305
명동입구,101000312,02925,37.5641526235,126.9823015539
신당동중앙시장,101000314,02926,37.5657553187,127.0194166277
남산오르미,101000315,02927,37.5581940477,126.9831348601
한강대교북단.LG유플러스,102000001,03001,37.5240499441,126.9631209528
한강대교북단.LG유플러스,102000002,03002,37.5243060629,126.9631848403
신용산역,102000003,03003,37.527293,126.966207
신용산역,102000004,03004,37.527920489,126.9666192358
용산우체국,102000005,03005,37.5314970129,126.9702350163
용산우체국,102000006,03006,37.5320503694,126.9705640624
삼각지역.전쟁기념관,102000007,03007,37.5351801399,126.9736858311
삼각지역.전쟁기념관,102000008,03008,37.5359845015,126.9741608708
숙대입구역,102000009,03009,37.543295633,126.9725377982
숙대입구역,102000010,03010,37.5437560216,126.9722320769
갈월동,102000011,03011,37.5509755993,126.9722373211
갈월동,102000012,03012,37.5495337218,126.9717081909
남영역.민주화운동기념관,102000018,03110,37.542006922,126.9719271804
남영역.민주화운동기념관,102000019,03111,37.541823,126.972069
신용산역3번출구,102000026,03119,37.5288895698,126.9673497525
서울드래곤시티,102000317,03120,37.5321566887,126.9630603924
용산역3번출구.용산차고지,102000318,03121,37.5318079061,126.9642145682
한강대교북단,102000029,03122,37.5249689864,126.963570714
서계동.서울역공항철도15번출구,102000030,03124,37.5524743044,126.9693404702
서계동,102000031,03125,37.5516704971,126.969221961
청파동,102000032,03126,37.5489916168,126.9701219815
청파시장,102000033,03127,37.548679027,126.9698626298
숙대입구역.청파동주민센터,102000034,03128,37.5453812474,126.9707772395
숙대입구역.청파동주민센터,102000035,03129,37.5454861572,126.9704188578
남영역.민주화운동기념관,102000036,03130,37.540813,126.971032
남영역.민주화운동기념관,102000037,03131,37.5405702704,126.9706761392
용산전자상가17동,102000038,03132,37.5337792589,126.9660271002
용산전자상가19동,102000039,03133,37.5335134935,126.9657072039
용산전자상가10동,102000040,03134,37.5332725045,126.9619640523
용산전자상가12동,102000041,03135,37.5330574076,126.9621689745
용산전자상가.전자랜드,102000042,03136,37.5327790559,126.9583252146
용산전자상가.전자랜드,102000043,03137,37.5330561177,126.9583363743
원효대교북단,102000044,03138,37.5319853728,126.956110982
용산경찰서,102000045,03139,37.5405032098,126.9691858135
용산경찰서,102000046,03140,37.5399994643,126.9690615428
용산꿈나무종합타운.원효로우체국,102000047,03141,37.5386139009,126.9669290534
용산e편한세상,102000048,03142,37.5374620591,126.9654677888
남정초등학교,102000049,03143,37.5363187485,126.9636632444
원효로2가,102000050,03144,37.536237441,126.9629911361
원효로2가사거리,102000051,03145,37.5349338369,126.9610704217
원효로3가,102000052,03146,37.5340407624,126.9581798302
원효로3가,102000053,03147,37.5337957151,126.9583248022
용암초등학교입구.이태원주공아파트,102000054,03148,37.5441159432,126.9886645749
이태원동남산대림아파트.용산동아파트,102000055,03149,37.5398743674,126.9874799728
용산한신아파트,102000056,03150,37.5398054732,126.9871086322
해방촌,102000057,03151,37.537817739,126.986609087
국군재정관리단,102000058,03152,37.5373177108,126.9868496115
용산구청,102000059,03153,37.530303,126.991163
용산구청,102000060,03154,37.5294095764,126.9911698907
한강중학교,102000061,03155,37.5254587536,126.9921715396
한강중학교,102000062,03156,37.5245025908,126.9924287738
서빙고역1번출구,102000063,03157,37.5200464191,126.9899502397
장충단로입구,102000064,03158,37.545795,127.002202
남산맨션아파트.남산예술원,102000065,03159,37.544437,127.00204
서울시기술교육원중부.블루스퀘어,102000066,03160,37.5416918639,127.0033851827
서울시기술교육원중부.블루스퀘어,102000067,03161,37.5411791533,127.0031508133
순천향대학병원,102000068,03162,37.5364422432,127.0057302453
순천향대학병원,102000069,03163,37.5356114027,127.0062993526
순천향대학병원,102000070,03164,37.5357934643,127.0054993584
순천향대학병원.한남오거리,102000071,03165,37.5354906847,127.0057290409
한남오거리,102000072,03166,37.5328478217,127.0083126426
남산도서관.용산도서관,102000073,03167,37.552282,126.980835
남산도서관.용산도서관,102000074,03168,37.5520442521,126.9811340112
후암약수터,102000075,03169,37.54869,126.98432
후암약수터,102000076,03170,37.548395263,126.9841668777
용산2가동주민센터.보성여중고,102000077,03171,37.5463968458,126.9858399758
용산2가동주민센터.보성여중고,102000078,03172,37.5462454364,126.9857643613
남산야외식물원입구,102000079,03173,37.5427038827,126.9927901963
남산야외식물원입구,102000080,03174,37.5425047481,126.992916961
하얏트호텔,102000081,03175,37.5417535527,126.9961358368
하얏트호텔,102000082,03176,37.540866103,126.9974258076
용마루고개(서울자동차고등학교),102000083,03177,37.5406368923,126.9584647114
용마루고개.효창파크푸르지오아파트,102000084,03178,37.5402999129,126.9585520334
효창공원앞역.이봉창역사울림관,102000085,03179,37.5392719714,126.9618971064
효창공원앞역.이봉창역사울림관,102000086,03180,37.5388284845,126.9626978558
용산꿈나무종합타운.보건분소,102000087,03181,37.5384268178,126.9649997667
용산꿈나무종합타운.보건분소,102000088,03182,37.538295,126.964648
원효로제1동주민센터,102000089,03183,37.5376607152,126.9669923459
전쟁기념관,102000090,03184,37.5347586674,126.9768577525
전쟁기념관,102000091,03185,37.534651168,126.9753831458
녹사평역,102000092,03186,37.5351069553,126.9851183494
녹사평역,102000093,03187,37.5347582183,126.9853046955
용산구청.이태원시장,102000094,03188,37.5343830489,126.9904706555
용산구청.이태원시장,102000095,03189,37.5341127106,126.9900096398
이태원역1번출구.해밀턴호텔,102000096,03190,37.534552,126.993043
이태원역4번출구.해밀턴호텔,102000097,03191,37.5343539681,126.9934293088
이태원119안전센터,102000098,03192,37.53479,126.996387
이태원119안전센터,102000099,03193,37.534582,126.996812
한남동주민센터,102000100,03194,37.5370458894,127.0004667254
한남동주민센터,102000101,03195,37.5367073033,127.0006042579
한강진역.블루스퀘어,102000102,03196,37.540805,127.001695
한강진역.블루스퀘어,102000103,03197,37.5409291837,127.0020254103
서울역11번출구,102000104,03198,37.5536168846,126.9738943742
후암삼거리,102000105,03199,37.5525408404,126.9765772255
후암시장,102000106,03200,37.5506891863,126.9770644706
후암시장,102000107,03201,37.5497467332,126.9775446282
용산중고,102000108,03202,37.5466597949,126.9781855672
용산중고,102000109,03203,37.547205,126.978225
후암동종점.용산중학교,102000110,03204,37.5466989277,126.9809588102
용산고등학교,102000111,03205,37.54574,126.977563
서울시교육청.남영동주민센터,102000112,03206,37.545772,126.976572
서울시교육청.남영동주민센터,102000113,03207,37.545505,126.975732
남영우체국,102000114,03208,37.5451241168,126.973235384
갈월동사회복지관.남영우체국,102000115,03209,37.545409,126.973962
한남시범아파트,102000116,03210,37.5379429734,127.0122607528
한남시범아파트,102000117,03211,37.5377041394,127.0126714787
한남동,102000118,03212,37.5339127002,127.0084445845
한남동,102000119,03213,37.5337549896,127.0087002913
이촌동동부센트레빌,102000120,03214,37.5215595386,126.9660096214
이촌동두산위브트레지움.한강대우아파트,102000121,03215,37.5215734809,126.9675282802
이촌1동충신교회앞,102000122,03216,37.5212831472,126.968480845
이촌동한가람아파트.이촌역,102000123,03217,37.520656299,126.9718842721
이촌동한강맨션.이촌역,102000124,03218,37.5201804898,126.972709783
신용산초등학교,102000125,03219,37.5198497731,126.9745085046
신용산초등학교.중경고등학교,102000126,03220,37.5190775256,126.9762479627
중경고등학교.이촌동강촌아파트,102000127,03221,37.5189178471,126.9775234206
이촌동점보아파트,102000128,03222,37.5183827987,126.9784408808
이촌동현대아파트,102000129,03223,37.5185336834,126.9787120007
금강병원.반도아파트,102000130,03224,37.517704332,126.9811234284
서빙고신동아아파트,102000131,03225,37.517936953,126.9851053606
서빙고신동아아파트,102000132,03226,37.517749,126.985203
만리동고개,102000133,03227,37.551670014,126.9628215994
손기정체육공원,102000134,03228,37.5542153265,126.9664230215
숙대입구역,102000135,03229,37.544479,126.970799
남영역.민주화운동기념관,102000136,03230,37.5422202391,126.9709244565
숙명여대도서관앞,102000137,03231,37.5448468654,126.9672216718
숙명여대도서관앞,102000138,03232,37.5448412411,126.9664464653
숙명여대정문,102000139,03233,37.5449594985,126.9641094647
숙명여대정문,102000140,03234,37.5451307674,126.9643096929
숙명여대후문.이봉창활동터,102000141,03235,37.5460839723,126.9632996424
효창공원후문,102000142,03236,37.5467910299,126.9625778991
한겨레신문사입구,102000143,03237,37.5458806239,126.9591928852
대한노인회중앙회,102000144,03238,37.5437890449,126.9576684412
효창운동장.효창동주민센터,102000145,03239,37.5422095196,126.9617671315
효창동주민센터.금양초등학교,102000146,03240,37.5416239572,126.9622336676
금양초등학교,102000147,03241,37.5412992546,126.9620007403
효창공원역,102000148,03242,37.5387860159,126.9610378658
도원삼성래미안아파트,102000149,03243,37.539776803,126.9574338661
도원삼성래미안아파트,102000150,03244,37.5396254142,126.9572103137
중앙하이츠빌라앞,102000151,03245,37.5380144603,126.9600336494
중앙하이츠빌라앞,102000152,03246,37.5379738635,126.9598809227
용문시장,102000153,03247,37.5363479221,126.9609679808
용문시장,102000154,03248,37.5359792047,126.9613595571
용산전자상가입구,102000155,03249,37.5345701678,126.9622225151
용산전자상가입구,102000156,03250,37.5346611171,126.9619447091
신용산지하차도,102000157,03251,37.5328348806,126.963668181
신용산지하차도,102000158,03252,37.53259,126.963882
신용산역5번출구,102000159,03253,37.5300338589,126.9676784797
용산역,102000161,03255,37.5288666127,126.9658224646
용산푸르지오써밋,102000162,03256,37.5275756153,126.96475962
용산푸르지오써밋,102000163,03257,37.527230928,126.964578773
용산역광장앞,102000164,03258,37.528333,126.965617
용산역사박물관.용산철도고등학교,102000165,03259,37.5255972846,126.9660149714
용산역사박물관.용산철도고등학교,102000166,03260,37.5253057707,126.9671194025
용산세무서,102000167,03261,37.5237318415,126.9692440232
용산세무서,102000168,03262,37.5236213922,126.970154424
이촌역,102000169,03263,37.5226689183,126.9739086458
이촌역,102000170,03264,37.5223634662,126.9740268751
국립중앙박물관.용산가족공원,102000171,03265,37.5208980106,126.9786512102
국립중앙박물관.용산가족공원,102000172,03266,37.5208754875,126.9799562027
서빙고역교차로,102000173,03267,37.520427,126.9899
서빙고초등학교,102000174,03268,37.5211711184,126.9908893645
한강중학교,102000175,03269,37.5251140639,126.9913627138
서빙고동금호베스트빌,102000176,03270,37.5226362582,126.9907181939
서빙고동,102000178,03272,37.519851,126.992986
서빙고동주민센터,102000179,03273,37.5203840049,126.9948813029
동빙고동,102000180,03274,37.5208183604,126.996690677
동빙고동,102000181,03275,37.5212625565,126.9970390394
보광신동아아파트.삼성리버빌아파트,102000182,03276,37.5247380028,127.0020297105
보광동신동아아파트,102000183,03277,37.5256237907,127.0015149467
보광동주민센터,102000184,03278,37.5264591178,127.0005046107
보광동,102000185,03279,37.528342,126.999026
보광동,102000186,03280,37.528182014,126.998896846
한국폴리텍1대학,102000187,03281,37.5301959868,126.9967926172
한국폴리텍1대학,102000188,03282,37.5305293513,126.9965748167
이태원역.보광동입구,102000189,03283,37.5334,126.994213
이태원역.보광동입구,102000190,03284,37.5338224192,126.9942269972
한남역.용산노인종합복지관,102000191,03285,37.5312239311,127.006795706
한남역.용산노인종합복지관,102000192,03286,37.5306687947,127.007769858
이촌119안전센터.성촌공원,102000193,03287,37.5300799765,126.9529474778
이촌로입구.성촌공원앞,102000194,03288,37.5301710306,126.9546065451
이촌로입구.성촌공원앞,102000195,03289,37.529747416,126.954351091
이촌2동주민센터,102000196,03290,37.5277364382,126.9550639882
이촌2동주민센터,102000197,03291,37.5277028919,126.9548605606
이촌2동대림아파트.새남터성지,102000198,03292,37.5261753068,126.9563230524
이촌2동대림아파트.새남터성지,102000199,03293,37.5260292706,126.9561658719
서부이촌동입구,102000200,03294,37.5238640509,126.959495368
이촌2동강변아파트,102000201,03295,37.5234462055,126.9597809746
원효2동산호아파트후문,102000202,03296,37.5322600069,126.9500126665
청암동강변삼성아파트,102000203,03297,37.5346144292,126.9482434807
청암동강변삼성아파트,102000204,03298,37.534015,126.949323
원효2동산호아파트,102000205,03299,37.5330177683,126.9505415559
원효2동산호아파트,102000206,03300,37.5331088986,126.9508277689
원효로풍전아파트,102000207,03301,37.5321286462,126.9535225314
원효로풍전아파트,102000208,03302,37.5323687724,126.9545135613
원효풍전아파트,102000209,03303,37.532742142,126.9559182022
원효2동주민센터,102000210,03304,37.5344941039,126.9513961673
산천동리버힐삼성아파트,102000211,03305,37.5345003443,126.9511923413
산천동.성심여중고후문,102000212,03306,37.5353203855,126.9536425118
산천동.성심여중고후문,102000213,03307,37.5354081306,126.9533822284
신창동세방아파트,102000214,03308,37.5357083247,126.954957565
신창동세방아파트,102000215,03309,37.5358300537,126.9549471079
남이장군사당,102000216,03310,37.536622,126.95777
남이장군사당,102000217,03311,37.5367544611,126.9575932164
용문시장.용문동새마을금고,102000218,03312,37.5370716239,126.9595337638
용문시장.용문동새마을금고,102000219,03313,37.5371492138,126.9591968331
순천향병원입구,102000225,03319,37.5326305473,127.0067505734
남산서울타워,102000226,03320,37.5510144684,126.9911947846
청심경로당,102000227,03321,37.5338879189,126.9506907463
삼성테마트,102000228,03322,37.5337466904,126.9503849242
서빙고동금호베스트빌,102000229,03323,37.5226137862,126.9909910111
한남동하이페리온,102000230,03324,37.5278439771,127.0055474264
서빙고역1번출구,102000231,03325,37.5200345091,126.9894855098
문배동이안아파트앞,102000232,03326,37.5388699959,126.971060418
갈월동.숙대입구역10번출구,102000233,03327,37.5463858567,126.9716591639
삼각지역11번출구.전쟁기념관,102000234,03328,37.536204,126.974548
숙대입구,102000236,03330,37.5445305498,126.9705229419
원효대교북단,102000237,03331,37.5321383559,126.9556102561
문배동이안아파트앞,102000238,03332,37.5383644982,126.9707994501
순천향병원입구,102000240,03334,37.532694511,127.0069961164
숙명여대입구,102000241,03335,37.5448844577,126.9696434774
서빙고초등학교,102000243,03336,37.5208412941,126.9906099662
한강대교스카이스위트,102000245,03338,37.5213307725,126.9608161519
한강대교전망카페,102000246,03339,37.5212359951,126.9613434997
노들섬,102000247,03340,37.5175161768,126.9586051825
노들섬,102000248,03341,37.5173638437,126.959037665
용암초등학교.이태원2동주민센터,102000249,03342,37.544673,126.990733
용암초등학교.이태원2동주민센터,102000250,03343,37.5448496669,126.9909320571
효창공원삼거리.윤봉길의사등묘역,102000266,03344,37.5446070869,126.9638368968
서울역공항철도15번출구,102000286,03345,37.5530779085,126.9688467509
용산꿈나무종합타운,102000297,03346,37.538486933,126.9672402984
남산도서관.용산도서관,102000316,03347,37.552343667,126.9818461928
하얏트호텔,102900010,03500,37.5406603781,126.9969932623
한신아파트,102900065,03501,37.5389827262,126.9866957386
순천향병원,102900009,03502,37.5332487951,127.0048157354
용암경로당입구,102900066,03503,37.540596615,126.9869183825
한남오거리,102900083,03504,37.5330901125,127.0066566991
가야랑앞,102900079,03505,37.5401952774,126.9936040739
용암한신아파트,102900008,03506,37.5420771725,126.987435288
효창공원후문,102900070,03508,37.5470688427,126.9608920893
디지텍고등학교앞,102900007,03509,37.5398031767,126.9916260429
우리들가정의원,102900006,03510,37.5432315144,126.9877949646
도원삼성래미안아파트101동앞,102900097,03511,37.5390685906,126.9562320809
성도약국,102900080,03512,37.5394506828,126.9895541036
남산교회입구,102900005,03513,37.5446713415,126.9866471968
신애교회,102900003,03515,37.5455190385,126.9584869002
시장,102900002,03516,37.5389225472,126.9885515774
해방촌오거리,102900001,03517,37.54572995,126.9851474983
보광동주민센터,102900085,03518,37.5261473387,127.0000973012
대한노인회중앙회,102900035,03519,37.5440368054,126.9576286965
도원삼성래미안아파트101동앞,102900096,03520,37.5390222559,126.9562965631
신흥교회앞,102900034,03521,37.5447457188,126.9833867831
군인아파트,102900033,03522,37.526004062,126.9963176555
원효사.백범김구기념관,102900032,03523,37.5431401733,126.9585663043
녹사평역,102900064,03524,37.5350110363,126.9858713342
큰빛의집앞,102900031,03525,37.5445481753,126.9819982464
몬드리안서울이태원,102900075,03526,37.528596,126.992589
도원삼성래미안아파트,102900098,03527,37.5396879497,126.9576859474
후암동종점,102900063,03529,37.5467007949,126.9813662289
용산구청,102900076,03530,37.530573,126.991477
용산고등학교,102900030,03532,37.5461364014,126.9795092308
외빈차고,102900077,03533,37.531832,126.992242
효창공원앞역.이봉창역사울림관,102900029,03534,37.5396710223,126.9614323385
청화아파트,102900078,03537,37.531157,126.995387
용산경찰서,102900027,03540,37.5410233025,126.969805735
숙대역7번출구,102900026,03541,37.5434757805,126.9722967638
보광동삼거리,102900025,03542,37.530752,126.996811
중앙하이츠빌라,102900072,03543,37.5385683269,126.9594786383
원효우체국,102900024,03544,37.538967266,126.967353845
보광초등학교,102900023,03545,37.531373,126.99673
용문동시장.새마을금고,102900022,03546,37.5373482951,126.9596343248
용문동주민센터,102900073,03550,37.5381473907,126.9591190202
문배어린이공원,102900020,03551,37.5369383946,126.9697251251
문배어린이공원,102900019,03552,37.5371431249,126.9695900372
신용산역,102900015,03561,37.5299166547,126.9674544999
용산우체국,102900012,03564,37.531376286,126.9703153999
숙대역5번출구,102900011,03565,37.54403813,126.9725114972
삼각지역,102900058,03567,37.5345065492,126.9732731006
갈월동,102900068,03568,37.5463241118,126.9720930552
보광초등학교후문앞,102900057,03569,37.533162,126.995635
동자경로당,102900056,03571,37.5502867059,126.9741955461
이태원역앞,102900055,03572,37.534339,126.9957
녹사평역.용산구청,102900054,03573,37.5351395786,126.9871837649
후암시장,102900053,03574,37.5500664789,126.9768043541
후암동주민센터앞,102900051,03577,37.5483644838,126.9777057507
제일기획,102900084,03578,37.53495,126.998418
대성교회,102900081,03579,37.5386999666,126.9884520307
용산고등학교,102900050,03580,37.5459083263,126.9789524928
성도약국,102900049,03581,37.5392776612,126.9894307824
후암동종점,102900048,03582,37.5465016517,126.9813594882
디지텍고등학교앞,102900047,03583,37.5397139842,126.9918569023
큰빛의집앞,102900046,03584,37.5444832826,126.9819077271
가야랑앞,102900082,03585,37.5400889559,126.9937523252
신흥교회앞,102900045,03586,37.5446231699,126.983387942
해방촌오거리,102900044,03588,37.5457029481,126.9853964787
남산교회입구,102900043,03589,37.5445505919,126.9866223212
우리들가정의원,102900042,03590,37.5432423134,126.9876591627
용암한신아파트,102900041,03591,37.5423880484,126.9874137344
용암경로당입구,102900040,03592,37.5410985304,126.9869601654
한신아파트,102900039,03593,37.5389881171,126.986557682
갑을빌딩,102900089,03594,37.5490958683,126.9720388292
리버힐삼성아파트후문,102900091,03595,37.5349462412,126.9487207623
만리시장입구,102900038,03596,37.5515678017,126.9630412782
배문중고등학교,102900037,03597,37.5503749309,126.9636168092
청파초등학교,102900036,03598,37.5485834792,126.9633754859
동부이촌동,102000263,03648,37.520139253,126.9726729953
강촌APT,102000262,03649,37.5191000398,126.9761942244
남산그랜드하얏트호텔,102000272,03680,37.5398259716,126.9973678608
청파초등학교,102900062,03688,37.5484699816,126.9635056923
배문중고교,102900061,03699,37.550381273,126.963728852
만리시장입구,102900060,03700,37.5517759871,126.9631453007
청암자이아파트,102900090,03709,37.5348672272,126.9485683053
신동아APT,102000273,03710,37.517749,126.985188
신동아APT,102000257,03728,37.5179220911,126.9853034727
강촌APT,102000256,03729,37.5189057287,126.9773129069
동부이촌동,102000255,03730,37.5206779095,126.9718175157
이촌동두산위브트레지움,102000274,03732,37.521493673,126.9659919434
이촌동두산위브트레지움,102000275,03733,37.5215283595,126.9675735406
이촌현대아파트.금강병원,102000276,03734,37.5177187363,126.9810408412
이촌현대아파트.금강병원,102000277,03735,37.5185081173,126.978748041
한남역,102000278,03736,37.5312068138,127.0067323413
도원삼성래미안아파트단지내,102900092,03737,37.5381983039,126.9553881353
한남동주민센터,102900086,03742,37.534102,127.000603
용산CJ나인파크,102900088,03743,37.5358706647,126.9695530125
용산e편한세상,102900087,03744,37.5344621995,126.9672212005
이집트대사관.한남더힐아파트,102000282,03748,37.535256866,127.011274684
이집트대사관.한남더힐아파트,102000281,03749,37.5362408844,127.0114310392
한남역,102000283,03750,37.5305849943,127.0077438254
한남동,102000285,03751,37.5337569266,127.008573227
한남동,102000284,03752,37.533963153,127.0085656637
필리핀대사관,102900095,03753,37.5406999627,126.995093255
필리핀대사관,102900094,03754,37.5405702075,126.9951600296
전쟁기념관,102000310,03900,37.5384014653,126.9734851953
용산역,102000311,03901,37.527598,126.964794
국립중앙박물관,102000312,03902,37.5208476177,126.9785496415
남산서울타워,101000323,03904,37.5511419911,126.9909861872
하얏트호텔,102000314,03905,37.5408918783,126.9972013482
답십리역사거리,103000001,04001,37.5654496127,127.0543961703
청년회의소.서울새활용플라자,103000002,04002,37.5620353607,127.0604823356
장한평역,103000003,04003,37.5611899215,127.0660926512
상왕십리역,103000004,04101,37.5643358035,127.0290748599
상왕십리역,103000005,04102,37.5646936321,127.0286812869
왕십리센트라스아파트,103000006,04103,37.5652129966,127.0248051787
왕십리교회,103000007,04104,37.566630044,127.0236794054
뉴타운아파트,103000509,04105,37.5648723959,127.0269697789
청계벽산아파트.텐즈힐아파트,103000008,04106,37.5688584755,127.0303755149
청계벽산아파트.텐즈힐아파트,103000009,04107,37.5679598186,127.0300384029
왕십리도선동주민센터,103000010,04108,37.5676164369,127.0246446774
왕십리2동주민센터,103000011,04109,37.56244961,127.0332625935
코스모타워.서울신용보증재단성동지점,103000012,04110,37.5629822568,127.032902865
성동구청,103000014,04112,37.5631265853,127.0359164214
상왕십리역,103000015,04113,37.56493,127.030223
상왕십리역.센트라스아파트,103000016,04114,37.5658601065,127.0299768448
신금호역4번출구,103000515,04115,37.5541428107,127.0205310813
마장동주민센터,103000017,04116,37.5673234964,127.04457376
마장역,103000018,04117,37.5655987334,127.0422829487
성동노인복지관,103000019,04118,37.5649375925,127.0415861333
마장축산물시장,103000020,04119,37.5709505267,127.0380207293
마장축산물시장,103000021,04120,37.5702590064,127.0375113528
도선사거리,103000022,04121,37.5670208209,127.0369539875
도선사거리,103000023,04122,37.5666487791,127.0364845717
마장동금호아파트,103000024,04123,37.5630713327,127.041859032
마장동금호아파트,103000025,04124,37.5621577226,127.0415811922
한양대부속고등학교,103000026,04125,37.5609241011,127.0414131621
한양대부속고등학교,103000027,04126,37.5603881249,127.0411546041
한양대앞.한양시장,103000028,04127,37.5585823987,127.0409668475
한양대앞,103000029,04128,37.5585254607,127.0406535419
한양대정문,103000030,04129,37.5563883665,127.0431286432
한양대정문앞,103000031,04130,37.5569939038,127.0431384444
무학여고앞,103000032,04131,37.5578540014,127.0342332122
무학여고,103000033,04132,37.5578953118,127.0338672615
왕십리역,103000034,04133,37.5599473134,127.0361920228
왕십리역,103000035,04134,37.5603365628,127.0362669183
왕십리역10번출구,103000036,04135,37.5607235444,127.0346872504
행당1동주민센터,103000037,04136,37.5582671772,127.0384039964
서울숲삼부아파트,103000038,04137,37.5587230766,127.0379492742
응봉동주민센터,103000039,04138,37.5533989566,127.0335007802
응봉동주민센터,103000040,04139,37.5537612141,127.0334386918
응봉사거리,103000041,04140,37.5552918803,127.0344580408
응봉동현대아파트,103000042,04141,37.5497324573,127.0305745164
응봉동현대아파트,103000043,04142,37.550222,127.0309
대현산배수지공원입구,103000044,04143,37.5564740008,127.0200356974
신금호역,103000046,04145,37.5556051708,127.020117586
신금호역,103000047,04146,37.5556768698,127.0199214015
금호고등학교,103000048,04147,37.5534780746,127.0219550538
금호고등학교.금호자이1차아파트입구,103000049,04148,37.5531077251,127.0229328751
금호동벽산아파트,103000050,04149,37.5511643996,127.0256791281
래미안하이리버아파트,103000051,04150,37.5514582119,127.0254234439
금호사거리,103000052,04151,37.5488791385,127.02606314
금호사거리,103000053,04152,37.5494639682,127.0259773298
금남시장앞.백범학원터,103000054,04153,37.5480852238,127.0218686315
금남시장앞.백범학원터,103000055,04154,37.5482887551,127.022487755
금호역,103000056,04155,37.5477283731,127.0162669926
금호역,103000057,04156,37.5485477051,127.0154795051
금옥초등학교앞,103000058,04157,37.5469673139,127.0198923146
금옥초등학교앞,103000059,04158,37.5462572048,127.0182356475
힐스테이트서울숲리버아파트,103000060,04159,37.5478877101,127.0270575925
삼성래미안아파트앞,103000061,04160,37.5483498668,127.0275127211
옥수삼성아파트.래미안옥수리버젠,103000062,04161,37.5436204852,127.0148475565
옥수삼성아파트.래미안옥수리버젠,103000063,04162,37.5438034317,127.0146552078
미타사입구,103000064,04163,37.5448556208,127.0168373163
래미안옥수리버젠.옥수중앙교회,103000065,04164,37.5459155767,127.0148446166
래미안옥수리버젠.옥수중앙교회,103000066,04165,37.545782,127.014698
옥수파크힐스아파트앞,103000506,04166,37.5471160945,127.0130389488
옥수파크힐스아파트앞,103000507,04167,37.5470204344,127.0130159995
옥수동회차지,103000069,04168,37.549361,127.012436
옥정중학교입구,103000070,04169,37.5409040726,127.011302745
옥정중학교입구,103000071,04170,37.5408770683,127.0109994635
성수1가1동새마을금고,103000072,04171,37.5382204647,127.0495477418
성수1가새마을금고,103000073,04172,37.5383306996,127.0495105089
천주교성수동성당앞,103000074,04173,37.5393704675,127.0461393549
천주교성수동성당앞,103000075,04174,37.539305526,127.0460740289
뚝도아리수정수센터.수도박물관,103000076,04175,37.5409772406,127.044202626
뚝도아리수정수센터.수도박물관,103000077,04176,37.541407,127.04399
서울숲역2번출구,103000078,04177,37.542958,127.044692
서울숲역3번출구,103000079,04178,37.5430629438,127.0444980594
성동구민종합체육센터,103000080,04179,37.5460719745,127.0448960891
성동구민종합체육센터,103000081,04180,37.5464979897,127.0445340491
성원중학교후문,103000082,04181,37.5399724321,127.0503149591
성원중학교후문,103000083,04182,37.5400388326,127.050759594
경일초등학교입구,103000084,04183,37.5410800235,127.0463723692
경일초등학교입구,103000085,04184,37.5413797453,127.0460161257
성동교남단.서울숲리버포레,103000086,04185,37.5495163646,127.0444566298
성동교남단.서울숲리버포레,103000087,04186,37.5505075164,127.0439627696
상원,103000088,04187,37.5514371326,127.0460506002
상원,103000089,04188,37.551747737,127.0466618972
영동대교북단,103000090,04189,37.5369424226,127.0607392694
경수중학교,103000091,04190,37.5397602612,127.0624288917
성수119안전센터,103000092,04191,37.5373416869,127.060132085
성수119안전센터,103000093,04192,37.537532,127.059997
경수중학교,103000094,04193,37.5381650347,127.0570118184
경수중학교,103000095,04194,37.5382865442,127.0572982039
뚝도시장,103000096,04195,37.5385866142,127.0553996133
뚝도시장,103000097,04196,37.5388507297,127.0552587843
성원중.성수2가제1동주민센터,103000098,04197,37.5390939396,127.0534264696
성원중.성수2가제1동주민센터,103000099,04198,37.539511,127.052845
서울숲지구대앞,103000100,04199,37.537867716,127.0523417008
서울숲지구대앞,103000101,04200,37.5380509168,127.0522588868
뚝도시장구길,103000102,04201,37.537192,127.05527
뚝도시장구길,103000103,04202,37.5375520694,127.0549267531
성수동진주타운,103000104,04203,37.536617437,127.0574889191
성수동진주타운,103000105,04204,37.536759089,127.0574923078
성덕정길입구,103000106,04205,37.536356,127.059982
성덕정길입구,103000107,04206,37.5364382069,127.06006565
화양사거리,103000108,04207,37.5472776746,127.0666629344
성수사거리.성수초등학교,103000109,04208,37.5428218897,127.0641612973
서울효사랑병원,103000110,04209,37.5412636389,127.0632745484
성수2가3동주민센터,103000111,04210,37.5496243675,127.0553883888
제인병원,103000112,04211,37.5493511273,127.0568366874
성동세무서앞,103000113,04212,37.5479946812,127.0621853946
성동세무서,103000114,04213,37.548239128,127.064337342
송정동서울숲아이파크,103000115,04214,37.551825481,127.0692473283
송정동건영아파트,103000116,04215,37.555205,127.07115
군자교남단,103000117,04216,37.5575371596,127.0724414557
신답역,103000118,04217,37.570211077,127.0475025717
용답동로데오거리.답십리역,103000119,04218,37.5657033305,127.0539458148
서울교통공사.서울새활용플라자,103000120,04221,37.5620495039,127.0569134234
뚝섬서울숲,103000121,04222,37.544618041,127.036601198
뚝섬서울숲,103000122,04223,37.5456718598,127.0363946274
사근동하이츠아파트앞,103000125,04226,37.5611984155,127.0486060331
사근동하이츠아파트앞,103000126,04227,37.561306176,127.0486881757
사근동주민센터,103000127,04228,37.5608144197,127.0456489178
사근동주민센터,103000128,04229,37.5609315252,127.0457112392
사근고개,103000129,04230,37.5611617078,127.0445908781
사근고개,103000130,04231,37.5612555615,127.0445101518
한양지구대,103000131,04232,37.5602143513,127.0420211147
한양지구대,103000132,04233,37.5602445802,127.0419242341
사근동벽산아파트,103000133,04234,37.5601892041,127.0499269056
뚝섬역8번출구,103000134,04236,37.5476928251,127.0455095172
뚝섬역5번출구,103000136,04238,37.5464803389,127.0492754339
뚝섬역4번출구,103000137,04239,37.5468001934,127.0492756444
성수역1번출구,103000138,04240,37.5454196769,127.0538293527
SK테크노빌딩앞,103000139,04241,37.545888,127.050228
SK테크노빌딩앞,103000140,04242,37.545769848,127.0500259308
경동초등학교입구,103000141,04243,37.5437724292,127.0494809367
경동초등학교입구,103000142,04244,37.5433912967,127.049212934
경일초등학교앞,103000143,04245,37.5407684319,127.0482363415
경일초등학교앞,103000144,04246,37.540919377,127.0481685479
한양여대앞,103000145,04247,37.55951,127.0503
도선고등학교.꽃재교회,103000150,04252,37.5670932118,127.0277827978
성수역4번출구,103900215,04253,37.544788,127.054582
리버하우스,103000152,04254,37.5509002648,127.0510060889
리버하우스,103000153,04255,37.5512302013,127.0506905447
성수사거리,103900213,04256,37.542562,127.062352
성수사거리,103900214,04257,37.5427980761,127.0623621248
성동제일새마을금고,103000156,04258,37.560811596,127.0471032979
성동제일새마을금고,103000157,04259,37.560884127,127.0473012813
청계9가.텐즈힐2단지정문앞,103000159,04261,37.570749453,127.0255654313
뚝섬서울숲,103000162,04264,37.5434527836,127.0375618762
서울숲1번출입구,103000163,04265,37.5422230617,127.0426958799
서울숲1번출입구,103000164,04266,37.5419781098,127.042974358
용답휴식공원,103000165,04267,37.5693121111,127.0480538231
용답휴식공원,103000166,04268,37.5695541839,127.0479373245
성수2가3동주민센터,103000167,04269,37.5504251323,127.0542376417
극동그린아파트앞,103000168,04270,37.5420008413,127.0113916813
마장역,103000169,04271,37.5663469729,127.0430338383
행당신동아.행당푸르지오아파트,103000170,04272,37.5561408382,127.0340192689
숭신초등학교,103000171,04273,37.5671676226,127.028195858
극동아파트,103000172,04275,37.5580974527,127.0239338279
풍림아파트,103000173,04276,37.5591427175,127.0239062231
벽산아파트,103000174,04277,37.555602288,127.0256885739
대림아파트,103000175,04278,37.5565738309,127.0249260274
행당역,103000176,04279,37.557000896,127.0290982639
행당역,103000177,04280,37.557079373,127.0287643907
무학중학교,103000178,04281,37.5583911544,127.0330162995
극동그린아파트,103000179,04282,37.5420646255,127.011904958
성수동차고지,103000183,04286,37.535793,127.055682
성수두산위브아파트,103000185,04288,37.5365921538,127.0585185177
왕십리자이.신당현대아파트,103000186,04289,37.560847,127.02363
왕십리자이.신당현대아파트,103000187,04290,37.5611519007,127.024102104
성수두산위브아파트,103000188,04291,37.536507,127.058488
우리은행화양동지점,103000189,04293,37.548116421,127.0661376875
황학교.텐즈힐몰,103000191,04295,37.5700517505,127.0236037286
마장동주민센터,105000455,04298,37.5670632137,127.0446425019
왕십리광장.왕십리역7번출구,103000293,04301,37.5611283256,127.0368888269
왕십리광장.왕십리역4번출구,103000292,04302,37.561364441,127.037133352
한양대후문앞,103000297,04303,37.5556432919,127.0496759962
왕십리도선동주민센터,103000295,04304,37.5678169566,127.0244126998
한양여대앞,103000296,04305,37.5592243864,127.050619338
행당중학교,103000505,04306,37.553781,127.043024
살곶이체육공원앞,103000516,04307,37.5563590432,127.05101917
송정동현대아이파크아파트,103900152,04500,37.5521871167,127.0686200823
극동아파트5동,103900149,04501,37.5431595377,127.0110790155
대우아파트관리실,103900142,04502,37.5462141244,127.0199839497
신금호역,103900022,04504,37.5545931778,127.0204908209
옥수역.한강버스선착장,103900150,04505,37.541382,127.016845
송정동우리동네작은체육관,104900130,04506,37.5508854915,127.0687627665
대우아파트후문,103900143,04507,37.5469390691,127.0216589278
금호1가동주민센터,103900025,04509,37.5551290207,127.02219553
왕십리민자역사,103900116,04510,37.5618426928,127.0378535089
무쇠막,103900024,04511,37.545277754,127.0246947943
송정동공영주차장,103900295,04512,37.5490025833,127.0677474298
대경생활과학고등학교,103900026,04514,37.5559714265,127.017537043
금북초등학교.e편한세상금호105동,103900120,04515,37.5555378179,127.0237361041
무학여고,103900065,04516,37.5574916088,127.0339123541
힐스테이트서울숲리버,103900145,04517,37.5467445912,127.0253856278
성수SKV1센터1동,104900131,04518,37.545816932,127.0655811779
극동아파트상가,103900067,04519,37.5429197459,127.0121008716
금호4가동주민센터.대도빌딩,103900027,04520,37.5480526537,127.0225635106
화단삼거리,103900028,04521,37.5484174167,127.0198766785
금호어린이집,103900068,04522,37.5567335018,127.0186201668
극동.풍림아파트,103900111,04658,37.5590448945,127.0236410045
논골.금호벽산아파트.성동공유센터,103900029,04523,37.5555394907,127.0253044367
행당서울숲푸르지오상가앞,103900117,04524,37.5556173736,127.0338926682
법학학술정보관,103900300,04525,37.5570403271,127.0485750382
성수이비즈센터,103900296,04526,37.5465773977,127.0630583777
한남하이츠아파트,103900069,04527,37.5400543105,127.0115923113
금호사거리,103900070,04528,37.5480015945,127.0252690969
금호산입구,103900031,04529,37.5567220851,127.0195736658
한진아파트후문,103900032,04530,37.5560183016,127.0269971479
신동아아파트후문,103900071,04531,37.554894681,127.032693675
올림픽체육관맞은편,103900301,04532,37.5569341632,127.0492908049
경수중학교입구,103900297,04533,37.5435110445,127.0600882973
제일감리교회,103900146,04535,37.547866119,127.0269036684
신금호역,103900133,04536,37.5543806178,127.019636929
제3법학관,103900302,04537,37.556233909,127.0486367607
행당서울숲푸르지오109동앞,103900034,04538,37.5544534388,127.0317164122
벽산아파트정문,103900035,04539,37.5526575016,127.0252791565
성수역2번출구,103900298,04540,37.5442691048,127.0576390687
옥수종합사회복지관,103900037,04541,37.5408804856,127.0128519457
응봉동현대아파트,103900126,04542,37.5498025299,127.0307682168
행당2동주민센터,103900038,04544,37.5577375973,127.0306537631
응봉경로당앞,103900072,04545,37.5526279318,127.031642249
금호119안전센터,103900040,04546,37.5541870617,127.0247307916
경동초등학교입구,103900299,04547,37.5458938897,127.0511563146
옥수삼성아파트,103900041,04548,37.540635263,127.0139484516
현대공업사앞,103900074,04549,37.549950728,127.0325677907
두산상가후문.106동,103900134,04550,37.5491853986,127.0167386956
중앙병원,103900075,04551,37.5519612784,127.0193175559
무학중학교.무학여고,103900019,04552,37.5582100032,127.0331282771
만물상회앞,103900039,04553,37.552827269,127.0312234362
논골사거리,103900076,04554,37.5553150263,127.0248124231
응봉초등학교.대림아파트,103900078,04556,37.5510678445,127.0334306978
한신아파트,103900043,04557,37.5507538149,127.0192957404
올림픽체육관앞,103900303,04558,37.5570151108,127.0496303854
상봉노인정앞,103900042,04559,37.5528739435,127.030283193
논골신협.대림아파트후문,105000454,04560,37.5577029753,127.0245743869
옥수삼성아파트,103900079,04562,37.5407532621,127.0143207799
응봉역.광희중,103900045,04563,37.5520425408,127.0344339086
우리은행.백범학원터,103900080,04564,37.5480069051,127.0211726304
금호공원,103900082,04566,37.5496769604,127.0195750088
대현산체육관입구,103900122,04567,37.5530799025,127.0298541873
한양대학교경영대학,103900304,04568,37.5570853955,127.0485297971
옥수종합사회복지관,103900084,04570,37.5408867518,127.0132276487
대우아파트입구,103900144,04572,37.5459834381,127.0191632324
원형화단,103900020,04573,37.548592957,127.0194898441
성동구청,103900085,04574,37.5641355512,127.0364064374
금봉어린이집.또또와마트,103900047,04575,37.5529061904,127.0288090654
한양대병원후문,103900305,04576,37.5600051066,127.0419651568
경수중학교입구,103900048,04577,37.5433629833,127.0596206188
옥정중학교,103900049,04578,37.5413329917,127.0113322323
응봉사거리,103900086,04579,37.5548674402,127.0345427336
천은교회.성동청소년상담복지센터,103900051,04582,37.554695676,127.0267906941
극동아파트상가,103900151,04583,37.5429116083,127.0123679427
무학여고,103900088,04584,37.5577185854,127.0342554186
한전입구,103900089,04585,37.5662652006,127.0351185322
논골입구.성동공유센터,103900050,04586,37.5555496417,127.0255715552
극동아파트7동,103900090,04587,37.5436189277,127.0127539602
성동보건소,103900112,04588,37.566494637,127.0331862828
행당역.대림아파트정문,103900123,04589,37.5570496595,127.0286715654
청계벽산아파트,103900052,04590,37.568262437,127.0303705362
논골.e편한세상금호114동,103900124,04591,37.55519162,127.0246041221
코스모타워,103900113,04593,37.5627939863,127.0332903821
화단앞,103900091,04594,37.5486244682,127.019653956
성동사회복지관.청계천박물관,103900092,04595,37.5703034715,127.0334777845
금호119안전센터,103900125,04596,37.5542636796,127.0245723767
왕약국,103900093,04597,37.5483411874,127.0655472648
금호공원,103900094,04599,37.5496507955,127.0197741925
성동구도시관리공단.서울시시설관리공단,103900095,04600,37.5718289131,127.0368611826
e편한세상금호117동,103900131,04602,37.5526576279,127.0246821893
왕십리자이.신당현대아파트,103900053,04603,37.5608470716,127.0236902472
중앙슈퍼,103900096,04615,37.5495156648,127.0665317949
한신아파트,103900054,04648,37.550758302,127.0194077879
금호고등학교,103900056,04651,37.5530983943,127.0235529542
GS25,103900057,04659,37.5503046673,127.0671617628
중앙병원앞,103900097,04667,37.5521279557,127.019471524
도선동사거리,103900098,04668,37.5667675811,127.0365326655
논골신협.대림아파트후문,103900058,04669,37.5575119549,127.0245188619
송정스마트헬스케어센터,103900099,04670,37.5511350971,127.0678257351
성동구청,103900115,04671,37.563354049,127.0360410344
논골사거리,103900100,04672,37.5561260191,127.0247742087
신금호역,103900101,04674,37.5543355851,127.0197856168
성동중앙교회.벽산아파트정문,103900017,04677,37.5530067236,127.0248775221
무학중학교.무학여고,103900018,04679,37.5584226161,127.0332891007
천은교회.성동청소년상담복지센터,103900104,04680,37.5545919447,127.0266661363
금호어린이집,103900059,04684,37.5567429983,127.0182314515
행당2동주민센터,103900105,04685,37.5578295691,127.0304206318
금봉어린이집.또또와마트,103900060,04686,37.5526423775,127.028794376
대경생활과학고등학교,103900106,04691,37.5560687475,127.0175178242
대현산체육관입구,103900107,04696,37.5529629395,127.0297135329
GS주유소,103900147,04697,37.546811328,127.0251253545
대림아파트후문,103900108,04698,37.5561715023,127.026932687
상봉노인정앞,103900109,04699,37.5526731081,127.0302182436
서울숲푸르지오아파트정문,103900110,04700,37.5452561903,127.0243937555
대림상가,103900127,04701,37.553878282,127.0344662233
충북상회,103900061,04702,37.5527922994,127.0310093901
서울숲푸르지오아파트후문,103900062,04706,37.5435444033,127.0228036345
무학여고,103000278,04721,37.5581244034,127.0338768271
무학여고,103000279,04722,37.5580995199,127.0342446422
응봉사거리,103000280,04723,37.5553018991,127.0340901941
응봉사거리,103000281,04724,37.5550801133,127.0344918986
응봉역.광희중,103900016,04739,37.5522011423,127.0344034229
응봉경로당앞,103900015,04740,37.5523884273,127.0316939654
금호초등학교,103900163,04741,37.5526884328,127.0194943061
응봉초등학교.대림아파트,103900128,04742,37.5508020956,127.0331680056
행당서울숲푸르지오109동앞,103900014,04743,37.5543861249,127.031801204
현대공업사앞,103900013,04744,37.5501059259,127.0324416568
신동아아파트후문,103900012,04745,37.5546877083,127.0328358347
신동아아파트,103900011,04746,37.5497675599,127.0300981967
행당서울숲푸르지오상가앞,103900119,04748,37.5555729913,127.0340186862
삼성래미안아파트,103900148,04749,37.5483750866,127.0275591319
금호사거리,103900010,04750,37.5481765011,127.0250613034
금남시장앞.백범학원터,103900009,04751,37.5482744945,127.0216479967
왕십리광장.왕십리역7번출구,103900154,04753,37.5610465475,127.0365162885
두산상가후문.106동,103900135,04754,37.5493384196,127.0166850915
극동아파트7동,103900008,04755,37.543720761,127.0126657069
두산아파트113동,103900007,04756,37.5505884957,127.016075787
두산아파트109동,103900006,04757,37.54988947,127.0166306849
극동아파트4동,103900005,04758,37.5435316415,127.011588323
극동아파트4동,103900004,04759,37.5435055002,127.0116845111
두산아파트109동,103900137,04760,37.5499149882,127.0167969818
두산아파트115동,103900138,04761,37.5510558771,127.0159606783
금호역,103900139,04762,37.5485492158,127.0169908982
금호역.두산상가경비실,103900140,04763,37.5486130124,127.0166207533
금호역,103900003,04764,37.5484240169,127.0164272951
금호역.3호선,103900002,04765,37.5482942315,127.0166253219
화단삼거리,103900141,04766,37.5482189796,127.0196278194
두산아파트113동,103900001,04767,37.5507879397,127.0162396281
벽산아파트501동앞,103900155,04770,37.5548866966,127.0254385471
벽산아파트505동앞,103900156,04771,37.5544010055,127.0262518161
벽산아파트111동앞,103900157,04772,37.5530630754,127.0267897943
벽산아파트206동앞,103900158,04773,37.5521525445,127.027267386
벽산아파트202동앞,103900159,04774,37.5514902482,127.027346896
벽산하이피아상가앞,103900160,04775,37.5521961609,127.0256432644
우리은행.백범학원터,103900161,04776,37.5482659508,127.0211246097
행당푸르지오아파트,103900162,04780,37.556239062,127.0340034675
왕십리역,105000472,04781,37.561097,127.036979
옥정중학교,105000471,04782,37.5412473905,127.0113005335
옥정중학교,105000470,04783,37.5409744546,127.0109934781
옥수삼성아파트,105000469,04784,37.5436087758,127.0148090773
옥수삼성아파트,105000468,04785,37.5437908214,127.014614465
금옥초등학교.금호대우아파트,105000467,04786,37.546474573,127.0189290928
금옥초등학교.금호대우아파트,105000466,04787,37.5465899573,127.018651851
금호사거리,105000465,04788,37.5479784428,127.0241852708
금호사거리,105000464,04789,37.5481765136,127.0250024528
힐스테이트서울숲리버아파트,105000463,04790,37.5478769143,127.0269817622
금호삼성래미안,105000462,04791,37.5483615758,127.0275353603
응봉현대아파트,105000461,04792,37.5497628991,127.0307014263
응봉현대아파트,105000460,04793,37.5501304936,127.0309019007
응봉주민센터,105000459,04794,37.5534440055,127.0335211731
응봉주민센터,105000458,04795,37.5539990568,127.0336017817
래미안옥수리버젠아파트상가,103900167,04800,37.5443727865,127.0157270249
옥수동주민센터.옥수동성당,103900169,04801,37.5436061689,127.0140191688
국민은행,103900190,04802,37.5426971627,127.0122219232
국민은행,103900191,04803,37.5427782048,127.0127560803
옥수동주민센터.옥수동성당,103900192,04804,37.5432376614,127.0136716778
삼성아파트정문,103900193,04805,37.5438267793,127.015293478
성동노인종합복지관,103900189,04807,37.5652097737,127.0414402566
중앙하이츠아파트,103900188,04808,37.5652526914,127.0389001215
민자역사후문,103900187,04809,37.5635492836,127.0383642631
금호1가동주민센터,103900185,04811,37.5547282857,127.0208123009
금호정형외과,103900184,04812,37.5540867685,127.0204578591
금호고등학교앞,103900182,04814,37.5529799549,127.0233929107
벽산하이피아상가,103900181,04815,37.5519671275,127.026001811
벽산노인정,103900180,04816,37.551058711,127.0268504902
벽산아파트107동,103900179,04817,37.5516875417,127.0274313269
벽산아파트109동,103900178,04818,37.5526114413,127.0274448395
벽산아파트505동,103900177,04819,37.5543216827,127.0263706309
벽산아파트501동,103900176,04820,37.5550078999,127.0255887508
광희중학교.응봉역,103900175,04821,37.5519110306,127.035058499
한신아파트후문,103900174,04822,37.5537403049,127.0370729773
한신아파트정문,103900173,04823,37.5548347521,127.035382546
민자역사후문,103900172,04824,37.56308291,127.0386950898
중앙하이츠아파트,103900171,04825,37.5650542998,127.0384486598
삼성래미안아파트,103900170,04826,37.565494021,127.0402755817
금북초등학교입구,103900196,04827,37.5556558853,127.0236161649
대현산배수지공원앞,103900195,04828,37.5551777057,127.0220574589
선영약국,103900198,04829,37.5667721811,127.0306171809
텐즈힐아파트101동.115동,103900197,04830,37.5669824288,127.029279632
숭신초등학교.도선고등학교앞,103900202,04831,37.5673296859,127.0271676387
왕십리도선동주민센터,103900201,04832,37.5677084261,127.0259157424
텐즈힐아파트120동.213동앞,103900200,04833,37.56912306,127.0260063322
왕십리중앙교회,103900199,04834,37.5700015585,127.026707232
청계현대아파트,103900211,04836,37.5701654913,127.0430256561
청계장원아파트,103900208,04837,37.5693291776,127.044748559
마장2교사거리,103900203,04839,37.5679751585,127.0454636903
마장2교사거리,103900204,04840,37.5681827453,127.0456033009
청계장원아파트,103900207,04842,37.5693427411,127.0448455263
옥수교회,103900209,04843,37.5452371461,127.016009017
텐즈힐아파트107동앞,103900210,04844,37.5695685824,127.0285144783
응봉동현대아파트,103900212,04845,37.5498619578,127.0309380064
논골.대림아파트107동.금호동벽산아파트,103900216,04846,37.5558963995,127.0249544273
옥수역5.6번출구.한강버스선착장,103900217,04847,37.541854,127.017002
서울숲푸르지오아파트,103900219,04848,37.5450150995,127.0237432904
경일중고등학교,103900251,04852,37.542316,127.049131
이마트.서울숲힐스테이트아파트,103900253,04854,37.540121,127.052284
서울숲코오롱디지털타워2차,103900254,04855,37.541411,127.05399
서울경찰청제6기동단,103900255,04856,37.540076,127.054739
한라시그마밸리앞,103900256,04857,37.539647,127.05532
성수역3번출구,103900257,04858,37.543842,127.057061
서울숲코오롱디지털타워2차,103900258,04859,37.541461,127.053848
이마트.서울숲힐스테이트아파트,103900259,04860,37.540528,127.05257
현대그린아파트,103900261,04861,37.540523,127.049622
성수역3번출구,103900233,04862,37.5435598293,127.0566906693
경일중고등학교,103900262,04863,37.542503,127.04921
한라시그마밸리,103900235,04864,37.5399060735,127.0551786364
서울경찰청제6기동단,103900236,04865,37.540228157,127.0547711849
서울숲역,103900263,04866,37.543869,127.045146
성동구민종합체육센터,103900264,04867,37.54527,127.044515
서울숲2번출입구,103900265,04868,37.543527,127.04255
서울숲9번출입구,103900242,04871,37.5436374894,127.03755914
옥수역4번출구.한강버스선착장,103900218,04872,37.5418118508,127.0176124993
성수대교북단교차로,103900243,04873,37.5442958508,127.0355169956
마장역,103900246,04876,37.5661140833,127.0426522462
마장역,103900247,04877,37.5656474129,127.0423947542
옥정초등학교,103900266,04878,37.5408892401,127.015419565
e편한세상금호109동,103900267,04879,37.5534825943,127.0218758358
왕십리자이아파트107동,103900268,04883,37.559577,127.025641
왕십리풍림아이원아파트102동,103900269,04884,37.559993,127.026382
금호베스트빌아파트노인정앞,103900270,04885,37.5618733218,127.025069533
응봉역.광희중학교,103900272,04887,37.5518786122,127.0352978775
대림강변타운아파트A상가,103900273,04888,37.5547901705,127.0357171978
리버그린동아아파트정문,103900274,04889,37.5534932401,127.0375237372
서울숲리버뷰자이아파트제2주차장,103900275,04890,37.5561652703,127.0394073408
서울숲리버뷰자이아파트제2주차장,103900276,04891,37.5557215716,127.0392797867
서울숲리버뷰자이아파트제1주차장,103900277,04892,37.5541970798,127.0388889816
왕십리로교차로,103900278,04893,37.557719765,127.0389354428
왕십리로교차로,103900279,04894,37.5577676066,127.0391339263
리버그린동아아파트,103900280,04895,37.553344391,127.0382720735
서울숲리버뷰자이아파트제1주차장,103000514,04896,37.5545097441,127.0392367112
왕십리역6-1번출구,103900281,04897,37.5607923799,127.0379129532
행당동서울숲더샵,103900282,04898,37.5578072325,127.0397222715
행당동서울숲더샵,103900294,04899,37.5580008839,127.0399091167
서울숲공원,103000511,04900,37.5420905951,127.042573685
성수역수제화거리,103000512,04901,37.5451580248,127.0546184401
한양대역,103000513,04902,37.5568651503,127.0432470892
한양대학교병원본관1층,103900285,04904,37.559459871,127.0438016174
한양대학교병원본관1층,103900291,04905,37.5594516108,127.0435712108
한양대학교병원응급실,103900286,04906,37.5598124622,127.0445985625
한양대학교류마티스병원동관,103900290,04907,37.5599701163,127.044652417
한양대학교백남학술정보관,103900287,04908,37.5589963484,127.0446277378
한양종합기술연구원.생활과학대학,103900289,04909,37.5590603809,127.0449123153
한양대학교생활과학대학,103900288,04910,37.5568034886,127.0465028779
한양대학교제2의학관,103900284,04912,37.5593313351,127.0421309686
한양대학교정문,103900283,04914,37.5577761117,127.0421228179
군자교입구,104000001,05001,37.5587409868,127.0756461481
군자교입구,104000002,05002,37.5587937258,127.0749002776
군자역.용마초등학교,104000003,05003,37.5560989145,127.082473132
군자역.용마초등학교,104000004,05004,37.5562698192,127.081556441
중곡동입구삼거리,104000005,05005,37.5544965543,127.086550509
어린이대공원후문.아차산역,104000006,05006,37.5512084718,127.0901491873
어린이대공원후문.아차산역,104000007,05007,37.5527548961,127.0892141692
중곡동입구삼거리,104000299,05008,37.554926,127.085229
새밭교회,104000296,05009,37.5489834052,127.0931845435
새밭교회,104000295,05010,37.548957926,127.0926144514
광나루역,104000298,05011,37.5457409721,127.1026490566
광나루역,104000297,05012,37.5451588569,127.1037600333
군자교,104000008,05101,37.561532857,127.0752029849
군자교,104000009,05102,37.5623861756,127.0752287457
천주교서울대교구홍병철관,104000010,05103,37.5589508735,127.0773349708
천주교서울대교구홍병철관,104000011,05104,37.559086619,127.0776318627
중곡1동주민센터입구,104000012,05105,37.5605224214,127.0783835194
중곡1동주민센터입구,104000013,05106,37.5608783017,127.078403699
중곡1동사거리,104000014,05107,37.5624536807,127.0794725244
중곡1동사거리,104000015,05108,37.5624813464,127.0792818001
중마초등학교.중곡제일골목시장앞,104000016,05109,37.5649806937,127.0808443646
용마사거리,104000018,05111,37.5622907455,127.0818720972
중곡2동주민센터앞,104000019,05112,37.5598837254,127.0808552636
중곡2동주민센터앞,104000020,05113,37.5598402672,127.0811551751
중곡동성당앞,104000021,05114,37.5631682406,127.0829363287
보건복지행정타운,104000022,05115,37.5638882429,127.0833601348
대원여자고등학교앞,104000023,05116,37.562118,127.087052
중곡보건지소,104000024,05117,37.5599194877,127.0869845748
신성시장앞,101000252,05118,37.5583163621,127.0876755037
중곡우체국앞,104000026,05119,37.5615773116,127.0838852989
중곡3동주민센터,104000027,05120,37.569746048,127.0797293274
중곡3동주민센터,104000028,05121,37.5700272219,127.0794405363
중곡아파트,104000029,05122,37.5664012264,127.0778996992
중곡아파트,104000030,05123,37.5657955541,127.0771769652
중마초등학교.중곡제일골목시장앞,104000031,05124,37.5652307141,127.0808531239
중곡역입구,104000032,05125,37.5663404337,127.0816150335
중곡역입구,104000033,05126,37.5666597846,127.0816481504
중곡문화체육센터,104000034,05127,37.5685360222,127.0827951289
중곡문화체육센터,104000035,05128,37.5684915275,127.0826418853
면곡시장앞,104000036,05129,37.5707949236,127.0832843745
면곡시장앞,104000037,05130,37.5710831259,127.0834488311
중곡SK아파트.용암사입구,104000038,05131,37.5679159934,127.0860566161
용곡삼거리,104000039,05132,37.5679334531,127.0855902354
중곡역.국립정신건강센터,104000040,05133,37.5660464177,127.0845454928
대원고교앞,104000041,05134,37.5639660286,127.086708621
중곡SK아파트.용암사입구,104000042,05135,37.5678680041,127.0863735321
대원고교앞,104000043,05136,37.5641992207,127.0869681157
대원여자고등학교앞,104000044,05137,37.5626950451,127.0873093515
신성시장,104000045,05138,37.5583189468,127.0879297616
중곡동입구,104000046,05139,37.5541967204,127.0886689538
어린이대공원앞,104000047,05140,37.5520458638,127.0770314953
군자역6번출구,104000048,05141,37.5551766839,127.0786346746
구의사거리.광진소방서앞,104000049,05142,37.545249575,127.083977653
어린이회관,104000050,05143,37.545612,127.079201
구의사거리.광진소방서앞,104000051,05144,37.5449986565,127.0843023754
광진경찰서. 건국사대부중,104000052,05145,37.5415336614,127.0836883111
광진경찰서. 동대부가람중고,104000053,05146,37.5430873683,127.0846474366
광진경찰서,104000054,05147,37.5422101065,127.0842426589
NH농협은행자양로지점,104000055,05148,37.5389648482,127.0834073669
광진구청.구의역2번출구,104000056,05149,37.5377026867,127.0879772581
래미안구의파크스위트,104000057,05150,37.5447158904,127.0890122213
구의2동주민센터입구,104000058,05151,37.5492515718,127.0897846677
구의2동주민센터입구,104000059,05152,37.5486416815,127.08958588
구의사거리,104000060,05153,37.5456510932,127.0857469566
구의사거리,104000061,05154,37.5458173579,127.0863480831
래미안구의파크스위트,104000062,05155,37.5449638155,127.0890507143
현대아파트앞,104000063,05156,37.5395524961,127.0940086584
현대아파트앞,104000064,05157,37.539643765,127.0941742917
광진우체국,104000065,05158,37.537998,127.090409
강변역A,104000183,05161,37.5361136997,127.0937169006
테크노마트앞.강변역,104000279,05162,37.5368645137,127.0937549878
구의현대2단지아파트,104000070,05163,37.5378533679,127.0965424639
광장동금호베스트빌,104000071,05164,37.5433926994,127.0932099949
광장동금호베스트빌,104000072,05165,37.5433887171,127.0936875546
광장동현대아파트앞,104000073,05166,37.541909114,127.0977640864
광장동현대아파트앞,104000074,05167,37.54207254,127.0989722091
광나루역.극동아파트,104000075,05168,37.5435355041,127.1029628675
광나루역.극동아파트,104000076,05169,37.5442424761,127.1033202823
어린이대공원역2번출구,104000314,05170,37.546984,127.075378
워커힐아파트.광장동,104000271,05172,37.547895755,127.1067149694
워커힐아파트앞,104000080,05173,37.5504960052,127.1090263699
워커힐입구,104000081,05174,37.550613427,127.1087232242
NH농협은행자양로지점,104000082,05175,37.5387627825,127.0831891894
자양사거리,104000083,05176,37.5369337778,127.0824320547
자양사거리,104000084,05177,37.5367503042,127.0821044683
자양초등학교앞,104000085,05178,37.5379478514,127.0784673729
자양초등학교앞,104000086,05179,37.5374228649,127.0792651176
건국대학교앞,104000087,05180,37.5387452063,127.0750483076
자양미소약국.자양골목시장,104000090,05183,37.53275,127.077319
자양동우체국.중앙농협,104000092,05185,37.531572725,127.081413066
자양하늘채베르아파트앞,104000094,05187,37.5321922367,127.0846079653
자양동잠실대교북단,104000095,05188,37.5329553244,127.0848057104
신자초등학교앞,104000096,05189,37.5304403173,127.0749155368
자양미소약국.자양골목시장,104000097,05190,37.5327003382,127.0768712862
자양동우체국.중앙농협,104000098,05191,37.5315308364,127.0807386521
동서울우편집중국앞,104000291,05192,37.5350521104,127.084337729
자양하늘채베르아파트앞,104000100,05193,37.5319732231,127.0846733447
자양동잠실대교북단,104000101,05194,37.5321201527,127.0858514017
자양2동주민센터,104000311,05195,37.527949,127.08517
구립행복마루어린이집,104000312,05196,37.527743,127.082213
자양한강도서관,104000313,05197,37.528429,127.078333
광진구청.구의역3번출구,104000106,05199,37.5375186301,127.0882893582
자양한강전통시장,104000107,05200,37.5355719112,127.066874712
신양초등학교앞,104000108,05201,37.5349118182,127.0692877009
신양초등학교앞,104000109,05202,37.535233709,127.0689474032
뚝도변전소앞,104000110,05203,37.5360909985,127.0689075815
광진문화예술회관,104000111,05204,37.5385652456,127.0701692006
건국대학교앞,104000112,05205,37.5384461141,127.0748753929
신자초등학교앞,104000116,05209,37.530768,127.074922
자양우성아파트앞,104000117,05210,37.5337952382,127.0734112939
자양우성아파트앞,104000118,05211,37.533946958,127.0734066984
자양고교앞,104000119,05212,37.5345790942,127.0711714016
자양고교앞,104000120,05213,37.53431586,127.0713601174
대동아파트앞,104000121,05214,37.536419,127.068967
노룬산골목시장,104000122,05215,37.5357293289,127.0672016099
영동교골목시장,104000123,05216,37.5395029881,127.0626912618
건대입구역6번출구,104000124,05217,37.5408268775,127.0672788711
건대로데오거리입구,104000125,05218,37.539081,127.070158
롯데캐슬리버파크시그니처아파트,104000126,05219,37.5368058708,127.0629447386
영동대교북단,104000127,05220,37.5367146879,127.0611888361
롯데캐슬리버파크시그니처아파트,104000128,05221,37.5366067526,127.0628993085
자양역1번출구,104000129,05222,37.5338028399,127.0679166913
자양4동주민센터앞,104000130,05223,37.533632,127.067497
성수사거리,104000131,05224,37.5431585111,127.0647765888
화양사거리,104000132,05225,37.5472318425,127.0670885688
광진광장,104000133,05226,37.5477151717,127.0715209148
어린이대공원역4번출구,104000134,05227,37.5466216409,127.0736284938
한아름공원,104000135,05228,37.5437160861,127.0722179767
건대입구역사거리.건대병원,104000136,05229,37.540784,127.070878
건대입구역1번출구,104000137,05230,37.5408957525,127.0681672642
어린이대공원역3번출구,104000138,05231,37.5468045831,127.0751469149
건대입구역사거리.건대병원,104000139,05232,37.5408198597,127.071248506
어린이회관,104000290,05233,37.5452722228,127.079595313
천주교화양동성당,104000141,05234,37.5459043941,127.0735881785
송정동서울숲아이파크,104000142,05235,37.5517044591,127.0695975111
송정동건영아파트,104000143,05236,37.5547537734,127.0712985506
군자교남단,104000144,05237,37.557410967,127.0727879339
중앙농협군자지점,104000145,05238,37.5577085489,127.0767090775
중앙농협군자지점,104000146,05239,37.5571562758,127.0765591034
능동우편취급국,104000147,05240,37.5561609072,127.0760329007
군자동주민센터,104000148,05241,37.5549755455,127.0752869423
군자동주민센터,104000149,05242,37.5546466232,127.0753228303
세종초등학교.세종사이버대학교앞,104000150,05243,37.5535248785,127.0733966913
세종초교앞,104000151,05244,37.5538666538,127.0743618087
시립광진노인종합복지관,104000152,05245,37.5518512093,127.0713225073
시립광진노인종합복지관,104000153,05246,37.5513566499,127.0710877554
장안초등학교,104000154,05247,37.5486923124,127.070754754
장안초등학교,104000155,05248,37.5485801736,127.0704835547
서울화양동우체국,104000293,05249,37.5483288986,127.0686841693
광진광장,104000157,05250,37.5480051511,127.0715410787
세종대학교. 어린이대공원정문,104000158,05251,37.549752,127.07544
능동교회앞,104000159,05252,37.5528739948,127.0769927342
군자역7번출구,104000160,05253,37.556322,127.07882
아차산역삼거리,104000308,05256,37.554581226,127.0867859773
용마초등학교,104000309,05257,37.5565422552,127.081723671
아차산역2번출구,104000165,05258,37.5508666828,127.0905075507
서울화양동우체국,104000310,05259,37.5481104097,127.0687743625
중곡동입구,104000167,05260,37.554798956,127.0882622041
제일은행사거리,104000168,05261,37.5335505333,127.0747505569
동곡삼거리,104000169,05262,37.5636739408,127.0779538856
건대병원입구,104000170,05263,37.5421084758,127.0714727877
광진청소년센터,104000269,05265,37.5459514944,127.1053745185
강변역B,104000280,05266,37.5360541462,127.0937383582
테크노마트앞.강변역,104000069,05267,37.5369050205,127.0938031252
중곡동성당,104000275,05268,37.5627654195,127.0824010859
보건복지행정타운,104000274,05269,37.564373065,127.0833026919
중곡역.국립정신건강센터,104000273,05270,37.5662294972,127.0843249567
용곡삼거리,104000272,05271,37.5685782991,127.0855997978
구의3동주민센터,104000302,05272,37.5390684116,127.0925470575
구의3동주민센터,104000303,05273,37.5390484885,127.0921000962
광진구민체육센터,104000307,05298,37.5469081131,127.1078574657
광나루우편취급국,104000306,05299,37.5474023285,127.1063092687
중곡4동경로당입구앞,104900124,05500,37.5591306198,127.0939630731
중곡아파트.종점,104900085,05501,37.5663789768,127.0779156425
긴고랑종점,104900059,05503,37.562194465,127.0960429247
정보도서관,104900058,05504,37.5502486719,127.1104622298
강원설비앞,104900123,05505,37.5590029448,127.0901359394
강원설비앞,104900122,05506,37.5588490108,127.0899354071
중앙상회앞,104900089,05508,37.5601590013,127.0947974601
포제스한강아파트,104900057,05509,37.5484546316,127.1094523282
중곡4동경로당입구앞,104900121,05510,37.5591925416,127.0942812172
중곡아파트.기점,104900128,05511,37.5668768426,127.0781637961
대순진리회,104900056,05512,37.5614417271,127.0871709238
CU중곡긴고랑점앞,104900055,05513,37.5589159963,127.0930312463
광나루현대아파트,104900054,05514,37.546721738,127.1075869834
긴고랑주차장,104000294,05515,37.5609606399,127.0956309346
신성시장입구,104900053,05517,37.558433,127.088223
중곡4동어린이집입구,104900052,05518,37.5586845522,127.0917043706
신동아아파트,104900109,05519,37.5463512912,127.105328946
마을금고.브레드제과점,104900051,05522,37.5576339581,127.0892468924
긴고랑입구,104900049,05523,37.5588770015,127.0886688403
우리들약국,104900048,05527,37.5569014807,127.0902850791
광남고.삼성아파트,104900050,05528,37.5419477863,127.1014183009
해오름공원입구,104900047,05531,37.5563079173,127.0911230749
현대3차아파트,104900046,05533,37.5404651876,127.0996486938
용마사거리,104900045,05535,37.5624460371,127.0814330674
기원정사입구,104900044,05536,37.5548826175,127.0931371525
송림식당앞,104900042,05539,37.5368221134,127.0766299665
중곡우체국앞,104900041,05540,37.5611637445,127.0840577691
영화사입구,104900040,05541,37.5542285469,127.0941176381
군자역,104900039,05542,37.5578748138,127.0800822765
강변역.테크노마트앞,104900038,05543,37.5363934727,127.0948590232
자양중학교앞,104900037,05544,37.5346905273,127.0759963869
구의2동주택가공동주차장,104900036,05545,37.5532100607,127.0932969209
롯데프레시아차산점.한사랑약국,104900035,05549,37.5518187362,127.0921939479
구의역,104900100,05550,37.5382387949,127.0892373497
배건태한의원.로엘동물병원,104900112,05551,37.5319860054,127.0792387772
아차산역사거리,104900034,05553,37.5507215451,127.0913081489
중곡보건지소,104900033,05554,37.5595305795,127.0870747483
썬더치킨앞,104900102,05555,37.5415506336,127.0900164716
영동대교입구.성수사거리,104900031,05556,37.5428255093,127.064525855
선화예고앞,104900030,05558,37.5494847466,127.0900588338
긴고랑입구,104900029,05559,37.5587364311,127.0886686737
구의홈마트앞,104900032,05560,37.5402902234,127.0897229975
화양동현대아파트,104900028,05561,37.5439827587,127.0652401586
성자초등학교앞,104900114,05562,37.5313000096,127.0822557273
한국켄트외국인학교,104900027,05563,37.5477299911,127.0880988204
중곡4동어린이집입구,104900026,05564,37.5585169771,127.0916679445
래미안구의파크스위트사거리,104900025,05565,37.5440489261,127.0906000271
성수대우프레시아1차아파트,104900024,05566,37.5452943403,127.0659848276
CU중곡긴고랑점앞,104900023,05569,37.5587592285,127.0930027538
화양사거리.SKV1센터,104900022,05571,37.546257958,127.0664104572
본하이츠빌.삼부빌딩,104900116,05572,37.5329501167,127.0870098898
중앙상회앞,104900021,05574,37.5601577922,127.0949721336
성동초등학교,104900106,05576,37.5336144423,127.0891356598
광장중학교앞,104900020,05578,37.5467903263,127.1024015366
구의아크로리버앞,104900099,05579,37.5352926857,127.0921362577
구의역4번출구,104900019,05580,37.5366543055,127.084837057
장신대앞,104900018,05581,37.5475393553,127.1052273651
강변역A,104900097,05582,37.535988,127.093833
워커힐아파트입구,104900110,05584,37.5478863435,127.1065941453
동서울호텔앞,104900103,05585,37.5345920961,127.0920490446
워커힐아파트,104900017,05587,37.5500035243,127.1075883052
성동초등학교,104900107,05588,37.5337153779,127.0891188071
본하이츠빌.삼부빌딩,104900016,05589,37.5330699358,127.0870462374
워커힐아파트입구,104900015,05591,37.5480798615,127.1065163612
구의역1번출구,104900014,05594,37.5368949698,127.0845898343
장신대앞,104900013,05595,37.5476304504,127.1051324275
성자초등학교앞,104900115,05596,37.5315196593,127.0825682599
광장중학교앞,104900012,05597,37.5469479421,127.1024888949
광진경찰서앞,104900091,05599,37.542346877,127.0843546327
양진중학교.재한몽골학교,104900011,05600,37.5454433478,127.097965691
국립정신건강센터,104000316,05601,37.5654064298,127.0864985879
자양동,104000236,05665,37.5356142027,127.0676371086
자양동,104000237,05666,37.5356349246,127.0668479521
배건태한의원.로엘동물병원,104900113,05668,37.5322779304,127.0790299525
청구아파트앞,104900010,05670,37.5423895999,127.0967938276
광장자이아파트,104900127,05671,37.542252836,127.0949238539
서울서광교회앞,104900009,05672,37.5475847263,127.088351026
자양중학교앞,104900007,05677,37.5346353803,127.0762758207
래미안구의파크스위트사거리,104900006,05679,37.5441301287,127.0904643237
자양1파출소앞,104900005,05680,37.5367651642,127.0769071428
면곡시장,104000248,05687,37.571462406,127.0813749581
동곡삼거리,104000251,05690,37.5638021287,127.0782624509
광진구의회,104000255,05694,37.5391969456,127.0701166071
광진구의회,104000256,05695,37.5383360513,127.0700807237
건대입구역,104000257,05696,37.5433804463,127.0720930253
건대입구역,104000258,05697,37.5422803253,127.0719007166
세종대학교,104000259,05698,37.5498616561,127.0755658718
세종대학교,104000260,05699,37.5498550499,127.0760310216
군자역,104000261,05700,37.5563636008,127.0788605078
군자역,104000262,05701,37.555213125,127.0786410853
롯데프레시아차산점.한사랑약국,104900004,05709,37.5517744916,127.0923104685
세븐일레븐구의중앙로점앞,104900098,05710,37.5415633601,127.089870505
구의2동주택가공동주차장,104900003,05713,37.5531415024,127.0933919081
구의홈마트앞,104900002,05714,37.5403191787,127.089564605
종로약국앞,104900001,05716,37.5575879581,127.0881058981
영화사입구,104900080,05717,37.5540834447,127.0941502787
구의역,104900079,05718,37.5382758492,127.08909255
기원정사입구,104900078,05720,37.5551737566,127.0930355787
테크노마트.광진문화원,104900077,05721,37.5370205329,127.0961011535
해오름공원입구,104900076,05723,37.5563302584,127.0913641894
프라임아파트앞,104900075,05724,37.5378379672,127.0970323661
용마사거리,104900082,05726,37.5627570449,127.0812432362
우리들약국,104900074,05727,37.5570437893,127.0903690097
현대3.5차아파트,104900073,05728,37.5407790748,127.1003518538
마을금고앞,104900072,05731,37.5577311656,127.0893930217
광남고.삼성아파트,104900108,05732,37.5423430827,127.1017492793
자양종합복지관앞,104900071,05733,37.5324649901,127.075429514
신성시장입구,104900070,05735,37.5586702034,127.0880630283
대순진리회,104900068,05737,37.5609548433,127.0875676658
대원외고앞,104900067,05739,37.5632448358,127.0871413296
광나루현대아파트,104900066,05740,37.5466936524,127.1077533058
중곡4동파출소,104900065,05741,37.5654194455,127.0867703018
포제스한강아파트,104900064,05742,37.5482745397,127.1093151239
워커힐팰리스,104900063,05744,37.5500133218,127.1096719072
워커힐호텔비스타워커힐,104000281,05745,37.5542416044,127.1102655251
아차산역사거리,104900061,05752,37.5506719315,127.0914351492
중곡119안전센터,104900125,05755,37.566684,127.0863
구의3동주민센터,104900133,05757,37.5380104633,127.0916151163
뚝섬유원지,104000300,05900,37.5311823597,127.0668303967
건국대입구,104000301,05901,37.5411150129,127.0675636466
광장자이아파트,104900126,05990,37.5421672546,127.0949108596
양진중학교.재한몽골학교,104900119,05992,37.5452405574,127.0980186154
청구아파트앞,104900118,05993,37.5432605587,127.0961815897
용마사거리,104900132,05994,37.5618532936,127.0822104997
강변역.테크노마트앞,104900129,05999,37.5363411077,127.0947896041
답십리역사거리,105000001,06001,37.5651870868,127.0550604632
청년회의소,105000002,06002,37.5619653169,127.0612838214
장한평역,105000003,06003,37.5611510646,127.0672869559
신답초등학교.청계한신휴플러스,105000004,06004,37.571753,127.044292
신답초등학교.청계한신휴플러스,105000005,06005,37.5717559096,127.0447281029
동대문구청,105000006,06006,37.5740954485,127.038327222
서울시동부병원,105000007,06007,37.5739292519,127.0309536211
신설동역.서울풍물시장,105000008,06008,37.574427911,127.0257176822
중랑교,105000009,06009,37.5916996082,127.0677039967
중랑교,105000010,06010,37.5914246178,127.0668383757
삼육서울병원.삼육보건대학교,105000011,06011,37.589691279,127.0606858682
삼육서울병원.삼육보건대학교,105000012,06012,37.589992454,127.0619514091
시조사삼거리.회기역,105000013,06013,37.588707,127.056888
떡전교사거리.동대문노인복지관,105000014,06014,37.5864439121,127.0520111918
청량리역환승센터,105000015,06015,37.5804025104,127.0454307288
청량리역환승센터,105000016,06016,37.5802508767,127.0460771387
동대문구청,105000017,06017,37.5734588708,127.0399889148
청량리역환승센터,105000447,06018,37.5802240706,127.0457513342
청량리역환승센터,105000446,06019,37.5803029185,127.0457230797
청량리역환승센터,105000402,06020,37.5807152606,127.0453667154
청량리미주아파트.동대문세무서,105000478,06021,37.58278,127.048395
청량리청과물도매시장,105000480,06022,37.5787911202,127.0406051232
제기동역.서울약령시,105000482,06023,37.5781433423,127.0377802394
제기동역.서울약령시,105000481,06024,37.5782168464,127.0353228624
용두동사거리,105000484,06025,37.5775320632,127.0299882252
용두동사거리.한국의류시험연구원,105000483,06026,37.5771526546,127.0282789088
신설동역,105000486,06027,37.5761500409,127.0250446359
신설동역,105000485,06028,37.575826798,127.0238433051
신설동역3번출구,105000018,06101,37.576453593,127.0255836506
신설동역4번출구,105000019,06102,37.5762453617,127.025947005
용두동한국의류시험연구원,105000020,06103,37.5775187657,127.029114172
용두로타리한국의류시험연구원,105000021,06104,37.5772564569,127.0294820292
제기역약령시장,105000022,06105,37.5782970238,127.0366096265
제기역약령시장,105000023,06106,37.5780535417,127.0368349109
신설동역1번출구,105000552,06107,37.5766303332,127.0233166791
혜원사거리,106000064,07158,37.59388,127.092532
청계한신휴플러스,103000518,06108,37.571799,127.044109
청량리미주상가앞,105000028,06112,37.5818902252,127.0476780218
서울성심병원,105000029,06113,37.5843923886,127.0502442553
서울성심병원,105000030,06114,37.5846074691,127.0508977332
시조사,105000031,06115,37.5868487759,127.0522795666
휘경동입구,105000033,06117,37.5876644832,127.0552071034
삼육서울병원,105000034,06118,37.5897656487,127.0606123322
래미안라그란데아파트,105000566,06120,37.600355,127.06193
중랑교,105000037,06121,37.59114436,127.0664306844
회기시장,105000038,06122,37.5912026288,127.0566389299
회기시장,105000039,06123,37.5908060401,127.0565879609
경희중고,105000040,06124,37.5929228111,127.0577445104
경희중고,105000041,06125,37.5933472946,127.0583346646
외대앞,105000042,06126,37.5956282146,127.0596059335
외대앞,105000043,06127,37.5954812555,127.0597677578
이문동우체국,105000044,06128,37.598348,127.061338
이문동교회,105000045,06129,37.6002569171,127.0621071328
의릉입구,105000046,06130,37.603888,127.061963
의릉입구,105000047,06131,37.6034852714,127.0621763625
한천로쌍용아파트앞,105000048,06132,37.5981910949,127.0676192785
한천로쌍용아파트앞,105000049,06133,37.5986649133,127.0678869789
이문동삼익아파트,105000050,06134,37.5945485558,127.0682139128
이문동삼익아파트,105000051,06135,37.5951035399,127.0683627707
동일스위트리버아파트.휘봉고교,105000052,06136,37.5877987669,127.0677525508
휘경유수지견인차고지앞,105000053,06137,37.58842,127.068577
답십리래미안엘파인아파트,105000560,06138,37.5756772295,127.067330886
래미안엘파인아파트.장안동성당,105000567,06139,37.575593,127.06758
서울준법지원센터.동성빌라,105000054,06140,37.5855552625,127.0673893111
서울준법지원센터.동성빌라,105000055,06141,37.5856794521,127.0676702359
휘경여중고.휘경주공아파트앞,105000056,06142,37.5826030732,127.0682824634
휘경여중고.휘경주공아파트,105000057,06143,37.5821574897,127.0685434142
장안동현대아파트앞,105000058,06144,37.5797461738,127.0685412036
전곡시장앞,105000059,06145,37.5772370675,127.06779506
전곡시장앞,105000060,06146,37.5773293235,127.0681419969
촬영소사거리.우성그린아파트,105000061,06147,37.5741908611,127.0668512705
촬영소사거리.우성그린아파트,105000062,06148,37.5735106563,127.0669165487
동답초등학교,105000063,06149,37.5710397628,127.065489039
동답한신.동아아파트,105000064,06150,37.5696220827,127.0641135329
동답한신.동아아파트,105000065,06151,37.568881615,127.0639045358
동아.위더스빌아파트,105000066,06152,37.5667402906,127.0622143149
답십리2동주민센터,105000067,06153,37.566603,127.06181
하나은행장안동지점,105000068,06154,37.5634035936,127.0585564607
장한평역4번출구,105000069,06155,37.5613115442,127.067137684
청년회의소앞,105000070,06156,37.5621102645,127.0615307058
고미술상가,105000071,06157,37.563609188,127.0572974308
답십리역.동부시장,105000072,06158,37.5672562517,127.0525194449
신답역앞,105000073,06159,37.5708430857,127.0470913509
동대문구청.용두역4번출구,105000074,06160,37.5734350116,127.0397135905
용두역5번출구,105000075,06161,37.573977,127.037268
용두동신동아아파트,105000076,06162,37.5737704369,127.0317924634
동대문우체국.서울풍물시장,105000077,06163,37.574759758,127.0245652731
동대문구청.용두역3번출구,105000078,06164,37.5755374598,127.0383451914
동대문구청.용두동주민센터,105000079,06165,37.5765807726,127.0384168651
동대문구청.용두동주민센터,105000080,06166,37.5753096484,127.0379882341
경동시장앞,105000081,06167,37.5819989191,127.0387559286
제기동주민센터.서울약령시앞,105000082,06168,37.5819251477,127.0383947016
경동시장,105000083,06169,37.5799644113,127.038283869
홍파초등학교.정화여중고,105000084,06170,37.585531,127.038639
홍파초등학교.정화여중고,105000085,06171,37.5855971074,127.0383377075
제기동한신아파트앞,105000086,06172,37.587603,127.037888
고려대역.고대앞삼거리,105000087,06173,37.5894337656,127.0366856036
고려대역.고대앞삼거리,105000088,06174,37.5887478517,127.0366498479
고려대학교앞,105000089,06175,37.5881363102,127.0346801536
우신향병원,105000090,06176,37.5857223011,127.0323863454
안암오거리,105000091,06177,37.5824613624,127.0298970499
대광고등학교앞,105000092,06178,37.5797777214,127.0255621436
종암초등학교앞,105000093,06179,37.5816186068,127.0295992386
용두시장앞,105000094,06180,37.5791115868,127.0303341829
용두시장앞,105000095,06181,37.579035,127.030161
서울시동부병원,105000096,06182,37.5758964701,127.0304302445
서울시동부병원,105000097,06183,37.5761901571,127.0306952909
동아제약앞,105000098,06184,37.5725993738,127.0304424882
동아제약앞,105000099,06185,37.5727164409,127.0307312249
떡전교앞,105000100,06186,37.5849040401,127.0526948922
떡전교앞,105000101,06187,37.5846184473,127.0525769324
서울시립대입구,105000102,06188,37.5830057298,127.0540556741
서울시립대학교앞,105000103,06189,37.5826804893,127.053939948
서울시동부교육지원청.해성국제컨벤션고교,105000104,06190,37.5791853497,127.0568650184
전농로터리시장.동부교육지원청,105000105,06191,37.578817,127.05676
전농우체국앞,105000106,06192,37.576367,127.057575
전농우체국앞,105000107,06193,37.5765201613,127.0578903291
청솔우성아파트.답십리시장,105000108,06194,37.5737092806,127.0576479903
미드카운티아파트.청솔우성아파트,105000109,06195,37.5741112935,127.0573890413
답십리2동시온교회앞,105000110,06196,37.5705961302,127.0573999289
답십리1동희망샘교회앞,105000111,06197,37.5705241856,127.0571055329
답십리초등학교.현대시장,105000112,06198,37.568453856,127.0572012663
답십리초등학교앞,105000113,06199,37.5686265703,127.0569308801
답십리역사거리,105000114,06200,37.5655060079,127.0552010664
황물로사거리,105000115,06201,37.5665418919,127.0559919809
답십리1동주민센터.래미안위브,105000116,06202,37.5723670085,127.0510037445
답십리1동주민센터.래미안위브,105000117,06203,37.5720993946,127.0511402741
동대문중학교,105000118,06204,37.5750129513,127.0537544246
동대문중학교,105000119,06205,37.5741762971,127.0532771747
전농래미안크레시티아파트,105000120,06206,37.5762802499,127.0555920845
대한노인회동대문구지회,105000121,06207,37.5762111791,127.0559030771
전농사거리,105000122,06208,37.5778147722,127.0590375541
전농사거리,105000123,06209,37.5775633596,127.059240552
배봉초등학교.전농우성아파트,105000124,06210,37.5786953183,127.0672948159
배봉초등학교.전농우성아파트,105000125,06211,37.5784402407,127.0674157317
장안2동주민센터,105000126,06212,37.5788403828,127.0704039846
장안2동주민센터,105000127,06213,37.5786959839,127.0704638197
장안교앞,105000128,06214,37.5796533965,127.0739714006
장안교.은석초등학교,105000129,06215,37.5796191566,127.0746902496
청량리역6번출구,105000130,06216,37.578083,127.043803
청량리역6번출구,105000131,06217,37.577945301,127.043785792
롯데캐슬노블레스,105000132,06218,37.5755552627,127.0484716502
전농1파출소,105000133,06219,37.5760847235,127.0471184271
래미안크레시티.답십리도서관,105000134,06220,37.574561753,127.0502439795
동대문구답십리도서관앞,105000135,06221,37.573881303,127.051026821
답십리래미안위브아파트,105000136,06222,37.5727689807,127.0548282074
답십리래미안미드카운티,105000137,06223,37.57298,127.055558
답십리사거리,105000138,06224,37.5727320519,127.0567075826
답십리2동두산아파트,105000139,06225,37.572753697,127.0585128409
답십리시장.청솔우성아파트후문,105000140,06226,37.5729536188,127.0587580146
답십리2동한양아파트앞,105000141,06227,37.5726702291,127.0614069359
답십리2동한양아파트앞,105000142,06228,37.5729573511,127.0611222564
동답한신.대림아파트.동대문체육관,105000143,06229,37.572663,127.063768
촬영소사거리.동답초등학교,105000144,06230,37.572642,127.065212
촬영소사거리.세양청마루아파트앞,105000145,06231,37.5728897611,127.0653558711
동대문구.성동구선거관리위원회,105000146,06232,37.5724872082,127.0682024772
동대문구.성동구선거관리위원회,105000147,06233,37.5727734631,127.0678744595
장안사거리,105000148,06234,37.5725845345,127.070338726
국민은행장안동지점,105000149,06235,37.5723759111,127.0734972565
국민은행장안동지점,105000150,06236,37.5720533595,127.0742100898
장안동근린공원,105000151,06237,37.5773238141,127.0719536475
장안동근린공원,105000152,06238,37.5783141497,127.0723879948
동대문더퍼스트데시앙아파트,105000153,06239,37.574992107,127.0717763134
NH농협장안평지점,105000154,06240,37.5751529569,127.0721655351
코리아병원,105000155,06241,37.5732069079,127.0716598633
새서울병원,105000156,06242,37.5731012702,127.0720050585
장안동삼성쉐르빌아파트,105000157,06243,37.5713996448,127.0713568649
장안동삼성쉐르빌아파트,105000158,06244,37.571238,127.070843
힐스테이트장안센트럴,105000159,06245,37.569605,127.070183
현대벤처빌.현대썬앤빌,105000160,06246,37.5689208635,127.0694007013
현대벤처빌,105000161,06247,37.5682414609,127.0692809071
우리은행장안지점앞,105000162,06248,37.566393,127.067727
우리은행장안지점앞,105000163,06249,37.565598658,127.0676384821
북한연구소앞,105000164,06250,37.5634648165,127.0661434798
장한평역2번출구,105000165,06251,37.5622965411,127.0649278366
장한평역3번출구,105000166,06252,37.5624370636,127.0654362294
신이문역,105000167,06253,37.6026165732,127.0679015637
이문동현대아파트앞,105000168,06254,37.6010179381,127.070677379
이문동현대아파트,105000169,06255,37.6008590191,127.0709847069
휘경2동주민센터,105000170,06256,37.5907361464,127.0680485017
휘경2동주민센터,105000171,06257,37.5905048929,127.0680858743
동부아동보호전문기관.동대부중고,105000172,06258,37.576833541,127.0763833794
장안삼성래미안2차아파트,105000173,06259,37.574681581,127.0766223278
장안삼성래미안2차아파트.성복교회,105000174,06260,37.5728468216,127.0768144692
장안현대홈타운아파트앞,105000175,06261,37.5697591707,127.073388625
동대문구민체육센터,105000176,06262,37.5663862675,127.073941301
파라브아파트,105000177,06263,37.5635828092,127.0723739757
장안현대홈타운상가,105000178,06264,37.571308398,127.0743786204
장안현대홈타운앞,105000179,06265,37.5692893642,127.0756173134
장안치안센터,105000180,06266,37.5679458841,127.0724996415
장안치안센터,105000181,06267,37.568222123,127.0727017522
장평중학교,105000182,06268,37.565745401,127.0709395499
회기역종점,105000183,06269,37.5899003691,127.0588619251
경희대입구,105000184,06270,37.5912717108,127.0530131529
경희대입구,105000185,06271,37.5915831099,127.0527127306
서울바이오허브,105000186,06272,37.5913878427,127.0501400812
서울바이오허브,105000187,06273,37.5916089493,127.0492768654
한국과학기술원.홍릉초등학교,105000188,06274,37.591769,127.045747
한국과학기술원.홍릉초등학교,105000189,06275,37.5915445702,127.0469641413
국방연구원,105000190,06276,37.5914093283,127.0411809472
국방연구원,105000191,06277,37.5911039928,127.040058371
세종대왕기념관,105000192,06278,37.5898533719,127.042380198
세종대왕기념관,105000193,06279,37.5904615395,127.0425673859
영휘원사거리.(구)홍릉사거리,105000194,06280,37.5860009275,127.0431751633
영휘원사거리.(구)홍릉사거리,105000195,06281,37.586014337,127.043466176
동대문경찰서,105000196,06282,37.5841404107,127.043784304
동대문경찰서,105000197,06283,37.5835585724,127.0442607393
현대코아,105000198,06284,37.5818120287,127.0448733855
현대코아,105000199,06285,37.5814859166,127.0446557984
동대문중앙새마을금고,105000200,06286,37.5831179316,127.0412131745
동대문중앙새마을금고,105000201,06287,37.5829869315,127.0422207161
제기동주민센터앞,105000551,06288,37.5829768901,127.0378676044
제기동한신아파트,105000203,06289,37.5866381789,127.0373610455
제기시장,105000204,06290,37.586385972,127.0352199679
제기시장,105000205,06291,37.5866248976,127.0346709609
외대역앞,105000207,06293,37.596009591,127.0609470779
외대역앞,105000208,06294,37.5960661454,127.0613604745
SK뷰아파트,105000569,06296,37.594405,127.065172
청랑리한신아파트.청량사입구,105000211,06297,37.5867421008,127.0474140067
전동초등학교.전농동SK아파트,105000212,06298,37.5777508201,127.060944646
벽산아파트,105000213,06299,37.5827562798,127.0305141879
제기동천주교회,105000214,06300,37.582856812,127.033571029
이문동쌍용아파트,105000215,06301,37.5988779848,127.0688553749
이문동쌍용아파트,105000216,06302,37.5988317049,127.0691211054
전동초등학교.전농동SK아파트,105000218,06304,37.578119856,127.061494401
한국산업인력공단서울지역본부,105000222,06308,37.5837445296,127.072970655
서울반도체고교.휘경주공아파트,105000223,06309,37.5841657316,127.0692518943
e편한세상청계센트럴포레아파트,105000559,06310,37.5708159089,127.0302942423
래미안장안1차아파트앞,105000226,06313,37.5668317101,127.0720204711
장평중학교앞,105000227,06314,37.564958189,127.0702527994
청량리미주상가앞,105000228,06315,37.5819579768,127.0472557344
동대문구청.용두역,105000229,06316,37.572834,127.04015
종로사약국,105000231,06318,37.5945213658,127.0653057725
회기동현대아파트,105000233,06320,37.5891109228,127.0544608913
우산빌딩앞,105000234,06321,37.588882349,127.0546770593
배봉산입구,105000235,06322,37.5803416249,127.0682039807
면곡시장,105000237,06324,37.5716446389,127.0810660939
동부아파트,105000243,06330,37.5866888977,127.0452316453
자동차부품상가,105000248,06335,37.5645946726,127.0577756725
청랑리한신아파트.청량사입구,105000262,06349,37.5865144976,127.0476686082
장안동삼성쉐르빌아파트앞,105000550,06356,37.5723084893,127.0702110373
동대문노인종합복지관,105000269,06357,37.5859460919,127.0497131121
쌍용아파트,105000270,06358,37.6013501097,127.0683889136
쌍용아파트,105000271,06359,37.6014674544,127.0685176937
삼육서울병원,105000287,06416,37.5902833371,127.0623612795
동일스위트리버앞.휘봉고교,105000288,06417,37.5871806733,127.0676591393
청량리수산시장,105000289,06418,37.5786434462,127.0408714095
휘봉초등학교,105000290,06419,37.5877063782,127.0696854187
휘경미소지움아파트,105000477,06422,37.5909282333,127.0645643148
서울반도체고교.휘경주공아파트,105000549,06423,37.5844695451,127.0697135361
용두동신동아아파트,105000479,06424,37.5740450496,127.0325997915
다사랑행복센터.서울문화재단,105000568,06425,37.571438,127.033757
청량리수산시장,105000488,06426,37.5789521614,127.0418950942
답십리역,105900043,06500,37.5667684599,127.0531915243
가든아파트.수사연구소,105900028,06501,37.5845492166,127.0720741928
회기역,105900027,06502,37.5901230159,127.0578476787
답십리역1번출구,105900026,06503,37.5684978574,127.0506963586
동일하이빌.현대베스트빌아파트,105900025,06504,37.5824731826,127.0739978057
동안교회,105900057,06505,37.593867821,127.0577430725
경희대입구,105900051,06506,37.5915657534,127.0527811217
청계한신휴플러스,103000508,06507,37.571807229,127.0450335285
시조사삼거리,105900061,06508,37.588481,127.053504
경희중고,105900024,06509,37.5943592428,127.056427291
경희대의료원.경희여중고,105900050,06510,37.594127,127.052311
한신휴플러스정문,105900041,06511,37.5727352624,127.0450796439
천장산로33,105000561,06512,37.598865,127.057872
경희맨션,105900023,06513,37.5956150844,127.0570001318
동아아파트,105900022,06515,37.5742471004,127.0455832239
삼성래미안,105000562,06516,37.600017,127.058495
경희대동문,105900021,06517,37.5966712234,127.0568673052
래미안라그란데,105000563,06518,37.59979,127.060119
전농119안전센터,105900020,06519,37.5761835356,127.0456081798
래미안라그란데,105000564,06520,37.599997,127.059674
외대.경희대후문,105900019,06521,37.5983128684,127.0571505475
전농1동치안센터,105900018,06523,37.5764222386,127.0480957022
휘경여중고.휘경주공아파트,105900017,06524,37.5824548381,127.0685629353
신성미소지움아파트,105900038,06526,37.5789318307,127.0501307614
삼성래미안,105900016,06528,37.5999118194,127.0573675632
청량리소화물취급소,105900039,06530,37.5805090878,127.0514146373
영광빌딩,105900036,06533,37.5818431221,127.0525059131
시립대입구,105900015,06537,37.5838521215,127.0534663672
외대앞역,105900056,06539,37.5953348737,127.0628249067
회기역종점,105900053,06546,37.5898517712,127.0587395905
외대.경희대후문,105900012,06556,37.5983039484,127.0569625455
신설동역1번출구,105900029,06557,37.5760124698,127.0236090065
천장산로33,105900060,06559,37.5988826722,127.0577550224
경희대동문,105900011,06560,37.5967406655,127.056746183
경희맨션,105900009,06564,37.5956556765,127.0569106983
경희중고,105900007,06567,37.5946512359,127.056342578
동안교회,105900006,06570,37.5928603119,127.0573015187
동대부고.은석초교앞,105900005,06572,37.5792594647,127.0736700296
서울시립대,105900004,06575,37.5831151587,127.0531816401
영광빌딩,105900037,06576,37.5819811249,127.0521991693
청량리소화물취급소,105900040,06577,37.5805903074,127.0511350317
신성미소지움아파트,105900031,06578,37.5786581335,127.0495757982
전농1동치안센터,105900032,06579,37.5762782623,127.0476065132
동대문해병전우회,105900033,06580,37.5763718959,127.0455245142
태양하나어린이집.동아아파트,105900034,06581,37.5740642361,127.0454348029
한신휴플러스후문,105900035,06582,37.572989629,127.0467315569
신답역,105900042,06583,37.5711404728,127.0492345839
삼희아파트1동,105900003,06584,37.5701586306,127.0505437481
답십리고미술상가2동,105900044,06585,37.5689958143,127.0514870981
답십리건축자재시장,105900045,06586,37.567473882,127.0534863549
답십리쌍마사거리,105900046,06587,37.5661899369,127.0552015711
부속상가,105900047,06588,37.5651430993,127.0566146653
고려대역3번출구,105900002,06591,37.5904833874,127.0365261369
의료원입구사거리,105900001,06594,37.5926993775,127.052658489
삼육서울병원,105900054,06595,37.5902762019,127.0622219909
장안삼거리,105000316,06626,37.5780291247,127.0723517263
장안사거리,105000318,06628,37.5732093887,127.0720255408
장안사거리,105000319,06629,37.5737862935,127.0716864575
장한평역,105000321,06631,37.5613847656,127.0667268548
청량리역,105000407,06755,37.580477,127.046268
서울시립대입구,105000408,06756,37.5828562643,127.0538030705
전농동사거리,105000409,06757,37.5772526361,127.0571016136
신답역,105000410,06758,37.5705481504,127.0477839986
장안삼거리,105000420,06768,37.5778473212,127.0719971746
신설동역오거리.서울풍물시장,105000426,06774,37.5742755859,127.0234166489
경동시장앞,105000438,06775,37.58056802,127.0386578148
경동시장사거리,105000555,06776,37.5772293536,127.038109149
힐스테이트장안센트럴,105000429,06777,37.5705802667,127.0704788124
힐스테이트장안센트럴,105000430,06778,37.5703410911,127.0707390026
동답초교.대림아파트,105000489,06779,37.5712072227,127.0652298839
정화여중.정화고등학교,105000557,06780,37.5868028035,127.0417530049
정화여중.정화고등학교,105000556,06781,37.5866113105,127.0418434744
동대문노인종합복지관,105000440,06999,37.5863103228,127.0492581619
망우역,106000001,07001,37.5978283589,127.0911385806
망우역,106000002,07002,37.5976031898,127.0904651716
상봉역.중랑우체국,106000003,07003,37.5959590869,127.0837435605
상봉역.중랑우체국,106000004,07004,37.5957231398,127.0833008263
중랑역.동부시장,106000005,07005,37.5939710999,127.076052048
중랑역.동부시장,106000006,07006,37.5936152929,127.0749381812
망우역.망우지구대,106000434,07007,37.5988449322,127.0953897414
망우역.망우지구대,106000435,07008,37.5985580019,127.0948710737
우림시장.망우사거리,106000433,07009,37.5995720624,127.0986406612
우림시장.망우사거리,106000432,07010,37.5993651842,127.0982214008
금란교회,106000431,07011,37.6005297976,127.1040333871
금란교회,106000430,07012,37.6003640418,127.1033574704
동부제일병원.망우역사문화공원,106000428,07013,37.6004643043,127.1089021873
동부제일병원.망우역사문화공원,106000429,07014,37.600478,127.107756
극동늘푸른아파트,106000007,07101,37.6147026458,127.0764039758
묵동자이.신도브래뉴아파트,106000008,07102,37.6152702687,127.0765885798
묵동삼거리.먹골역,106000009,07103,37.6125566965,127.0771199228
먹골역.묵동자이아파트,106000010,07104,37.6138350067,127.0770859657
한국전력동대문중랑지사,106000011,07105,37.6069574374,127.0782566814
한국전력동대문중랑지사,106000012,07106,37.6062295611,127.0787485573
지하철7호선중화역,106000013,07107,37.6026485718,127.0791563016
지하철7호선중화역,106000014,07108,37.602844147,127.0794497843
국민은행중화동지점,106000015,07109,37.5989360038,127.0798038601
중화동한신아파트,106000016,07110,37.5990762154,127.0801694529
상봉2동복합청사.도서관,106000017,07111,37.5918910703,127.0799782951
상봉2동복합청사.도서관,106000018,07112,37.5920379201,127.0802876655
면목2동주민센터.중목초등학교,106000019,07113,37.5893825204,127.079858977
면목2동주민센터.중목초등학교,106000020,07114,37.590203,127.080221
면목2동사거리,106000021,07115,37.5871549201,127.0797304665
면목2동사거리,106000022,07116,37.5874792439,127.0801196457
면목5동주민센터,106000023,07117,37.584884485,127.0796318097
장안시장,106000024,07118,37.5855216728,127.0800230935
면목신우아파트,106000025,07119,37.5802709857,127.0794405095
면목신우아파트,106000026,07120,37.5806329732,127.0798122666
면목119안전센터,106000027,07121,37.5735215001,127.0799088318
경남아너스빌아파트앞,106000028,07122,37.5747495207,127.0801546872
늘푸른동아아파트,106000029,07123,37.5724984572,127.0803571864
중랑역.동부시장1,106000030,07124,37.5939241378,127.0755226426
중랑역.동부시장1,106000476,07125,37.5939499392,127.0767665567
한샘교회,106000034,07128,37.5954173697,127.0824936944
신내지하차도,106000035,07129,37.5994734943,127.0971021652
상봉역2번출구,106000036,07130,37.5966238431,127.0872459258
신내지하차도,106000037,07131,37.599481396,127.0973547272
중랑구방정환교육지원센터,106000038,07132,37.5973635689,127.0886276147
망우역,106000039,07133,37.5986432684,127.0940702529
망우지구대,106000040,07134,37.5986916426,127.0955395871
망우지구대,106000041,07135,37.599106,127.096136
양원숲초등학교,106000485,07136,37.6096870825,127.1048434288
하나은행망우동지점,106000043,07137,37.5996261667,127.0985869435
양원숲초등학교,106000484,07138,37.6099687342,127.1047390625
금란교회앞,106000046,07140,37.6006015315,127.1037916856
금란교회앞,106000047,07141,37.600352,127.104129
능산사거리,106000486,07142,37.6084800438,127.1019452732
망우동고개,106000049,07143,37.6006884215,127.1073787404
서울우유앞,106000050,07144,37.592108,127.072817
서울우유앞,106000051,07145,37.5914485486,127.0731675854
중랑초등학교,106000052,07146,37.58932,127.074318
중랑초등학교,106000053,07147,37.5895100706,127.0742727085
동부시장남문입구,106000054,07148,37.5904314044,127.0776647513
동부시장남문입구,106000055,07149,37.5907703673,127.078259265
88병원,106000056,07150,37.5913119461,127.0808960477
상봉2동주민센터,106000057,07151,37.5916499462,127.0810883377
서울창업카페상봉점,106000058,07152,37.592028,127.083885
서울창업카페상봉점,106000059,07153,37.59224,127.083713
면목6거리,106000060,07154,37.5928794643,127.0878523328
면목6거리,106000061,07155,37.5929402273,127.0872031229
상봉신협,106000062,07156,37.5933652483,127.0899024613
상봉신협,106000063,07157,37.5936531571,127.0905684056
혜원사거리,106000065,07159,37.5943706333,127.0936742231
혜원여중고입구,106000066,07160,37.594427,127.09505
혜원여중고입구,106000067,07161,37.5947723198,127.0955543919
봉우재고개,106000068,07162,37.595025,127.097837
봉우재고개,106000069,07163,37.5951120639,127.0973048687
우림시장,106000070,07164,37.595398,127.09954
우림시장,106000071,07165,37.5955711191,127.0992893063
상봉역3번출구,106000072,07166,37.5942959108,127.0862158322
상봉역4번출구,106000073,07167,37.5941972708,127.0859396558
면목초등학교,106000074,07168,37.5913436688,127.0869725161
면목초등학교,106000075,07169,37.5913024354,127.0866780454
지하철7호선면목역,106000076,07170,37.5891321995,127.0872405771
지하철7호선면목역,106000077,07171,37.5891662321,127.0875225751
면목본동주민센터.면목정보도서관,106000078,07172,37.5869146062,127.0882415953
면목본동주민센터.면목정보도서관,106000079,07173,37.5865148002,127.0880980871
면동초등학교,106000080,07174,37.5842573049,127.0884543619
면동초등학교,106000081,07175,37.5848547979,127.0883599559
면목우체국.녹색병원,106000082,07176,37.5820548439,127.0887178358
면목우체국.녹색병원,106000083,07177,37.5827338377,127.088457429
사가정역.국민건강보험공단중랑지사,106000084,07178,37.5798599612,127.0880662837
사가정역2번출구,106000085,07179,37.5812242521,127.0884337896
면목시장,106000086,07180,37.5796470274,127.0876506935
면목7동주민센터.면남초등학교,106000087,07181,37.5786342777,127.0863248288
면목7동주민센터.면남초등학교,106000088,07182,37.5783,127.085932
방약국앞,106000089,07183,37.5757745627,127.0858494168
방약국앞,106000090,07184,37.575997,127.08574
중곡초등학교,106000091,07185,37.572917,127.084205
중곡초등학교,106000092,07186,37.5731508875,127.0841787922
삼룡사입구,106000093,07187,37.5976831695,127.1001745527
삼룡사입구,106000094,07188,37.5969440708,127.1004181775
용마공원입구,106000095,07189,37.5939199282,127.0994371442
용마공원입구,106000096,07190,37.594253,127.099292
면일초등학교,106000097,07191,37.5920174515,127.0984014013
면일초등학교,106000098,07192,37.591217,127.097627
서일대학교,106000099,07193,37.58951,127.0967
서일대학교,106000100,07194,37.5891941093,127.0968691549
용마문화복지센터.서일대후문,106000101,07195,37.586485,127.09538
용마문화복지센터.서일대후문,106000102,07196,37.586712,127.095167
중화중학교.면목고등학교,106000103,07197,37.5839979712,127.0940498031
"중화중학교,중랑구가족센터",106000104,07198,37.5847547944,127.0941651172
면중초등학교.면목중학교,106000105,07199,37.5812311904,127.0934632177
면중초등학교.면목중학교,106000106,07200,37.5822693524,127.0933286447
한양수자인사가정파크,106000107,07201,37.5800702505,127.0928893022
묵동공감대아파트,106000487,07202,37.6138410826,127.0781223172
면목동금호어울림아파트,106000108,07203,37.5792467583,127.0917165625
면목동금호어울림아파트,106000109,07204,37.5778374829,127.0907072898
면목동대원칸타빌아파트,106000110,07205,37.5777612239,127.0902826707
용마폭포공원,106000111,07206,37.5756922268,127.0887419869
용마폭포공원,106000112,07207,37.5759266564,127.0885475333
용마산역,106000113,07208,37.5733815658,127.0866708555
용마산역,106000114,07209,37.5735061163,127.0863981576
용마산하늘채아파트,106000115,07210,37.5710236763,127.086306987
용마산하늘채아파트,106000116,07211,37.5712581697,127.0860197064
묵동구길,106000117,07212,37.6155190845,127.0790554743
묵동구길,106000118,07213,37.6158923116,127.0790668957
묵1동주민센터입구.먹골역,106000119,07214,37.6118632153,127.077951746
묵1동주민센터입구.먹골역,106000120,07215,37.6125895905,127.0777995873
신성은하수아파트,106000121,07216,37.588577899,127.0737056648
신성은하수아파트,106000122,07217,37.5884540581,127.0734454772
면목2동한신아파트,106000123,07218,37.5873343176,127.0740441033
면목2동한신아파트,106000124,07219,37.586758,127.074238
겸재교입구.서울시집집마당,106000125,07220,37.5856077735,127.0758895994
겸재교입구.서울시집집마당,106000126,07221,37.5859071889,127.0761004529
동서그랜드맨션,106000127,07222,37.5861109566,127.0779518031
동서그랜드맨션,106000128,07223,37.5864865532,127.0788070081
하나은행면목지점,106000129,07224,37.586816107,127.081111399
하나은행면목지점,106000130,07225,37.5870278887,127.0810408656
면목복개천,106000131,07226,37.587913,127.086043
면목복개천,106000132,07227,37.5880528782,127.0856702328
면목역2번출구,106000133,07228,37.5884955539,127.0886340822
면목역2번출구,106000134,07229,37.5886788778,127.0885501828
동원전통종합시장정문,106000135,07230,37.5891826734,127.0919716473
동원전통종합시장정문,106000136,07231,37.5894466728,127.0919968842
혜원여중고후문,106000137,07232,37.590197,127.09618
혜원여중고후문,106000138,07233,37.590464896,127.0963952514
면목마젤란아파트,106000139,07234,37.5868243425,127.0837401254
면목마젤란아파트,106000140,07235,37.5867052516,127.0839472075
녹색병원입구,106000141,07236,37.5841544497,127.0836907108
녹색병원입구,106000142,07237,37.584902585,127.0833643143
면목두산1차.사가정아이파크,106000143,07238,37.5819331246,127.0838863683
면목두산1차.사가정아이파크,106000144,07239,37.5818306838,127.0834865686
면목두산아파트4.5단지,106000145,07240,37.5784555953,127.0811929141
면목두산아파트4.5단지,106000146,07241,37.5785405427,127.0810260054
사가정센트럴아이파크아파트,106000147,07242,37.5813735031,127.081988552
홈플러스면목동점,106000148,07243,37.581130873,127.0817183593
면목두산아파트2차,106000149,07244,37.5811079401,127.0848478468
면목두산아파트2차,106000150,07245,37.5809977174,127.0846429611
사가정역,106000151,07246,37.5809076897,127.0876316521
사가정역3번출구,106000152,07247,37.5806624166,127.0872973908
사가정시장,106000153,07248,37.5806427993,127.0894314037
사가정역4번출구.사가정시장,106000154,07249,37.5804401745,127.0893009686
용마산교차로,106000155,07250,37.5806359279,127.0925022558
중화2동주민센터,106000156,07251,37.6016352466,127.0767626166
중화2동주민센터,106000157,07252,37.6014130353,127.0770110188
중화역3번출구,106000158,07253,37.6017066002,127.0787352964
중화역3번출구,106000159,07254,37.6014504691,127.0789975477
중화역2번출구.중화1동주민센터,106000160,07255,37.6016944246,127.0806830436
중화역2번출구.중화1동주민센터,106000161,07256,37.601522,127.080945
중흥초등학교,106000162,07257,37.6017894225,127.082731936
중흥초등학교,106000163,07258,37.6016833408,127.0830923091
이화연립.경동제일교회앞,106000164,07259,37.6023518938,127.084996551
이화연립.경동제일교회앞,106000165,07260,37.6022944281,127.0853154073
쌍용아파트.신내테크노타운앞,106000166,07261,37.60335,127.088091
쌍용아파트.신내테크노타운앞,106000167,07262,37.6031155767,127.0880531041
엘지아파트앞,106000168,07263,37.6041023768,127.0898625255
엘지아파트앞,106000169,07264,37.6039493788,127.0900020003
신현중학교,106000170,07265,37.6053101712,127.0917485534
신현중학교,106000171,07266,37.6047917401,127.0914211649
중랑구청,106000172,07267,37.6066439712,127.0941822536
중랑구청,106000173,07268,37.6062056111,127.0936349035
동성프라자앞,106000174,07269,37.6077715316,127.0971854414
동성프라자앞,106000175,07270,37.6077071928,127.0976236907
성원아파트.경남아너스빌앞,106000176,07271,37.6039568351,127.0954657423
성원아파트.경남아너스빌앞,106000177,07272,37.6034500817,127.0958886791
중랑구청사거리,106000178,07273,37.6056205222,127.0952115317
중랑구청사거리,106000179,07274,37.6060573668,127.0953791322
신내동성3차아파트,106000180,07275,37.6076432141,127.0952480857
신내동성1.2차아파트,106000181,07276,37.6097526098,127.0960572283
신내10단지아파트,106000182,07277,37.6091470123,127.0955629892
신내9단지아파트,106000183,07278,37.6105694794,127.0959906996
신내8단지아파트.서울의료원,106000184,07279,37.6131148914,127.0961797384
신내9단지아파트.서울의료원,106000185,07280,37.612626142,127.0966220017
신내7단지아파트.홈플러스,106000186,07281,37.6152532096,127.0938875252
신내7단지아파트.홈플러스,106000187,07282,37.6155235948,127.0937064155
봉화초등학교,106000188,07283,37.6137609119,127.0917243901
봉화초등학교,106000189,07284,37.6138773039,127.0915285695
신내6단지아파트.옹기테마공원,106000190,07285,37.6138970824,127.0904185112
신내6단지,106000191,07286,37.6162098628,127.0917761025
신내6단지아파트.옹기테마공원,106000192,07287,37.6139812216,127.0900829285
신내우체국.5단지두산대림아파트,106000193,07288,37.6165664023,127.0900173419
신내우체국.5단지두산대림아파트,106000194,07289,37.6166348689,127.0897718167
중랑구립정보도서관.구민체육센터,106000195,07290,37.6156097571,127.0870833854
중랑구립정보도서관.구민체육센터,106000196,07291,37.6157123025,127.0871347189
신내4단지아파트,106000197,07292,37.6165927675,127.0860809693
신내5단지아파트,106000198,07293,37.6165271272,127.086246288
화랑대역6번출구,106000199,07294,37.6196403121,127.0858732595
화랑대역5번출구,106000200,07295,37.6198518169,127.0861849977
봉화산역2번출구,106000201,07296,37.6167043095,127.0931755465
봉화산역3번출구,106000202,07297,37.616458735,127.0929080569
중랑경찰서후문,106000203,07298,37.619876625,127.1055543519
새우개마을,106000204,07299,37.6182441062,127.1033558569
신내능마을,106000205,07300,37.6143619055,127.1016592961
신내능마을,106000206,07301,37.6145594387,127.1014318828
신내데시앙아파트.신내역프라디움,106000207,07302,37.6105405898,127.101332875
신내데시앙아파트.신내역프라디움,106000208,07303,37.6105382531,127.101015256
신내초등학교.신내교회,106000209,07304,37.6061555986,127.1007499588
신내새한아파트.신내교회,106000210,07305,37.605838161,127.101048541
능산지하차도,106000211,07306,37.6009474144,127.1006376085
능산지하차도,106000212,07307,37.6010819221,127.1003489912
상봉터미널,106000213,07308,37.5964661524,127.0931425288
상봉터미널,106000214,07309,37.5962266864,127.092859113
망우3동주민센터.혜원여중고후문,106000215,07310,37.5921676455,127.0935437056
망우3동주민센터.혜원여중고후문,106000216,07311,37.5924652462,127.0932383267
동원시장,106000217,07312,37.5904581513,127.0937068936
동원시장,106000218,07313,37.5903997916,127.0934407109
면목본동파출소,106000219,07314,37.5886709536,127.0941326831
면목본동파출소,106000220,07315,37.5871759203,127.0942915914
중화2동체육공원,106000221,07316,37.6003605105,127.0738729937
중화빗물펌프장,106000222,07317,37.5983343549,127.0720150896
중랑으뜸새마을금고본점,106000223,07318,37.595615,127.072125
중랑으뜸새마을금고본점,106000224,07319,37.5955321436,127.0723480536
중랑세무서,106000225,07320,37.5938170461,127.0724587364
중랑세무서,106000226,07321,37.5938844814,127.072696613
면목아남리치카운티아파트,106000228,07324,37.5904056002,127.0853817614
망우동고개,106000229,07325,37.6012829905,127.1083597586
망우금호어울림아파트,106000231,07327,37.6020220028,127.108053267
망우동금호어울림아파트,106000232,07328,37.6023627391,127.1080906424
경남아파트.서울특별시북부병원,106000233,07329,37.6038260938,127.1071130742
서울특별시북부병원,106000234,07330,37.6040965947,127.1071826257
양원역입구,106000235,07331,37.6055398887,127.1061947194
양원역입구,106000236,07332,37.6056398133,127.106301327
양원리.LH서울양원1단지,106000237,07333,37.6095278447,127.1065901668
양원리.신내역힐데스하임아파트,106000238,07334,37.6096361832,127.1065048426
신내차량사업소입구.동서울교회,106000239,07335,37.6117522212,127.1052682161
신내차량사업소입구.동서울교회,106000240,07336,37.6115852113,127.105257509
중랑공영차고지,106000241,07337,37.613645229,127.1020230606
면목아남리치카운티아파트,106000249,07346,37.5903178004,127.0850893069
중랑소방서,106000250,07347,37.6148745872,127.0952202984
세방아파트입구,106000251,07348,37.6151092487,127.0846193165
원묵고등학교,106000252,07349,37.6156010333,127.0855859412
먹골파출소.신안아파트입구,106000253,07350,37.6145590063,127.0823392781
먹골파출소.신안아파트입구,106000254,07351,37.6144133573,127.0812404699
신안2차아파트,106000255,07352,37.6147974229,127.0788949924
신안2차아파트입구,106000256,07353,37.6144119098,127.080062537
중랑소방서,106000257,07354,37.6146822138,127.0952174211
송곡여고.양원역,106000258,07355,37.6057286331,127.105800493
송곡여고.양원역,106000259,07356,37.605473,127.1056
엘림재가방문요양센터,106000260,07357,37.6046853285,127.1035239722
엘림재가방문요양센터,106000261,07358,37.604392,127.103255
이화미디어고.중랑숲어린이도서관,106000262,07359,37.6032313021,127.1021141659
이화미디어고.중랑숲어린이도서관,106000263,07360,37.6031193851,127.1023246716
금란교회,106000264,07361,37.601292358,127.101992086
금란교회,106000265,07362,37.60118,127.10215
망우사거리,106000266,07363,37.6005378384,127.1001455367
망우사거리,106000267,07364,37.6003751191,127.0999213485
신내지하차도,106000268,07365,37.5999201792,127.0974107927
신내지하차도,106000269,07366,37.5997615516,127.0974547542
신내6단지아파트,106000270,07367,37.6164103875,127.0917055579
브라운스톤태릉아파트,106000271,07369,37.6182750652,127.0830767893
브라운스톤태릉아파트,106000272,07370,37.6181760443,127.082952084
구묵동교,106000273,07371,37.618035,127.079282
구묵동교,106000274,07372,37.618000502,127.0794582367
동양쇼핑,106000275,07373,37.6154401612,127.0783873294
동양쇼핑,106000276,07374,37.6156197109,127.0779686293
우리은행,106000277,07375,37.6157665771,127.076789072
목동교입구.로프트원오피스텔,106000278,07376,37.6155845183,127.076850054
한국아파트,106000279,07377,37.6149321561,127.073241805
동구햇살아파트,106000280,07378,37.6134823027,127.0740058681
묵동롯데시네마,106000281,07379,37.6148475372,127.0752719666
묵동롯데시네마,106000282,07380,37.615029837,127.0755071723
브라운캐슬,106000283,07381,37.613589603,127.075317679
브라운캐슬,106000284,07382,37.6136191751,127.0755737065
먹골역입구,106000285,07383,37.6114639864,127.0758008697
먹골역입구,106000286,07384,37.6114909487,127.0759056609
묵2동주민센터,106000287,07385,37.6098946925,127.0760354677
묵2동주민센터,106000288,07386,37.6099095261,127.0761956874
금보당금은방,106000289,07387,37.6081884895,127.0764232694
금보당금은방,106000290,07388,37.6079263237,127.0766496237
신묵초등학교입구,106000291,07389,37.6067354594,127.0767077415
신묵초등학교,106000292,07390,37.6067399055,127.0767983469
제일시장,106000293,07391,37.6049696369,127.0769920333
제일프라자,106000294,07392,37.6049962662,127.0771419617
신동신약국,106000295,07393,37.6035367408,127.0772499173
신동신약국,106000296,07394,37.6034689076,127.0774178373
중화역입구.대원사약국,106000297,07395,37.6012530842,127.0777107671
중화역입구,106000298,07396,37.601900968,127.0777474502
태릉시장입구,106000299,07397,37.5994786312,127.0780328218
태릉프라자약국.농협,106000300,07398,37.5983356921,127.0771464085
태릉시장입구굴다리,106000301,07399,37.5966765194,127.0757518958
우남푸르미아아파트,106000303,07401,37.6072435159,127.0992085559
우남푸르미아아파트,106000304,07402,37.606984993,127.0992197585
신내초등학교,106000305,07403,37.6051950212,127.0977024595
신내초등학교,106000306,07404,37.6053772766,127.0979376894
경남아파트,106000307,07405,37.6028372991,127.0969519586
대명프라자,106000308,07406,37.6024633795,127.0970063858
건영아파트,106000309,07407,37.6023453076,127.0959547422
상봉1동주민센터,106000310,07408,37.6004378473,127.0876490313
상봉1동주민센터,106000311,07409,37.6006651301,127.0873672963
신내쌍용아파트,106000312,07410,37.601538208,127.0874691143
신내쌍용아파트,106000313,07411,37.6022345053,127.087174952
면목두산아파트2.3단지,106000477,07415,37.579814057,127.0826783287
망우역,106000318,07417,37.5986297908,127.0929810127
중랑공영차고지.신내역,106000319,07418,37.613532392,127.102796137
중랑캠핑숲.서울특별시북부병원,106000320,07420,37.605022,127.108843
양원역,106000321,07421,37.6063443498,127.1074180142
성은교회앞,106000322,07422,37.5971721716,127.0719816228
해모로아파트앞,106000324,07424,37.6019303688,127.1113412232
먹골역5번출구,106000325,07425,37.6089365533,127.0778546804
먹골역4번출구,106000326,07426,37.6093643524,127.0781824676
중화2동체육공원,106000327,07427,37.6003626826,127.0736950143
태릉고등학교앞,106000328,07429,37.618437592,127.0853769562
태릉고등학교.원묵초등학교,106000329,07430,37.618294625,127.0872443872
태릉고등학교.원묵초등학교,106000330,07431,37.6180387443,127.087341249
서울의료원후문,106000439,07432,37.6137726593,127.0974333582
서울의료원후문,106000438,07433,37.613665,127.098397
신내데시앙아파트후문,106000436,07434,37.6131628134,127.0994457719
신내데시앙아파트후문,106000437,07435,37.6130754494,127.1002631605
중화중학교삼거리,106000440,07436,37.5864491668,127.0948851433
새우개마을입구,106000441,07437,37.6142437258,127.099770009
신내역프라디움더테라스후문,106000442,07438,37.6126730935,127.10186655
용마산빌라,106000443,07439,37.5713121285,127.0841213979
신내역4번출구,106000454,07440,37.6124792229,127.1033381633
능말입구,106000450,07442,37.6138466599,127.1056704161
망우역사문화공원,106000482,07443,37.6015482363,127.1152135677
망우역사문화공원,106000483,07444,37.6018460877,127.1153104035
신내SKV1센터,106000481,07446,37.614461291,127.1132712119
능말입구,106000451,07447,37.6137803146,127.1054798008
중랑경찰서후문,106000456,07448,37.6196890354,127.1048418581
당너머,106000462,07450,37.612606,127.109738
당너머,106000463,07451,37.612494,127.109838
신내데시앙포레아파트220동앞,106000459,07452,37.6154037584,127.1128015572
신내데시앙포레아파트220동앞,106000458,07453,37.6159863803,127.1127524972
신내데시앙포레아파트정문앞,106000461,07454,37.6165642773,127.1109420061
새솔초등학교입구,106000460,07455,37.6172677017,127.1098030048
새솔초등학교,106000457,07456,37.6174362942,127.1083861254
중랑경찰서정문.우디안101동앞,106000464,07457,37.6177710478,127.1056205034
중랑경찰서정문.우디안101동앞,106900027,07458,37.6176886487,127.1053545797
신내우디안아파트107동앞,106000466,07459,37.6156282044,127.1054535122
신내우디안아파트107동앞,106000465,07460,37.6152979971,127.1058994532
신내10단지아파트,106000468,07461,37.6103866911,127.0952912241
중랑공영차고지삼거리,106000469,07462,37.6129735956,127.1046668259
우디안아파트114동앞,106000472,07463,37.6188635865,127.1074162008
우디안아파트114동앞,106000471,07464,37.6190845701,127.1071503349
늘푸른공원.면목라온프라이빗,106000475,07465,37.5831084305,127.0796405872
월곡역,107000043,08133,37.6030699938,127.0423481401
늘푸른공원.사가정센트럴아이파크,106000474,07466,37.5830485102,127.0799298741
브라운캐슬B동,106000473,07467,37.6136471439,127.0749989291
진로아파트앞.용마산동행길.종점,106900021,07500,37.5876130613,127.1019875708
중화동종점,106900019,07501,37.6000603766,127.082531829
진주빌라.바다약국,106900022,07502,37.5882702086,127.1000297097
정신교회,106900018,07503,37.599794443,127.0813967466
마을금고,106900017,07504,37.5996788543,127.0804464349
공판장,106900016,07505,37.5886290229,127.0991229153
수협,106900015,07506,37.5995534192,127.0793873937
새마을금고,106900024,07507,37.5891664311,127.0976560283
태릉시장,106900014,07508,37.5997722467,127.0782426453
서일대정문,106900029,07509,37.5883050259,127.0960782719
신일교회,106900013,07510,37.5877930543,127.094431648
서일대정문,106900028,07511,37.587813951,127.0961200991
면목역,106900012,07512,37.588313321,127.0869542692
중랑초교정문.면목2동치안센터,106900010,07515,37.5896743021,127.0760239509
한신아파트상가,106900009,07517,37.5884214469,127.0765526169
IBK기업은행면목동지점,106900030,07518,37.5876550553,127.085009712
한신아파트후문,106900008,07519,37.5873563919,127.0765028357
마을금고,106900007,07520,37.5995049778,127.0803975494
정신교회,106900006,07521,37.5996555334,127.0816027142
중화동종점,106900004,07523,37.599933245,127.0826438086
지하철7호선면목역,106900020,07524,37.588387996,127.088323368
면목본동파출소,106900003,07525,37.5878158428,127.0941044299
새마을금고,106900025,07526,37.5890945823,127.097321946
공판장,106900002,07527,37.5884903229,127.0990423344
진주빌라.바다약국,106900026,07528,37.588189,127.099993
진로아파트앞.용마산동행길.종점,106900023,07529,37.5875477419,127.1019846511
수협,106900001,07530,37.5993830841,127.0794313809
중랑공영차고지.신내역,106000467,07550,37.613209,127.103628
중랑공영차고지.종점,106000480,07551,37.613322,127.104468
사가정역3번출구,106000470,07554,37.5807358238,127.0870023398
망우역,106000427,07771,37.5986473807,127.0925152302
길음2동주민센터,107000001,08001,37.6069061871,127.028209324
길음2동주민센터,107000002,08002,37.6061107314,127.027468805
길음뉴타운,107000003,08003,37.6037080396,127.0242800346
길음뉴타운,107000004,08004,37.603111303,127.0234418237
미아리고개.미아리예술극장,107000005,08005,37.5988112954,127.0217090638
미아리고개.미아리예술극장,107000006,08006,37.5979210002,127.0218209221
돈암사거리.성신여대입구,107000007,08007,37.5937432794,127.0181313708
돈암사거리.성신여대입구,107000008,08008,37.5932509586,127.0176837862
삼선교.한성대학교,107000009,08009,37.5899227463,127.0093609216
삼선교.한성대학교.조소앙활동터,107000010,08010,37.589325923,127.0082314311
숭곡초교입구,107000011,08101,37.6098576825,127.0320881862
창문여고,107000012,08102,37.6118505947,127.035819966
동방고개,107000013,08103,37.6137075663,127.0382739231
장위동그린빌아파트,107000014,08104,37.6178525754,127.0431131466
북서울꿈의숲,107000015,08105,37.6203171059,127.0453451219
장월초등학교,107000016,08106,37.6235604931,127.0486034702
국민대앞,107000017,08107,37.6106795513,126.9940273315
국민대앞,107000018,08108,37.611089494,126.9940766263
국민대학교앞,107000020,08110,37.6108079623,126.9946485975
청덕초등학교입구,107000021,08111,37.6086704828,126.999082643
청덕초등학교입구,107000022,08112,37.60863,127.00006
북악중학교,107000023,08113,37.607386,127.002908
고려대사범대학부속고등학교,107000024,08114,37.607888,127.002378
봉국사,107000025,08115,37.605854,127.007624
봉국사,107000026,08116,37.606138,127.007657
정릉2동주민센터,107000027,08117,37.604593,127.011258
정릉2동주민센터,107000028,08118,37.6049808949,127.0111989608
숭덕초교,107000029,08119,37.6033583637,127.0146827395
숭덕초교,107000030,08120,37.603698019,127.0151143204
정릉길음시장,107000031,08121,37.6022155634,127.0193251172
정릉길음시장.길음뉴타운9단지,107000032,08122,37.6025691568,127.0195998271
길음역2번출구.돈암삼성아파트,107000033,08123,37.6018744304,127.0245753189
길음역3번출구B,107000034,08124,37.6020413112,127.0237698953
돈암1동주민센터,107000035,08125,37.6036715396,127.0264232103
돈암1동주민센터,107000036,08126,37.6045116804,127.0265678982
종암사거리,107000037,08127,37.603607,127.031172
KT월곡지사,107000038,08128,37.6024463961,127.0343782041
KT월곡지사,107000039,08129,37.6030292596,127.0347002149
종암SK아파트,107000040,08130,37.602046721,127.0376139648
성북구보건소,107000041,08131,37.6025890639,127.0391628595
월곡역,107000042,08132,37.601628727,127.0414527013
동덕여대앞,107000044,08134,37.6030027838,127.0428338902
상월곡역.한국과학기술연구원,107000045,08135,37.605588258,127.0472775982
상월곡역.한국과학기술연구원,107000046,08136,37.605489,127.046447
월곡중학교,107000047,08137,37.606895,127.049787
월곡중학교,107000048,08138,37.6069663554,127.0492360318
장위아트포레.장위전통시장입구,107000049,08139,37.608343,127.052529
장위아트포레.장위전통시장입구,107000050,08140,37.6084472513,127.0521051555
돌곶이역5번출구,107000051,08141,37.611291,127.058213
돌곶이역1번출구,107000052,08142,37.6105861206,127.0562084808
장위동동원베네스트.온누리병원,107000053,08143,37.612043,127.058969
석관동주민센터,107000054,08144,37.613393,127.061917
석관동주민센터,107000055,08145,37.6134412485,127.0614333997
석계역굴다리앞,107000056,08146,37.6143314819,127.0657965807
석계역4번출구,107000057,08147,37.615104,127.067112
성가복지병원,107000058,08148,37.6058827177,127.0311378827
성가복지병원,107000059,08149,37.6059227612,127.0315287406
종암경찰서,107000060,08150,37.6014326326,127.0330443723
종암경찰서,107000061,08151,37.6011063729,127.0336839773
종암동주민센터,107000062,08152,37.5994152643,127.0341075456
종암동주민센터,107000063,08153,37.5983737481,127.0349566767
숭례초교,107000064,08154,37.5948052663,127.0356811781
숭례초등학교,107000065,08155,37.5943969245,127.036170198
고대앞,107000066,08156,37.5885636851,127.0348108154
우신향병원,107000067,08157,37.5851359404,127.0316104668
안암오거리,107000068,08158,37.5824863475,127.029064935
대광초교,107000069,08159,37.5797066498,127.0250277117
정릉북한산국립공원입구,107000070,08160,37.6177209169,126.9992949087
정릉산장아파트,107000071,08161,37.6167130001,127.0033451915
정릉대우아파트,107000072,08162,37.616708,127.00386
정릉4동주민센터.경국사,107000073,08163,37.6135243952,127.0063369706
정릉4동주민센터.경국사,107000074,08164,37.6133621964,127.0067135499
성북청수도서관.정릉4동성당,107000075,08165,37.6115696748,127.0084193769
성북청수도서관.정릉4동성당,107000076,08166,37.6108955811,127.0090747434
정릉시장입구,107000077,08167,37.6084653256,127.0098212542
정릉시장입구,107000078,08168,37.6080327763,127.0101519307
정릉우체국앞,107000079,08169,37.6051645031,127.0114121305
정릉우체국앞,107000080,08170,37.6053925733,127.0115259154
미아초교,107000081,08171,37.6115318739,127.0220389791
미아초교,107000082,08172,37.6108866161,127.0224658136
길음동동부아파트,107000083,08173,37.607282869,127.023530903
길음동동부아파트,107000084,08174,37.6080248717,127.0234547019
삼선동주민센터,107000085,08175,37.5906107149,127.0143473137
삼선동주민센터,107000086,08176,37.5906917676,127.0147153546
성북구청.성북경찰서,107000087,08177,37.5881513802,127.0174306588
성북구청.성북경찰서,107000088,08178,37.5886054063,127.0172299027
보문역2번출구,107000089,08179,37.5858514183,127.0189209428
보문역6번출구,107000090,08180,37.5848759024,127.019770675
보문동성당,107000091,08181,37.5823963244,127.0207962235
보문동성당,107000092,08182,37.582398971,127.0211155216
보문동주민센터,107000093,08183,37.5804514958,127.0218634882
보문동주민센터,107000094,08184,37.5800480873,127.0223781466
월계2교.참누리아파트,107000095,08185,37.6232183587,127.0503746013
월계2교,107000096,08186,37.623825,127.050133
광운초교앞,107000097,08187,37.6199529582,127.0529580116
광운초교,107000098,08188,37.6202857913,127.053113038
성북청소년센터,107000099,08189,37.616488,127.056887
성북청소년센터,107000100,08190,37.6161560006,127.0575142283
장위자이레디언트아파트,107000101,08191,37.6141178016,127.0592242299
장위자이레디언트아파트,107000102,08192,37.61397337,127.0597361132
장위사거리,107000103,08193,37.6115892599,127.0618334097
장위사거리,107000104,08194,37.6119253322,127.0618298638
석관중고등학교앞,107000105,08195,37.6092611472,127.0640251528
석관고등학교,107000106,08196,37.6094354736,127.064361798
석관동코오롱아파트,107000107,08197,37.6065852831,127.0661262457
석관동코오롱아파트,107000108,08198,37.606655,127.06635
북서울꿈의숲,107000109,08199,37.6192462321,127.0451012788
북서울꿈의숲,107000110,08200,37.6191131219,127.0456590521
장곡초교앞,107000111,08201,37.6176594647,127.0477168014
장곡초교앞,107000112,08202,37.6177065388,127.0479421691
진흥선원,107000113,08203,37.6162107764,127.0500209793
진흥선원,107000114,08204,37.61643,127.050048
장위동원천주유소,107000115,08205,37.6146908982,127.0525710587
장위동원천주유소,107000116,08206,37.6146307869,127.0529741295
길음역,107900180,08830,37.6044477074,127.0256430693
돌곶이역2번출구,107000117,08207,37.6120921548,127.0555322537
돌곶이역7번출구,107000119,08209,37.610227,127.057553
돌곶이역3번출구,107000120,08210,37.611744,127.056203
석관시장,107000121,08211,37.6086897394,127.0590704145
석관시장,107000122,08212,37.6090023944,127.0590600371
석관동새마을금고,107000123,08213,37.6074589679,127.0603973513
석관동새마을금고,107000124,08214,37.6072717639,127.0609375732
한국예술종합학교,107000125,08215,37.6056471604,127.0618293174
한국예술종합학교,107000126,08216,37.6057619079,127.0620208629
돈암힐스테이트.코오롱하늘채,107000520,08218,37.5984370068,127.0142965055
꿈의숲아이파크아파트,107000129,08219,37.6180160676,127.0513840846
꿈의숲아이파크아파트,107000130,08220,37.6180139626,127.0510442788
장곡초교사거리,107000131,08221,37.617218,127.050137
장곡초교사거리,107000132,08222,37.617273387,127.0499054393
서울다원학교.한용운활동터,107000133,08223,37.594504378,126.9918132916
동방문화대학원대학교,107000134,08224,37.5944954542,126.9931664205
동방문화대학원대학교,107000135,08225,37.5947840057,126.9937265473
성북구립미술관.쌍다리앞,107000136,08226,37.5935941166,126.9958337905
성북구립미술관.쌍다리앞,107000137,08227,37.5937446022,126.995943628
성북초교.성북선잠박물관,107000138,08228,37.5930630687,126.9987771128
성북초교.성북선잠박물관,107000139,08229,37.5930854464,126.9978031597
홍익대부속중고등학교입구,107000140,08230,37.5932175334,127.0006477466
홍익대부속중고등학교입구,107000141,08231,37.5932724917,127.0015310386
경신중고입구,107000142,08232,37.5917865725,127.0028344034
경신중고입구,107000143,08233,37.5924098258,127.0026665502
성북동주민센터.서울동구고,107000144,08234,37.5907466938,127.0036474176
성북동주민센터.서울동구고,107000145,08235,37.5909389227,127.0038751968
한성대입구역5번출구.삼선교,107000146,08236,37.588812,127.005502
한성대입구역6번출구.삼선교,107000147,08237,37.589094071,127.0056130939
서울다원학교.한용운활동터,107000514,08238,37.5947386247,126.9916547399
장위래미안아파트,107000522,08239,37.618894052,127.0524720755
종월2교,107000496,08240,37.5973107996,127.0412493106
창문여고,107000504,08241,37.6117802597,127.0356906378
장위래미안아파트,107000521,08242,37.6188534243,127.0526589415
남대문중학교,107000528,08243,37.6180556213,127.0546974877
남대문중학교,107000529,08244,37.617766679,127.055378769
길음시장,107000150,08245,37.603009102,127.023582426
길음시장,107000151,08246,37.603149768,127.0230920656
길음역11번출구,107000152,08247,37.6046830059,127.0259507581
길음역10번출구,107000153,08248,37.605087769,127.0259217322
미아사거리,107000154,08249,37.6101676658,127.0300443665
서경로꿈마루도서관앞,107000155,08250,37.6115052388,127.013387398
길원초등학교입구,107000156,08251,37.6104382371,127.0143749082
길원초등학교입구,107000157,08252,37.610337,127.014672
길음뉴타운11단지롯데캐슬,107000158,08253,37.608833917,127.0153629325
길음뉴타운11단지롯데캐슬,107000159,08254,37.608783,127.015477
정릉동아.길음뉴타운데시앙아파트,107000160,08255,37.606292268,127.0149528803
길음뉴타운데시앙.정릉동아아파트,107000161,08256,37.60641,127.015123
숭덕초교,107000162,08257,37.6038076998,127.0145783295
성북생태체험관,107000163,08258,37.6202232341,127.0064961192
정릉초교,107000164,08259,37.619058,127.00634
정릉동풍림상가앞,107000165,08260,37.6167005028,127.0077085694
정릉동풍림상가앞,107000166,08261,37.6167639907,127.008189261
정릉동풍림아파트.청소년문화의집,107000167,08262,37.6164772363,127.0086761598
정릉입구.정릉역,107000168,08263,37.6024257513,127.0135090711
정릉입구.정릉역,107000169,08264,37.6028763481,127.0135073176
아리랑고개.아리랑시네미디어센터,107000170,08265,37.6006317832,127.0137784395
아리랑고개.아리랑시네미디어센터,107000171,08266,37.6004661719,127.0137361959
돈암2동주민센터입구.흥천사,107000172,08267,37.5967201329,127.0151169845
돈암2동주민센터입구.흥천사,107000173,08268,37.596199747,127.01560379
성신여대입구역5번출구,107000174,08269,37.5937399685,127.0161354636
성신여대입구역6번출구,107000175,08270,37.5937466869,127.0164185434
한국과학기술연구원입구,107000176,08271,37.603913,127.044818
대농빌라앞,107000177,08272,37.601778,127.043291
월곡샹그레빌아파트,105000474,08273,37.5954776166,127.0408149328
월곡샹그레빌아파트,107000178,08274,37.5954008225,127.0408915697
장위동고개,107000179,08275,37.6142454988,127.0406505559
장위동고개,107000180,08276,37.6143780182,127.0409175754
장위1동주민센터,107000181,08277,37.613861789,127.0427868796
장위1동주민센터,107000182,08278,37.6139940851,127.043464302
장위1동치안센터,107000183,08279,37.613833,127.045172
장위1동치안센터,107000184,08280,37.6139750583,127.046117453
청소년문화누림센터,107000185,08281,37.6135912081,127.0484390748
청소년문화누림센터,107000186,08282,37.6138828968,127.0487688779
월곡1동주민센터,107000187,08283,37.610829856,127.035225829
월곡1동주민센터,107000188,08284,37.6103304009,127.0356202126
밤나무골시장,107000189,08285,37.6094533376,127.0356802463
월곡삼성래미안아파트,107000190,08286,37.609399,127.035937
월곡동두산아파트,107000191,08287,37.6066191426,127.03659179
월곡동두산아파트,107000192,08288,37.60679973,127.0367046867
생명의전화,107000193,08289,37.604518,127.037215
생명의전화,107000194,08290,37.6041772379,127.0375355438
장곡초교,107000197,08293,37.6162024332,127.0485302331
장곡초교,107000198,08294,37.6161195728,127.048798454
보문역5번출구,107000199,08295,37.5854637287,127.0202535696
보문역4번출구,107000200,08296,37.5856511849,127.0200803771
안암동주민센터,107000201,08297,37.5860464325,127.021938613
안암동주민센터,107000202,08298,37.5862680197,127.0223689592
고려대이공대.고대병원,107000203,08299,37.58617438,127.0259867888
고려대이공대.고대병원,107000204,08300,37.5864334391,127.0258793196
안암역3번출구,107000205,08301,37.586229248,127.0305239036
안암역2번출구,107000206,08302,37.5863644753,127.0302759807
안암오거리,107000207,08303,37.5832964381,127.0295931093
개운사입구,107000208,08304,37.5858303361,127.029458235
성신여대입구역3번출구.돈암시장,107000209,08305,37.591444,127.016715
성신여대입구역2번출구.돈암시장,107000210,08306,37.5917149004,127.0167719353
성북구청,107000211,08307,37.589376,127.01817
성북구청,107000212,08308,37.5899335613,127.0175710536
보문2교,107000213,08309,37.5891196342,127.0194349551
보문2교,107000214,08310,37.589049348,127.0191459598
성신여대후문,107000215,08311,37.5890493392,127.0220957059
성신여대후문,107000216,08312,37.5891349314,127.0221070536
용문중고교,107000217,08313,37.5876943273,127.0229774528
용문중고교,107000510,08314,37.5873563855,127.0231483316
안암초교,107000219,08315,37.5869202094,127.0233961765
안암초교,107000220,08316,37.5871051895,127.0234339727
돈암초교입구,107000222,08318,37.5910757635,127.0121379652
정릉3동주민센터앞,107000224,08320,37.608447409,127.0044112283
정릉3동주민센터앞,107000225,08321,37.6085559975,127.0047217755
삼덕단지.성북구최만린미술관,107000226,08322,37.6103867411,127.0050597014
삼덕단지.성북구최만린미술관,107000227,08323,37.610712,127.005234
솔샘사거리,107000228,08324,37.6127787922,127.0069541753
솔샘사거리,107000229,08325,37.6126699762,127.0072777201
보문역3번출구,107000230,08326,37.585933,127.019202
성북우체국.현대백화점,107000231,08327,37.6078214049,127.0293808251
정릉동풍림아파트,107000232,08328,37.6164839779,127.008888534
현대백화점,107000233,08329,37.6082685042,127.0292316503
돈암동일신건영휴먼빌아파트,107000234,08330,37.601461,127.013386
석계역5번출구,107000235,08332,37.6138925287,127.0653703051
석계역,107000236,08333,37.6135987601,127.0654622702
월곡2SH빌아파트,107000237,08334,37.5975109278,127.0422175977
석관고등학교후문,107000238,08335,37.610699249,127.0664988617
길음역3번출구A,107000239,08336,37.6022078826,127.0243191825
청소년문화의집.정릉e편한세상,107000240,08338,37.6151911012,127.0089068708
상진운수종점,107000243,08341,37.6111977438,127.0652478073
상진운수종점,107000244,08342,37.6112674279,127.065628767
대진여객차고지,107000246,08344,37.617689,127.000797
정릉북한산국립공원입구,107000249,08347,37.6178583179,126.9993487096
풍림아파트삼거리,107000508,08348,37.617339,127.007432
성북생태체험관,107000251,08349,37.6201534076,127.0064961131
정릉초교,107000252,08350,37.618938,127.006424
파크빌라앞,107000524,08351,37.5982256085,127.005908199
골드하우스,107000523,08352,37.5984869558,127.0045550193
월곡중학교,107000255,08353,37.6062348572,127.0478487259
508단지삼거리,107000257,08355,37.5993330895,127.0055357424
산장빌라,107000259,08357,37.5990157438,127.0074088371
산장빌라,107000260,08358,37.5987761153,127.0073998099
성북참노인전문병원,107000506,08359,37.597675,127.005665
교수단지,107000262,08360,37.5996669769,127.009282874
우방아파트,107000263,08361,37.6002114009,127.0094554943
일신건영아파트.꿈에그린아파트,107000515,08363,37.6014914182,127.0121089813
일신건영아파트.꿈에그린아파트,107000266,08364,37.6014510424,127.0122269985
돈암힐스테이트.코오롱하늘채,107000267,08365,37.5988330463,127.014404006
북악슈퍼,107900313,08831,37.5975084085,126.9949423033
돈암동일신건영휴먼빌아파트,107000268,08366,37.6016437467,127.0136260986
구민회관입구,107000269,08367,37.596703351,127.0064556975
508단지입구,107000270,08368,37.5991744552,127.006386249
스카이힐스,107000271,08369,37.599483255,127.0036633229
508단지삼거리,107000272,08370,37.5992258555,127.0056342632
대일외고.서경대정문,107000273,08371,37.612945,127.013145
서경대본관,107000274,08372,37.61546,127.011423
서경대본관,107000275,08373,37.615626,127.011687
길음뉴타운8단지,107000281,08380,37.60757,127.015877
길음뉴타운8단지,107000280,08381,37.6074068143,127.0157040433
서경로꿈마루도서관앞,107000282,08382,37.611633,127.013476
국민커뮤니티센터,107000290,08390,37.6122826515,127.0044096525
정릉연립,107000291,08391,37.6122135456,127.00437181
국민대후문,107000292,08392,37.6111973107,126.9994533062
국민대후문,107000293,08393,37.6111729841,126.9998640907
고려대사범대학부속고등학교후문,107000294,08394,37.6095059773,126.9992950559
고려대사범대학부속고등학교후문,107000295,08395,37.6094614333,126.9995106864
월곡래미안루나밸리,107000296,08396,37.5996556599,127.0411600129
길음뉴타운10단지.라온유아파트,107000497,08400,37.6029875372,127.0181336142
숭곡초교후문,107000501,08401,37.609277551,127.0328337687
월곡아남아파트,107000502,08402,37.6064773977,127.0345110882
월곡동신아파트,107000500,08403,37.6045305985,127.0360244691
돌곶이역8번출구,107000505,08404,37.610303,127.056327
한성대입구역,107000509,08405,37.5893629858,127.0047236816
장위동입구,107000516,08406,37.6137313245,127.0390305016
북한산보국문역2번출구,107000518,08408,37.612293899,127.0079858233
북한산보국문역1번출구,107000519,08409,37.6120835499,127.008329146
일신초교.래미안라센트아파트,107000525,08410,37.598241968,127.039436762
서울사대부설중학교,107000526,08411,37.5961434071,127.0383641124
서울사대부설고등학교,107000527,08412,37.5936473735,127.0371653045
일신휴먼빌.우정아파트,107900267,08448,37.600439405,127.0112533717
고려아파트,107900001,08449,37.5985623481,127.0272458091
장월초교.참누리아파트,107900305,08450,37.6234017046,127.0482620157
동방주택,107900304,08451,37.6165854246,127.0437263808
장위중학교,107900303,08452,37.6119090424,127.0405010899
신안APT.길음초등학교,107900284,08453,37.6142243316,127.0164202375
정릉4동종점,107900278,08454,37.6129436918,127.0101775182
산림초소,107900273,08455,37.6139199881,126.9979440805
정릉2동주민센터,107900272,08456,37.604467,127.011536
성신여대입구역3번출구,107900280,08457,37.5922918719,127.0164516544
삼선푸르지오APT앞,107900248,08458,37.5851583375,127.0135777075
한성대정문,107900256,08459,37.5825625217,127.0112286496
한신113동앞,107900246,08460,37.5943426813,127.0085997586
낙산삼거리,107900244,08462,37.5802666048,127.0105670837
돈암2동주민센터,107900245,08463,37.5975911861,127.0108661056
종암중학교,107900143,08464,37.5932844701,127.0348752977
종암교통정보센터,107900104,08465,37.5940261807,127.0359029589
고려슈퍼,107900077,08466,37.598640621,127.027767923
슈퍼앞,107900048,08467,37.6158087153,127.0422165656
월곡청소년센터.오동숲속도서관,107900032,08468,37.6110151894,127.0404315108
푸르지오211동,107900005,08469,37.612893,127.017015
KEB하나은행.오렌지마트,107900002,08470,37.6113037986,127.0091703259
중앙하이츠정문,107900268,08471,37.6026973686,127.0109779802
한양슈퍼앞,107900004,08474,37.5834681227,127.0111699073
구민회관.201동앞,107900006,08475,37.5955879331,127.0092873052
돈암지구대.현대아파트,107900007,08477,37.596978894,127.0127098361
선경아파트,107900008,08478,37.5943749086,127.0344613329
세븐마트,107900009,08479,37.5925498469,127.0356653798
죽림정사,107900010,08480,37.5995314443,127.0292269396
나약국,107900012,08482,37.6143344683,127.041354229
동아아파트,107900013,08483,37.6081543482,127.0474093545
월곡인조잔디구장,107900014,08484,37.6086618783,127.0394708753
푸르지오정문.e편한세상후문,107900015,08485,37.6119651381,127.0176158808
넓은마당,107900274,08487,37.6146057316,126.9997043527
중앙하이츠후문,107900269,08488,37.6035344728,127.0093597957
성신여대정문앞,107900016,08489,37.590765825,127.0197375056
한성대입구3거리,107900257,08490,37.5864120039,127.0109450153
(구)법화사,107900017,08491,37.5847416354,127.0110898368
이수아파트.한신휴아파트입구,107900018,08492,37.5966164967,127.0141174417
극동아파트정문,107900019,08493,37.5954238021,127.0343689551
고려대법과대학.한국어교육관입구,107900020,08494,37.5913557733,127.0330195331
래미안세레니티,107900021,08495,37.5990484356,127.0293309418
장위1동주민센터,107900291,08497,37.6138183526,127.0432920552
이지마트,107900295,08498,37.6097861067,127.0476777016
월곡1동밤골경로당,107900023,08499,37.6074171689,127.0403853901
새생명교회,107900158,08500,37.6110319213,127.018240126
도광사,107900275,08502,37.6154094907,127.001466925
정수초교,107900024,08503,37.6043724341,127.0088361313
성신여대평생교육원,107900025,08504,37.5892753684,127.02006663
성신여대입구역5번출구,107900259,08505,37.593452,127.016236
극동아파트후문,107900026,08506,37.5960223777,127.0334881714
고려대안암학사,107900027,08507,37.5912582105,127.030584842
통일교회,107900028,08508,37.5977570629,127.0297868295
장위1동치안센터,107900030,08510,37.6138039967,127.0455235372
GS25장위제일점,107900031,08511,37.610855472,127.0482277397
초림빌라,107900033,08512,37.6074650247,127.0410680515
대림상가앞,107900034,08513,37.6108023697,127.019928561
현대아파트앞,107900035,08514,37.6090831925,127.0203178716
산장아파트,107900036,08516,37.616659953,127.0035140799
그린빌라,107900037,08517,37.6039281291,127.008202672
삼선시장앞,107900038,08519,37.5881107312,127.0088742018
종암아이파크2차정문,107900039,08521,37.5968921594,127.0326607185
고려대아이스링크,107900040,08522,37.5930412509,127.0278066095
그린마트,107900041,08523,37.5979829182,127.0310202081
장위동성당앞,107900043,08526,37.6126113808,127.0489730694
동덕여대후문,107900044,08527,37.6066542137,127.0408382727
e편한세상정문,107900045,08528,37.6111129362,127.0216763929
래미안821동앞,107900046,08529,37.6063912219,127.0217978896
정수빌라,107900047,08532,37.6034392147,127.0078193261
한성대입구역.성북천분수마루,107900049,08534,37.5880973543,127.0067691679
삼선시장,107900254,08535,37.5881449546,127.0091097341
동방고개,107900292,08536,37.6137524896,127.0383227067
정덕초교입구.이수아파트,107900050,08537,37.5967304932,127.0144253969
현대홈마트,107900051,08538,37.59774179,127.0330031027
성북구의회,107900052,08539,37.594558093,127.0264561677
종암아이파크2차후문,107900053,08540,37.5978024471,127.0319702953
장위시장,107900055,08542,37.6133087107,127.0500348524
두산아파트후문,107900056,08543,37.605962848,127.0402905965
파리바게트앞,107900302,08544,37.6113884844,127.0226562581
길음시장입구,107900282,08545,37.6051725267,127.0223666084
길음역출구,107900283,08546,37.6022105821,127.0243523151
그린빌라,107900057,08548,37.6037248291,127.0082621961
한신105동앞,107900249,08550,37.592651899,127.0088903855
장위동그린빌아파트,107900293,08551,37.6177787253,127.0430066211
돈암지구대.현대아파트,107900058,08552,37.5971725293,127.0127463341
개운중학교,107900060,08554,37.5941781735,127.0248944002
성북노인정입구,107900061,08555,37.5978526869,127.0327766528
어해랑앞,107900063,08557,37.6139775278,127.0529124982
자산약국.월곡전철역입구.6호선,107900064,08558,37.6043412492,127.0392307477
동부아파트.샘물교회앞,107900065,08559,37.6118369827,127.0238853806
길음역7번출구,107900281,08560,37.604146,127.024173
수녀원,107900066,08562,37.6119203778,127.0053135319
정수초교,107900067,08563,37.6041816433,127.0087719123
고려대이공대,107900068,08564,37.586127814,127.025042317
삼선교.한성대입구역,107900069,08566,37.5894788054,127.0051556693
한신103동앞,107900070,08567,37.5922035215,127.0082620546
북서울꿈의숲,107900298,08568,37.6199450324,127.0451511821
돈암신일해피트리아파트,107900071,08569,37.5977882419,127.0110067037
통일교회,107900072,08570,37.5978597954,127.0297528957
풍림아파트.성신초교,107900073,08571,37.5951930807,127.0235199391
한미약국,107900074,08572,37.598912,127.034352
장위자이레디언트2단지,107900076,08574,37.614853,127.054654
래미안길음센터피스120동앞,107900079,08576,37.6120078422,127.0255414558
중앙하이츠후문,107900270,08580,37.6034488866,127.0092606947
고대병원,107900080,08581,37.5861138287,127.0271631411
풍림106동,107900081,08584,37.5976425376,127.0220560921
성북노인정입구,107900082,08585,37.5979671042,127.0328514477
성북청소년센터,107900083,08586,37.616426,127.056928
장위3동주민센터,107900084,08587,37.615919,127.055661
동덕여대부속유치원앞,107900350,08588,37.6061228727,127.0452758609
영훈중고후문.길음래미안센터피스,107900086,08589,37.612454342,127.0274932778
성북미디어문화마루,107900087,08590,37.604206,127.022848
구.정릉3동주민센터,107900088,08592,37.6094883196,127.0058966843
중앙하이츠정문,107900271,08593,37.6026956338,127.0107185841
한성대입구역5번출구,107900090,08596,37.5892202337,127.0050894402
참누리아파트,107900091,08597,37.622979,127.047741
고명중고교,107900093,08598,37.5987114012,127.0203281149
종암아이파크2차후문,107900285,08599,37.5979024838,127.0319114484
장위자이레디언트1단지,107900097,08600,37.6152176785,127.0581116015
석계역7번출구,107900357,08603,37.614303,127.065428
석관두산아파트,107900358,08604,37.6141629103,127.0676260739
성북레포츠타운,107900359,08605,37.6100821203,127.0703008849
석관고,107000530,08606,37.610065,127.067226
미아사거리전철역,107900100,08657,37.6123270172,127.0297023033
길음시장입구,107900101,08662,37.605175,127.022454
정든마을,107900102,08714,37.6094586262,127.0073021258
국민은행장위동지점,107900308,08715,37.6135767647,127.048192117
고대사거리,107900103,08716,37.5862774378,127.032286944
한성대입구역2번출구,107900107,08718,37.5885307766,127.0067963836
삼선교제1시장,107900108,08721,37.5877945813,127.0068903011
개운초등학교,107900110,08722,37.6013301158,127.0288153961
정릉쌍용예가아파트,107900113,08727,37.5995443971,127.0175918525
그린마트,107900115,08728,37.5980964627,127.0309919428
래미안610동앞,107900118,08731,37.605554924,127.0222829921
수보약국,107900120,08733,37.6086862377,127.007874243
쌍다리,107900125,08734,37.5934247138,126.9958836268
녹십자약국,107900127,08744,37.5896344415,127.0092820358
삼선교제2시장,107900128,08745,37.5877791457,127.0086669439
종암래미안,107900129,08748,37.6017407751,127.0297680319
힐스테이트,107900130,08749,37.599802358,127.0170331603
현대백화점,107900131,08750,37.6083206204,127.0293255215
래미안609동앞,107900132,08751,37.6065398941,127.0218415618
오렌지마트,107900133,08757,37.6113614529,127.0093640245
정릉시장입구,107900134,08758,37.6082706923,127.0098053714
용광교회,107900135,08759,37.5925307938,126.9948588415
삼영탕앞,107900136,08760,37.5888116861,127.0100292895
성북세무서앞,107900137,08765,37.5881655969,127.0101254524
종암아이파크1차후문,107900138,08766,37.6021839366,127.0304477445
우성APT정문,107900139,08767,37.6006018719,127.0152065619
길음2동주민센터,107900141,08769,37.6066792098,127.0278026247
래미안501동앞,107900142,08770,37.6086973016,127.020692544
북정마을삼거리,107900144,08771,37.5925495961,126.9925917473
성북세무서앞,107900145,08772,37.5878763191,127.010448131
본교회앞,107900146,08773,37.5886421351,127.0116236224
성북소방서,107900147,08775,37.6025734873,127.0309356235
장위자이레디언트1단지,107900148,08780,37.615128,127.058557
석계역,107900299,08781,37.6146287295,127.0647168159
장위2동주민센터,107000531,08782,37.6127866945,127.0548564845
길음역7번출구,107900149,08783,37.604236,127.024372
장위2동주민센터,107000532,08784,37.6128820215,127.0550830532
돌곶이역3번출구,107000533,08785,37.6111169884,127.0568972381
길음1동주민센터.길음중앙새마을금고앞,107900150,08786,37.609922941,127.0197436999
국민은행사거리,107900307,08787,37.6137056129,127.0482091911
슈퍼앞,107900151,08788,37.5931263008,126.9927207864
한성대입구사거리,107900152,08789,37.5858614419,127.0109053037
성북경찰서사거리앞,107900153,08790,37.5896248782,127.0147162769
종암아이파크1차정문,107900154,08791,37.6035229732,127.0303644793
꿈의숲대명루첸아파트,107900354,08792,37.6197496401,127.0480041459
돈암힐스테이트.코오롱하늘채,107900155,08795,37.5985154642,127.0142623966
고려슈퍼,107900156,08796,37.5986595673,127.0276682695
성북청소년센터,107900157,08797,37.6165801077,127.0571250268
새생명교회,107900159,08798,37.6109999704,127.0183054636
돈암코오롱하늘채.일신휴먼빌,107900351,08799,37.5995992222,127.0113466683
서경대정문.대일외고,107000444,08800,37.613125159,127.0130249816
북정경로당,107900160,08801,37.5926486034,126.9909757805
(구)법화사,107900162,08807,37.5845908968,127.0109979664
범양APT입구,107900165,08808,37.6039526599,127.0272103996
선잠로3길입구,107900340,08809,37.5959526063,126.9972123529
선잠로3길입구,107900341,08810,37.596027983,126.9968838263
원진프라자앞,107900306,08815,37.5995439814,127.0329450077
푸르지오정문.e편한세상후문,107900171,08819,37.61229132,127.0176895841
선잠단지.성락원앞,107900318,08821,37.5947299049,126.9989242882
선잠단지.성락원앞,107900317,08822,37.5945947562,126.9989214593
북정마을삼거리.모정앞,107900174,08823,37.5923603438,126.9922226001
성북동성당,107900315,08824,37.5954461773,126.9977806154
성북동성당,107900316,08825,37.5954754571,126.9976560572
성북빌리지,107900314,08826,37.5967146098,126.9966104959
성북빌리지,107900309,08827,37.5966512245,126.9965774499
한양슈퍼앞,107900177,08828,37.5835870776,127.0110533004
돈암초등학교,107900255,08829,37.5915399594,127.0123873098
래미안장위퍼스트하이아파트,107900344,08832,37.6195039893,127.0505518894
북악슈퍼,107900312,08833,37.5975408896,126.9948250653
푸르지오211동,107900182,08835,37.613075,127.016919
용광교회,107900185,08836,37.5924406819,126.9947886382
길상사,107900311,08837,37.5983184366,126.9938901546
수협동소문동지점,107900188,08838,37.5904336247,127.0102797636
길상사,107900310,08839,37.598274,126.993744
정릉꿈에그린아파트,107900320,08840,37.6015704448,127.0115042175
종암사거리입구,107000469,08841,37.6009938271,127.0334093139
정릉꿈에그린아파트,107900321,08842,37.6015704448,127.0112628186
아리랑시장,107900323,08843,37.6024197844,127.0114966535
아리랑시장,107900324,08844,37.6022616471,127.0113725526
중앙하이츠빌아파트,107900322,08845,37.6025545235,127.0107922182
세계문화유산정릉,107900326,08846,37.6015365015,127.0096709641
정릉꿈에그린1단지,107900325,08847,37.6021750047,127.0108956099
일신휴먼빌.우정아파트,107900319,08848,37.6000835088,127.0113042765
돈암코오롱하늘채아파트,107900331,08849,37.5988806852,127.0113125874
돈암코오롱하늘채아파트,107900330,08850,37.5987928328,127.0113720246
힐스테이트입구,107900190,08854,37.6065115165,127.0281286376
한국가구박물관입구,107900327,08855,37.5992909467,126.9926082763
우리옛돌박물관.정법사,107900329,08856,37.600604,126.99003
한국가구박물관입구,107900328,08858,37.5997706972,126.9921864081
북서울꿈의숲,107000495,08866,37.6203566244,127.0452973432
장위3동주민센터,107900191,08868,37.615948,127.055394
쌍다리,107900194,08872,37.5933823665,126.9959968718
삼선교,107900195,08873,37.5891741149,127.0074486831
현대백화점별관주차장,107900197,08874,37.6075367209,127.0291417258
장위자이레디언트2단지,107900201,08876,37.61486,127.054397
간대어린이공원,107900355,08877,37.6186378364,127.0511834599
돌곶이역2번출구,107900356,08878,37.6115075259,127.0561739802
성가복지병원앞,107900286,08881,37.6059394924,127.0311141214
꿈의숲코오롱하늘채아파트,107900203,08883,37.6191413885,127.0456141233
어해랑앞,107900204,08884,37.614046655,127.0526527202
고대병원,107900206,08886,37.5864829118,127.0262501333
한신103동앞,107900208,08888,37.5920233074,127.0082088116
성북소방서,107900210,08889,37.6027999972,127.031525069
장위시장,107900213,08892,37.6134406042,127.0505764271
생명의전화로터리,107900215,08893,37.6038353025,127.0378090878
정릉시장입구.정릉약국,107900216,08894,37.608370718,127.0097442213
꿈의숲동문앞,107900338,08895,37.6209240431,127.0458244048
꿈의숲대명루첸아파트,107900339,08896,37.6193829059,127.0469646561
종암아이파크1차후문,107900219,08897,37.602206504,127.0302914603
돈암힐스테이트.코오롱하늘채,107900262,08898,37.5987916924,127.0143670046
자산약국.월곡전철역입구.6호선,107900224,08900,37.6041727102,127.0393382553
수보약국,107900226,08901,37.608704248,127.0080441437
종암래미안,107900230,08904,37.6018588018,127.0298303694
장위동성당앞,107900234,08908,37.6123942977,127.0487837637
월곡시장.동덕여대오거리,107900239,08909,37.6041273834,127.0427144806
정든마을,107900241,08910,37.6096167331,127.0073694927
용문중고교,107900265,08911,37.58776,127.023075
개운초등학교,107900240,08912,37.601682,127.02905
우성APT정문,107900238,08913,37.6004509363,127.0152061932
나약국,107900237,08914,37.614294786,127.0414527557
GS25장위제일점,107900236,08915,37.6110537358,127.0481667022
월곡로데오거리,107900235,08916,37.6048993942,127.0438728583
대동슈퍼,107900233,08917,37.6111778561,127.0058854907
한진206동앞,107900261,08919,37.5954940982,127.0107232511
죽림정사앞,107900232,08920,37.5996513018,127.0291748905
쌍용APT,107900231,08921,37.6000277168,127.0164193819
슈퍼앞,107900229,08922,37.6156500659,127.0423241257
이지마트,107900228,08923,37.6099870685,127.0476291248
동아아파트정문앞,107900227,08924,37.6068870252,127.0461343399
수녀원입구,107900243,08925,37.6118951367,127.0055480005
성신여대평생교육원,107900258,08926,37.5893438185,127.0202580181
명신초.삼선푸르지오.힐스테이트,107900225,08927,37.5822593867,127.0145993366
브라운스톤,107900223,08928,37.5992976541,127.0176785796
동아아파트,107900297,08930,37.6080318541,127.0472756242
월곡중학교입구,107900221,08931,37.6075912815,127.0471292345
돈암시장,107900220,08934,37.5913019518,127.0134834289
창신쌍용2단지.한성대후문,107900218,08935,37.5813963581,127.0127354927
고명중고교,107900217,08936,37.5984610236,127.02029673
상월곡역,107900290,08937,37.6068638336,127.0478038236
월곡초교,107900214,08938,37.6091289096,127.0461798986
산장아파트,107900279,08939,37.616608793,127.0034685688
성북구청.경동고입구,107900209,08941,37.5878015805,127.0175977286
한신301동앞,107900207,08942,37.5962151136,127.0089861462
낙산삼거리,107900199,08943,37.5802801396,127.0103598878
풍림아파트,107900196,08945,37.5974334637,127.022078987
월곡중학교,107900193,08946,37.6067975857,127.0488367104
월곡초등학교후문,107900242,08947,37.6113791943,127.0454756183
도광사,107900276,08948,37.6154320192,127.0013581804
경동고앞,107900189,08949,37.5870414318,127.0149048675
구민회관.201동앞,107900187,08950,37.5954999855,127.0091043886
현대홈마트,107900186,08951,37.5977742664,127.0328694828
풍림아파트.성신초교,107900184,08952,37.595269765,127.0230545241
누구나교회,107900183,08953,37.6119083534,127.0448959944
넓은마당,107900277,08954,37.6146859282,126.9997383348
삼선노인정,107900179,08956,37.5863747515,127.0138720583
한신113동앞,107900178,08957,37.5944634325,127.0085261637
종암아이파크2차정문,107900176,08958,37.596973297,127.0325169289
개운중학교,107900175,08959,37.5940465738,127.0250868706
태광빌라,107900173,08960,37.6122936821,127.043916285
삼선초교,107900172,08961,37.5851065492,127.0134135316
동구고등학교후문,107900169,08962,37.5937038561,127.0084192423
극동아파트후문,107900168,08964,37.596016114,127.0333330207
성북구의회,107900167,08965,37.5944860839,127.0261062172
장위1동노인정,107900166,08966,37.6116143881,127.043044981
고려대역.숭례초교,107000507,08967,37.5948925645,127.036034544
극동아파트정문,107900164,08969,37.5954193263,127.0342670319
고려대아이스링크,107900163,08970,37.5929132964,127.0278065619
하트마트편의점,107900161,08971,37.6120812083,127.0415425301
선경아파트,107900126,08972,37.5943641285,127.0343480838
고려대안암학사,107900124,08973,37.5912538614,127.029975612
종암중학교,107900123,08975,37.5932304366,127.0347676921
고려대법과대학.한국어교육관입구,107900122,08976,37.591334,127.033307
해병대전우회,107900121,08977,37.5924290939,127.0356891028
성북세무서앞,107900119,08979,37.5879222642,127.0105659012
꿈의숲대명루첸아파트,107900117,08980,37.6208195823,127.0456216446
래미안세레니티,107900116,08981,37.5990565246,127.0294147509
양광교회.죽림정사앞,107900114,08982,37.5995701571,127.0293639897
석관동주민센터,107900112,08983,37.6129858688,127.0613211365
한신105동앞,107900111,08984,37.5926731519,127.0090298604
한신108동앞,107900250,08985,37.5935739534,127.0094244147
스카이프라자앞.111동앞,107900251,08986,37.5945110389,127.010411688
한진207동앞,107900105,08987,37.5963140934,127.0106667452
한진202동앞,107900106,08988,37.5965292419,127.0096986249
한진204동앞,107900109,08989,37.5964459011,127.0096872905
한진207동앞,107900264,08990,37.5963571148,127.0104211977
스카이프라자앞.111동,107900252,08991,37.5947555941,127.0104114676
한신108동앞,107900253,08992,37.5939786975,127.0096419085
삼선동주민센터,107900095,08997,37.5910090068,127.0142590636
수유3동우체국,108000001,09001,37.6413456809,127.0291614982
수유3동우체국,108000002,09002,37.6408930184,127.0288270779
수유역.수유사거리,108000003,09003,37.6365085542,127.024004631
수유역.강북구청,108000004,09004,37.6375917165,127.0253079045
수유시장.성신여대미아캠퍼스앞,108000005,09005,37.6312262117,127.0241719892
수유시장.성신여대미아캠퍼스앞,108000006,09006,37.6303501914,127.024614399
미아역.신일중고,108000007,09007,37.6248696784,127.0266493048
미아역.신일중고,108000008,09008,37.6242950292,127.0270450398
도봉세무서.성암국제무역고,108000009,09009,37.6197140913,127.028719403
도봉세무서.성암국제무역고,108000010,09010,37.6188372063,127.0292480892
미아사거리역,108000011,09011,37.6137621245,127.0299325391
미아사거리역,108000012,09012,37.6128943078,127.0302131064
수유역.강북구청,108000378,09013,37.6382895216,127.0258703828
우이동도선사입구.북한산우이역,108000014,09102,37.6626545921,127.0127134568
우이동성원아파트,108000015,09103,37.660809,127.013424
우이동성원아파트,108000016,09104,37.662045,127.013357
강북씨앤지,108000017,09105,37.659690941,127.013759831
서라벌중학교.우이동대우아파트,108000018,09106,37.655152,127.012954
덕성여대.솔밭근린공원,108000019,09107,37.6513809333,127.0126091716
4.19민주묘지역,108000020,09108,37.6491109904,127.0137114618
4.19민주묘지역,108000021,09109,37.649113,127.014019
국립4.19민주묘지입구사거리,108000022,09110,37.648147,127.013448
국립4.19민주묘지입구사거리,108000023,09111,37.647978,127.013435
국립419묘지삼거리.윤극영가옥,108000024,09112,37.64653,127.010438
국립419묘지삼거리.윤극영가옥,108000025,09113,37.6463224596,127.0106931578
인수동백운교회입구,108000026,09114,37.644587883,127.0106566466
인수동백운교회입구,108000027,09115,37.644309423,127.0109421731
인수초등학교.극동아파트,108000028,09116,37.6425036675,127.010828591
인수초등학교.극동아파트,108000029,09117,37.6423108154,127.0110529305
서울영어마을수유캠프.국립재활원입구,108000030,09118,37.6400512667,127.0119023303
서울영어마을수유캠프.국립재활원입구,108000031,09119,37.6403058,127.011851385
인수동장미원,108000032,09120,37.6450333774,127.0155272484
인수동장미원,108000033,09121,37.6445998945,127.0159997041
가오리역,108000034,09122,37.64188,127.016555
가오리역,108000035,09123,37.6416805827,127.0168113608
강북청년창업마루,108000036,09124,37.646853,127.01746
강북청년창업마루,108000037,09125,37.6467578286,127.0170948735
수유2동주민센터.우이시장,108000038,09126,37.6450886664,127.019428906
수유2동주민센터.우이시장,108000039,09127,37.644893,127.020202
광산사거리,108000040,09128,37.6433654819,127.0217661991
광산사거리,108000041,09129,37.643651517,127.021916414
우이초등학교후문,108000042,09130,37.6383971504,127.0136267756
우이초등학교후문,108000043,09131,37.6384286647,127.0138284749
인수동청수탕입구,108000044,09132,37.6371680139,127.0128648965
인수동청수탕입구,108000045,09133,37.6365184578,127.0130723558
우이초교정문입구,108000046,09134,37.6365089299,127.0171140536
우이초교정문입구,108000047,09135,37.63681,127.017357
화계사입구.한신대학교대학원,108000048,09136,37.6339738966,127.013957617
화계사입구.한신대학교대학원,108000049,09137,37.6337259037,127.0139522376
수유동삼양탕앞,108000050,09138,37.63408,127.015551
수유동삼양탕앞,108000051,09139,37.6338204001,127.0149108072
화계사입구사거리.화계역,108000052,09140,37.6342866157,127.016899104
화계사입구사거리.화계역,108000053,09141,37.6339931438,127.0168721385
강북노인종합복지관,108000054,09142,37.6344334502,127.0189955726
강북노인종합복지관,108000055,09143,37.634217125,127.0191414322
신일병원,108000056,09144,37.6347226913,127.0222678339
신일병원,108000057,09145,37.6343871166,127.0212163361
강북구청,108000058,09146,37.640715,127.025665
강북구청,108000059,09147,37.6406143243,127.0262068516
강북경찰서입구,108000060,09148,37.6351433469,127.0286868166
강북경찰서입구,108000061,09149,37.6349869893,127.0291221925
북부시장입구,108000062,09150,37.6354345171,127.0318782573
북부시장입구,108000063,09151,37.6351732556,127.0322955083
번동사거리,108000064,09152,37.6361251293,127.0350310027
번동사거리,108000065,09153,37.6356319935,127.0345096148
북부수도사업소,108000066,09154,37.6342350364,127.0361604414
북부고용노동지청,108000067,09155,37.6349568396,127.0352743398
수유보건지소,108000068,09156,37.6333403549,127.0174696835
수유보건지소,108000069,09157,37.6332538827,127.0177047638
빨래골입구.수유1동주민센터,108000070,09158,37.629858846,127.017765125
빨래골입구.서울수유초등학교,108000071,09159,37.630007,127.017982
롯데마트삼양점.래미안1차아파트,108000072,09160,37.6252947897,127.0182240004
롯데마트삼양점.래미안1차아파트,108000073,09161,37.6254702234,127.0184390605
삼양초등학교,108000074,09162,37.6232424458,127.0189878991
삼양초등학교,108000075,09163,37.623407,127.019088
삼양사거리역,108000076,09164,37.6218299513,127.0201740841
삼양사거리역,108000077,09165,37.62151722,127.0205867332
삼양동사거리.래미안트리베라,108000078,09166,37.6180883036,127.0213079919
삼양동사거리.래미안트리베라,108000079,09167,37.6185334123,127.0214576496
송천초등학교.미아뉴타운입구,108000080,09168,37.6154596915,127.0221103696
송천초등학교.미아뉴타운입구,108000081,09169,37.6140963114,127.0223138592
삼양동사거리,108000082,09170,37.619327,127.021935
삼양동사거리,108000083,09171,37.6191447206,127.0217902854
성암국제무역고.성암여중,108000084,09172,37.6183241886,127.0249842203
성암국제무역고.성암여중,108000085,09173,37.6179423926,127.0255230955
삼양입구사거리,108000086,09174,37.6172887669,127.0283809304
삼양입구사거리,108000087,09175,37.61706,127.028487
강북보건소,108000088,09176,37.6322518875,127.0390339762
신창교.강북소방서,108000089,09177,37.633285201,127.0385729384
강북보건소,108000091,09179,37.632478,127.039233
번동주공4단지,108000092,09180,37.6313780406,127.0399848073
초안교,108000093,09181,37.63111,127.04109
번동주공3단지,108000094,09182,37.6290195783,127.0434628856
벌리교.번동주공3단지,108000095,09183,37.628652,127.044375
번동주공1단지,108000096,09184,37.6255071471,127.048129578
번동주공1단지.2단지,108000097,09185,37.627015,127.047227
오현초등학교,108000098,09186,37.6234130879,127.0479843518
북서울꿈의숲,108000099,09187,37.6191713406,127.0442546555
송중동한일유엔아이,108000100,09188,37.6137499056,127.0379534336
창문여고앞,108000101,09189,37.611997767,127.0354111524
숭곡초등학교입구,108000102,09190,37.6100221835,127.0318277681
강북청소년센터,108000106,09194,37.6456670533,127.0068382647
강북청소년센터,108000107,09195,37.6457796797,127.0067787872
국립4.19민주묘지,108000108,09196,37.6468996874,127.0091441274
국립4.19민주묘지,108000109,09197,37.64695,127.008957
강북중학교,108000110,09198,37.6448419212,127.0235480508
북부수도사업소,108000111,09199,37.634381273,127.036703825
광산사거리,108000112,09200,37.6425235501,127.0229920646
광산사거리,108000113,09201,37.643844513,127.0231023914
수유중앙시장,108000115,09203,37.6403601066,127.0227228438
대한병원,108000117,09205,37.6367337539,127.0231692841
삼성화재강북지점,108000118,09206,37.6355100656,127.0248073406
강북구청사거리.번1동주민센터,108000119,09207,37.638748,127.028345
강북구청사거리.번1동주민센터,108000120,09208,37.638982,127.028612
수송초등학교,108000121,09209,37.636832,127.031455
수송초등학교,108000122,09210,37.636998,127.031647
혜화여고.수유중학교입구,108000123,09211,37.6321134046,127.0135834136
혜화여고.수유중학교입구,108000124,09212,37.6319759796,127.013795806
서울정인학교.우광타운,108000125,09213,37.6292133906,127.013001965
서울정인학교.우광타운,108000126,09214,37.6292978747,127.013126928
구세군강북종합사회복지관입구,108000127,09215,37.6247738195,127.0123860255
구세군강북종합사회복지관입구,108000128,09216,37.62492,127.012504
솔샘중고등학교.팔팔·미송경로당,108000129,09217,37.623368,127.013138
솔샘중고등학교.팔팔·미송경로당,108000130,09218,37.6232608308,127.0130269844
동북프라자,108000131,09219,37.6199019961,127.0182061055
동북프라자,108000132,09220,37.6199944163,127.0187973439
두산위브아파트입구,108000133,09221,37.6200218233,127.0162572448
두산위브아파트입구,108000134,09222,37.6201498963,127.0161949742
삼각산동SK아파트북한산시티미양초등학교,108000135,09223,37.6201843608,127.0133943451
삼양동벽산라이브파크미양초등학교,108000136,09224,37.6203083333,127.0126071297
SK아파트.벽산아파트상가,108000137,09225,37.6197323732,127.0111968544
SK아파트.벽산아파트상가,108000138,09226,37.6199369055,127.0113418872
솔샘터널,108000139,09227,37.6187769661,127.0092342783
번동주공아파트3단지4단지,108000140,09228,37.6293796927,127.0399359248
번동주공아파트3단지4단지,108000141,09229,37.63011,127.041138
번동초등학교,108000142,09230,37.6289388579,127.0398418797
번동한솔솔파크,108000143,09231,37.627663862,127.0382810784
번동한솔솔파크,108000144,09232,37.6275338363,127.037812026
번동해모로아파트,108000145,09233,37.6263750938,127.0368164778
번동해모로아파트,108000146,09234,37.6268511292,127.0370034124
강북문화정보도서관,108000147,09235,37.6252315157,127.0372886392
강북문화정보도서관,108000148,09236,37.6253893015,127.0369290562
동문굿모닝힐,108000149,09237,37.6235474611,127.0377556282
동문굿모닝힐,108000150,09238,37.623740389,127.0374543779
북서울꿈의숲서문,108000151,09239,37.6225842756,127.0375263014
꿈의숲롯데캐슬아파트,108000152,09240,37.6179925377,127.0358153703
꿈의숲롯데캐슬아파트,108000153,09241,37.6185988921,127.0359374797
경남아너스빌.꿈의숲해링턴아파트,108000154,09242,37.6164972882,127.0345036012
경남아너스빌.꿈의숲해링턴아파트,108000155,09243,37.6167487855,127.0345744355
송중초등학교,108000156,09244,37.6164216339,127.031162228
송중초등학교,108000157,09245,37.6165541394,127.0316486841
수유3동우체국,108000158,09246,37.6400256713,127.0275793554
수유3동우체국,108000159,09247,37.6400597793,127.0281157885
수유역.노스페이스문화센터,108000160,09248,37.6389518521,127.026897397
수유역6번출구,108000161,09249,37.6376933332,127.0250607476
미아역8번출구.신일중고,108000165,09253,37.627378539,127.025544449
영신여객차고지(우이동종점),108000382,09255,37.662868,127.011523
영신여객차고지(우이동종점),108000383,09256,37.6629182765,127.0112627968
미아사거리역.송천동우체국,108000172,09260,37.6153850288,127.0297349566
미아사거리역,108000173,09261,37.6105034099,127.0305298034
한신대학교,108000175,09263,37.635375886,127.0130710226
수유사거리,108000178,09266,37.6346209227,127.0243325744
수유사거리,108000179,09267,37.6349248841,127.0249133041
송중동주민센터앞,108000181,09269,37.6160580688,127.0333691522
송중동경남아너스빌정문,108000182,09270,37.6133360851,127.0340715248
북서울꿈의숲서문,108000183,09271,37.6227175379,127.0378333766
수유역.강북구청,108000184,09272,37.6386311446,127.0260514034
삼각산보건지소,108000185,09273,37.617673,127.015438
삼각산보건지소,108000186,09274,37.6174683906,127.0152813623
삼각산동삼각산아이원아파트후문,108000187,09275,37.616347829,127.0188312494
삼각산동삼각산아이원아파트후문,108000188,09276,37.6162710915,127.0187454371
롯데백화점미아점,108000189,09277,37.614709413,127.0307561737
우이동주민센터입구,108000190,09278,37.6476640054,127.0123580949
창문여고,108000375,09279,37.6121340119,127.0358638935
솔샘터널,108000192,09283,37.6187431808,127.0092116202
우이동도선사입구,108000193,09286,37.6627897127,127.0129571525
우이동차고지기점,108000194,09289,37.663032,127.011738
북부고용노동지청.한성운수종점,108000195,09290,37.634618,127.035297
화계사입구.종점,108000196,09291,37.632413,127.01343
SK아파트벽산아파트상가,108000198,09293,37.6196972385,127.0111164185
우이동차고지종점,108000199,09294,37.663129,127.012147
삼각산동삼각산아이원아파트정문,108000200,09295,37.6161778465,127.0166880013
삼각산동삼각산아이원아파트정문,108000203,09298,37.616358098,127.0164422295
삼각산고.래미안트리베라,108000205,09302,37.6144302952,127.0218143938
삼각산고.래미안트리베라,108000204,09303,37.6144686987,127.0212027862
방천시장입구,108000364,09304,37.6111758164,127.0330881115
화계사입구.한신대학교대학원,108000365,09305,37.633257,127.01343
미아사거리역.롯데백화점,108000369,09306,37.6140792311,127.0302283114
삼각산119안전센터,108000367,09307,37.619549299,127.0151790977
삼각산119안전센터,108000368,09308,37.6197921935,127.0153453647
무량사입구,108000372,09310,37.6462100417,127.00794393
무량사입구,108000371,09311,37.646323,127.007842
꿈의숲주차장입구,108000373,09312,37.6208649775,127.0453126023
수유중앙시장,108000377,09313,37.6408936108,127.0223875946
대한병원,108000376,09314,37.6368331317,127.0228830982
우이동,108900216,09500,37.6634309704,127.0122904688
미송경로당,108900158,09501,37.6241772665,127.0127201301
번동초교.솔그린APT.하나은행,108900154,09502,37.6289921152,127.0395643313
영암마트,108900153,09503,37.6289011321,127.0303510091
빨래골,108900152,09504,37.6274393769,127.01017946
본원정사,108900022,09505,37.6381013089,127.0063793815
아카데미하우스.통일교육원,108900151,09506,37.6420400906,127.0020125009
성원아파트,108900150,09507,37.6610980709,127.0133988593
번동슈퍼,108900148,09510,37.627648264,127.0378426735
동아할인마트,108900162,09512,37.6278746042,127.0310972055
수연슈퍼,108900147,09513,37.6277190796,127.0113566058
모아빌라,108900146,09514,37.638200457,127.0074386095
신성빌라,108900217,09515,37.6435025092,127.003531011
송중동주민센터,108900164,09516,37.6161085295,127.0333691747
스카이빌,108900156,09517,37.6249774078,127.0129139934
청화슈퍼,108900025,09518,37.6278189463,127.036646366
믿음슈퍼,108900145,09520,37.6270885851,127.0321221868
다리앞,108900144,09521,37.6278825764,127.0122018705
해청빌라,108900143,09522,37.6375342546,127.0076913639
백련사,108900142,09523,37.6441927035,127.0045157924
구세군강북종합사회복지관,108900141,09525,37.6251665309,127.0138350809
교육촌경로당,108900140,09526,37.6271601364,127.0356413496
당진슈퍼,108900138,09528,37.6255754824,127.0323057443
삼흥연립,108900137,09529,37.628083771,127.013344785
기도원입구,108900136,09530,37.6370107775,127.0079137924
강북청소년수련관,108900218,09531,37.6456973855,127.0070203007
마을버스사무실,108900135,09532,37.6252573458,127.015405311
영순슈퍼,108900134,09533,37.6266121006,127.0344605841
동문굿모닝힐,108900133,09534,37.6238998772,127.0374657868
하나할인마트,108900132,09535,37.6244988638,127.0321493948
한빛맹아학교,108900131,09536,37.6287112892,127.0152179897
형제슈퍼,108900130,09537,37.6366827714,127.0098045717
쌍문교,108900129,09539,37.6461780008,127.0246386377
페리카나치킨,108900128,09540,37.625406772,127.01654052
당진슈퍼,108900174,09541,37.6255924772,127.0325364143
동성마트,108900127,09543,37.6236275055,127.0321875376
한빛예술단,108900126,09544,37.6293965888,127.0162904401
삼성하이츠빌라,108900125,09545,37.6367334755,127.0110180881
도일타운,108900278,09546,37.6367536584,127.0119357932
강북중학교,108900124,09547,37.6445347047,127.023286184
삼양시장,108900123,09548,37.6250705419,127.0174161828
한영교회,108900122,09550,37.623077793,127.0323753581
수유1동주민센터.파출소,108900203,09551,37.6301526349,127.0175250022
광산사거리,108900211,09553,37.6424802856,127.023056642
삼양파출소,108900121,09554,37.6248776198,127.0180165771
제일슈퍼,108900119,09556,37.6221991545,127.0326717873
진주빌딩,108900204,09557,37.6309112824,127.0179523198
청수탕,108900118,09558,37.6367446746,127.0126565535
강북구청,108900212,09560,37.6406725215,127.0256998687
삼양오거리.삼양동주민센터,108900172,09561,37.6247891837,127.0188481065
도일타운,108900277,09562,37.6369021524,127.0118237871
홈빌라트,108900117,09563,37.62124033,127.0329273916
광성슈퍼,108900205,09564,37.6321483624,127.0186380913
인수초중학교,108900116,09566,37.6435561341,127.0107834163
수유역,108900177,09567,37.6375906296,127.0249677991
오현초등학교,108900195,09568,37.6235355369,127.0459678973
자이홈타운,108900115,09569,37.6248635854,127.0211399902
꿈의숲해링턴아파트101동앞,108900114,09571,37.6201373335,127.0331749954
화계유치원,108900113,09572,37.6338728904,127.019526826
한신대신학대학원.화계사,108900206,09573,37.6337304054,127.0139839635
주공1.2단지한진아파트,108900111,09576,37.6253372712,127.0447499944
삼양신협,108900163,09577,37.6254173467,127.0232915478
번3동주민센터,108900110,09578,37.6261592427,127.0466039503
미아사거리전철역,108900168,09579,37.6128683546,127.0304262542
꿈의숲해링턴105동.강북50플러스센터,108900109,09580,37.6183851236,127.0335841655
삼양탕,108900207,09582,37.6338294026,127.0149765253
국립재활원,108900108,09583,37.6402544989,127.0115682035
신원아파트.북서울꿈의교회,108900106,09585,37.6261160053,127.044224785
미아역6번출구,108900105,09586,37.625939543,127.0253864806
꿈의숲해링턴아파트108동앞,108900103,09588,37.6166641214,127.033985486
북한산스카이빌딩,108900102,09589,37.6356860225,127.0236086128
송암교회.화계사거리.수유보건지소,108900101,09590,37.6339778333,127.016816616
강북구의회.강북문화예술회관,108900233,09591,37.6403416065,127.0142820851
경남아너스빌정문,108900100,09592,37.6130688648,127.0344291798
기산아파트.2단지후문,108900099,09593,37.6276136002,127.0442392677
미아역7번출구,108900098,09594,37.6267385325,127.0258341771
수유역,108900178,09595,37.6374815091,127.0253881411
가오리,108900234,09597,37.6406305942,127.016284405
송중동주민센터,108900169,09598,37.6159868107,127.0336239934
쌍문교,108900215,09599,37.6456427714,127.0245795335
주공3단지정문,108900097,09600,37.6282486714,127.0423068222
미아역6번출구,108900096,09631,37.6260467836,127.0253321368
8번지입구,108900095,09642,37.6137591585,127.037865155
번동삼거리,108900094,09656,37.6350975692,127.0279469112
벽산아파트,108900093,09682,37.6409823569,127.0199332209
한양아파트입구.삼덕상운,108900092,09717,37.6279896285,127.0409777233
삼양신협,108900091,09718,37.6256382551,127.0235196961
미아사거리역2번출구,108000339,09739,37.613023,127.030438
양지빌라,108900090,09753,37.6150510498,127.0380243258
성당앞,108900089,09754,37.6422570137,127.0220299226
하나은행.새마을금고,108900088,09760,37.6287446347,127.0395277612
북서울꿈의숲,108000366,09767,37.6189853257,127.0440958536
북서울자이폴라리스입구,108900087,09769,37.6251048164,127.0214408606
8번지슈퍼,108900086,09770,37.6158503081,127.0380371932
롯데백화점,108900085,09771,37.6144552857,127.0309377135
중앙시장,108900083,09773,37.6403898489,127.0224706365
강북구민운동장.4단지,108900184,09774,37.630107976,127.0385973548
삼양오거리.삼양동주민센터,108900173,09775,37.624899112,127.0188730581
산장빌라,108900082,09776,37.6164279001,127.0380476824
화계유치원,108900081,09777,37.6339936682,127.0193274421
강북보건소.번2동주민센터,108900189,09779,37.631544792,127.0370685406
삼일약국.롯데마트,108900079,09780,37.6250378278,127.0179320311
삼우하이츠빌라,108900078,09781,37.6160812447,127.0372251142
꿈의숲해링턴아파트108동앞,108900077,09782,37.6167136521,127.0340676265
성일빌딩,108900208,09783,37.6322619376,127.0183911221
금호.현대아파트,108900076,09785,37.6318694163,127.0363141169
삼양시장,108900075,09786,37.6252316268,127.0173515224
한일아파트후문,108900074,09787,37.6154856509,127.0371511878
꿈의숲해링턴105동.강북50플러스센터,108900073,09788,37.6183941092,127.0336691211
수유1동주민센터.파출소,108900209,09789,37.6304022281,127.0175703804
수유역,108900072,09790,37.636850809,127.0245853867
로얄공인중계사무소,108900071,09791,37.632733949,127.0350081615
페리카나치킨,108900070,09792,37.6254842593,127.016582455
장미맨션,108900069,09793,37.6147440609,127.0371417568
꿈의숲해링턴아파트101동앞,108900068,09794,37.620030966,127.0333154191
한빛예술단,108900067,09795,37.6296268423,127.0162720978
주공5단지,108900066,09798,37.6333955299,127.0343739731
마을버스사무실,108900065,09799,37.6253402419,127.015432518
한일아파트정문,108900064,09800,37.6139772435,127.0371221189
홈빌라트,108900063,09801,37.6211844276,127.0330531131
한빛맹아학교,108900062,09802,37.6287953314,127.015157464
송암교회.화계사거리.수유보건지소,108900230,09803,37.6342732728,127.0170113546
백년시장,108900061,09804,37.6411606222,127.0253984583
금강산병원.전자공단,108900060,09805,37.6344085277,127.0337455976
구세군강북종합사회복지관,108900157,09806,37.625303504,127.0137637329
8번지입구,108900059,09807,37.6136948475,127.0377293648
제일슈퍼,108900058,09808,37.6222270573,127.0327828202
삼흥연립,108900057,09809,37.6282121507,127.0134410991
성당앞,108900210,09811,37.6423669718,127.0218894421
번동5거리.북부노동지청,108900180,09812,37.6350464176,127.0340110218
다리앞,108900056,09813,37.627969078,127.0122245437
한신대신학대학원.화계사,108900055,09814,37.634119725,127.0135376169
벽산아파트,108900054,09815,37.6411409504,127.0199139997
초록마트,108900159,09817,37.6252901267,127.012515263
방천시장입구,108900053,09818,37.6109552133,127.0334019855
한영교회,108900052,09819,37.6229939721,127.0325242794
수연슈퍼,108900051,09820,37.6278069236,127.0113792758
유진슈퍼,108900232,09821,37.63553896,127.0132670716
가오리,108900235,09822,37.6407630608,127.0162289098
정은빌라,108900050,09824,37.6259965831,127.012449672
미아사거리역,108900049,09825,37.6127736242,127.0309369798
보람할인마트,108900048,09826,37.6244222371,127.0322762463
빨래골,108900047,09827,37.6274903404,127.0100814183
청수탕,108900046,09828,37.6369587608,127.0126679297
강북구의회.강북문화예술회관,108900236,09829,37.6404389454,127.014098535
빨래골입구,108900045,09830,37.6265516594,127.0123647948
삼성하이츠빌라,108900044,09831,37.6368907918,127.011080062
국립재활원,108900043,09832,37.6402256236,127.0119761285
성원아파트,108900042,09833,37.6617153182,127.0134032107
수유역.강북구청,108900041,09834,37.6376399831,127.0259230173
SM빌라,108900040,09835,37.6260353485,127.0122706768
믿음슈퍼,108900039,09836,37.6271020543,127.0322943991
형제슈퍼,108900038,09837,37.6368864275,127.0097995802
당진슈퍼,108900035,09841,37.6255168584,127.0327877998
율곡어린이놀이터,108900034,09843,37.6280104647,127.0316117026
기도원입구,108900033,09844,37.6370738425,127.0079732801
인수초중학교,108900032,09845,37.6435398929,127.011019117
솔샘중고등학교,108900161,09847,37.6240619418,127.0125898279
영순슈퍼,108900031,09848,37.6264670403,127.0345928361
해청빌라,108900030,09851,37.6375040721,127.0078345363
벽산아파트,108900029,09853,37.619802676,127.0110031514
금강슈퍼,108900028,09854,37.6270767404,127.0357113281
모아빌라,108900027,09856,37.6382309279,127.0077503725
국립419민주묘지삼거리.윤극영가옥,108900026,09857,37.6461584609,127.0107157988
청화슈퍼,108900024,09859,37.6277765778,127.0367029926
동문굿모닝힐,108900196,09860,37.6235952196,127.0377522537
본원정사,108900023,09861,37.6381346428,127.0064915618
주공5단지,108900021,09863,37.6335857244,127.0341463204
번동초등학교,108900190,09865,37.6285317388,127.0393340964
로얄공인중계사무소,108900020,09868,37.6328106097,127.0347759274
강북문화정보도서관.해모로아파트,108900019,09870,37.6258127839,127.0370107352
금호.현대아파트,108900018,09872,37.6317369268,127.0364126242
강북보건소앞.번2동주민센터,108900017,09873,37.6316563508,127.0376226365
백련사,108900016,09875,37.6445864643,127.00480365
강북보건소.번2동주민센터,108900185,09876,37.6312689643,127.0373743139
신성빌라,108900225,09877,37.6436773202,127.0034868249
강북구민운동장.4단지,108900186,09878,37.6300386219,127.0385078133
아카데미하우스.통일교육원,108900015,09880,37.6421608368,127.0019309161
번동슈퍼,108900014,09881,37.6277177238,127.0376036568
한양아파트입구.삼덕상운,108900199,09882,37.627812073,127.0410988513
주공3단지정문,108900013,09883,37.6280702834,127.0422330792
기산아파트.2단지후문,108900012,09884,37.6277956991,127.0440252483
신원아파트.북서울꿈의교회,108900011,09885,37.6259772576,127.0441737213
주공1.2단지한진아파트,108900010,09886,37.6249236185,127.0448958911
오현초등학교,108900009,09887,37.6230966867,127.0460254038
주공1.2단지한진아파트,108900008,09888,37.6252363894,127.0446457062
번3동주민센터,108900007,09890,37.6260240521,127.0466752399
현대백화점.E마트.빅토리아호텔,108900004,09893,37.6104099192,127.0305163924
미아사거리역.롯데백화점,108900171,09894,37.6142392565,127.030133461
광산사거리,108900003,09895,37.6434913546,127.0227668587
보람빌딩,108900002,09896,37.6348963686,127.0250915337
번동5거리.북부노동지청,108900183,09897,37.6350509566,127.0338943188
금강산병원.전자공단,108900192,09898,37.6343535824,127.0336730577
부부슈퍼,109900071,10573,37.6744514399,127.0425393678
하나은행.새마을금고,108900201,09899,37.6285541467,127.0396898577
우이3교,108000379,09903,37.6364064842,127.0357080785
당진슈퍼,108900001,09905,37.625596726,127.0324720413
삼성래미안아파트,108900240,09908,37.6144948223,127.0210554967
성우아파트,108900241,09909,37.6174096971,127.0217994295
미아사거리역,108900245,09913,37.6150849616,127.029758625
두산위브아파트,108900250,09920,37.6190948303,127.0154198988
한영교회,108900272,09934,37.6231428162,127.0318418008
달팽이계단,108900271,09936,37.6239152351,127.0311295427
대성빌라정문,108900270,09937,37.6248327216,127.0304263922
신구.한일아파트입구,108900269,09938,37.6257429795,127.029785532
실버복지센터,108900268,09939,37.6271731261,127.0293711961
남양빌라,108900267,09940,37.6269042294,127.0284681063
미아역3번출구,108900266,09941,37.6265558405,127.0269767981
미아역1번출구,108900265,09942,37.6275568794,127.0258843935
수유시장,108900264,09943,37.6321924359,127.0240584476
요진아파트,108900263,09944,37.6336246217,127.026553857
우일빌딩앞,108900262,09945,37.634811133,127.0274879166
신구.한일아파트입구,108900261,09946,37.6256574148,127.0296336871
대성빌라정문,108900260,09947,37.6248255726,127.0301941441
달팽이계단,108900259,09948,37.623820677,127.0309176532
한영교회,108900258,09949,37.6231743045,127.0320253405
한국전력공사,108900273,09950,37.6305370136,127.0247048513
창문여고앞,107900301,09994,37.6118839664,127.0353820571
도봉산역,109000001,10001,37.689202857,127.0455120837
도봉산역,109000002,10002,37.688568,127.045813
도봉한신아파트,109000003,10003,37.6839229454,127.0459850042
도봉한신아파트,109000004,10004,37.682672,127.046067
서울북부지방법원.검찰청.도봉역성황당,109000005,10005,37.6777606492,127.0449581366
서울북부지방법원.검찰청.도봉역성황당,109000006,10006,37.677262,127.045103
신도봉사거리,109000007,10007,37.673289362,127.044147339
신도봉사거리,109000008,10008,37.67275,127.044333
도봉소방서.방학역남부,109000009,10009,37.6661748051,127.0429308393
도봉소방서.방학역남부,109000010,10010,37.66567657,127.043051246
도봉보건소,109000011,10011,37.6589364195,127.0407623758
도봉보건소.북한산아이파크아파트,109000012,10012,37.658205,127.040517
도봉구민회관.도봉문화원,109000013,10013,37.6545598452,127.0381736668
도봉구민회관.도봉문화원,109000014,10014,37.653968,127.037977
쌍문역,109000015,10015,37.6488174173,127.0347686574
쌍문역,109000016,10016,37.6480714136,127.0344600639
우이교.한일병원입구,109000017,10017,37.6452929962,127.0326524367
우이교.한일병원입구,109000018,10018,37.644652,127.03242
신도봉시장.도봉구청.방학역북부,109000019,10019,37.6699992027,127.0436499626
신도봉시장.도봉구청.방학역북부,109000020,10020,37.669197,127.043757
도봉1동우체국,109000023,10103,37.6826140348,127.0456109086
도봉동한신아파트,109000024,10104,37.6821047926,127.0459586654
녹천역3번출구,109000407,10105,37.643222946,127.0524268652
서울북부지방법원.검찰청.도봉역성황당,109000025,10107,37.6771834389,127.0451325639
서울북부지방법원.검찰청.도봉역성황당,109000026,10108,37.6770277354,127.0446529158
도봉견인차량보관소,109000027,10109,37.6741632354,127.0446001847
도봉견인차량보관소,109000028,10110,37.6741048347,127.0441500898
방학역1번출구,109000029,10111,37.6692437083,127.0437945509
도봉소방서,109000030,10113,37.6656756185,127.043188402
도봉소방서,109000031,10114,37.6651007798,127.0425798048
방학사거리.바로선병원,109000032,10115,37.6612173924,127.0422791488
방학사거리,109000033,10116,37.6622176747,127.0421039333
도봉보건소,109000034,10117,37.6575128224,127.0402286427
함석헌기념관.정의여중고,109000036,10119,37.6526308865,127.0373872846
함석헌기념관.정의여중고,109000037,10120,37.6521851028,127.0365880712
도봉구민회관.도봉문화원,109000038,10121,37.6541047846,127.0382221679
도봉구민회관.도봉문화원,109000039,10122,37.6548202673,127.0381420661
쌍문역.쌍문시장,109000040,10124,37.6480246628,127.0340974005
쌍문역.쌍리단길,109000041,10126,37.6475318122,127.0342799955
우이교앞,109000042,10127,37.643993768,127.0321793259
서울북부지방법원.검찰청.성우아파트,109000044,10129,37.676134203,127.048374262
서울북부지방법원.검찰청.성우아파트,109000045,10130,37.6758077674,127.0477862346
법조타운공영주차장,109000046,10131,37.674737,127.047318
법조타운공영주차장,109000047,10132,37.673315,127.046582
도봉구청,109000048,10133,37.6689552465,127.0463337031
도봉구청,109000049,10134,37.6688382917,127.0460153661
방학1동대상타운현대.삼성아파트,109000050,10135,37.665833356,127.0464385387
방학1동삼성.대상타운현대아파트,109000051,10136,37.6663876289,127.0460053525
창동성원.쌍용아파트,109000052,10137,37.6604251641,127.0494952497
창동쌍용아파트,109000053,10138,37.6604967889,127.04877913
자운고등학교앞,109000054,10139,37.658932863,127.0500065597
자운고등학교앞,109000055,10140,37.6586807038,127.0496686321
창동동아청솔아파트,109000056,10141,37.6566813833,127.0498048344
창동동아청솔아파트,109000057,10142,37.656671335,127.0495822895
창동농협물류센터,109000058,10143,37.6549321325,127.0503385996
창동농협물류센터,109000059,10144,37.6542124806,127.0512466785
창동농협물류센터,109000060,10145,37.6538281446,127.0510007909
창동역1번출구.노원세무서,109000061,10146,37.6535907021,127.0505902348
창동동아아파트,109000062,10147,37.651933,127.051465
창동동아아파트,109000063,10148,37.6513525023,127.0514438738
창동주공19단지,109000064,10149,37.6490406835,127.0523899949
창동주공19단지,109000065,10150,37.6492264659,127.0520286111
창동주공18단지,109000066,10151,37.6470625209,127.0530436187
창동주공18단지,109000067,10152,37.6472653853,127.0527729177
도봉산입구,109000068,10153,37.6870828083,127.0407179415
도봉산성당,109000069,10154,37.6873184373,127.0441871881
김근태기념도서관,109000070,10155,37.6874938159,127.0440286782
도봉역,109000071,10156,37.6803220296,127.0466814888
도봉역.도봉래미안아파트,109000072,10157,37.6803959104,127.0470845566
노원교,109000073,10158,37.6794237641,127.0490169573
노원교,109000074,10159,37.6796543968,127.0491191453
성대야구장.노원교앞,109000075,10160,37.678442,127.049212
천주교도봉동교회,109000076,10161,37.6712158708,127.0427070454
천주교도봉동교회,109000077,10162,37.6713119921,127.0428107756
오봉초등학교,109000078,10163,37.6705203068,127.0391794072
오봉초등학교,109000079,10164,37.6707868238,127.0393403556
방학2동제4공영주차장,109000080,10165,37.6694362247,127.0366363352
방학2동제4공영주차장,109000081,10166,37.66956,127.03657
방학2동주민센터,109000082,10167,37.6682136969,127.0348108899
방학2동주민센터,109000083,10168,37.6682708426,127.0346224327
신방학중학교앞,109900164,10172,37.6637196179,127.0279943718
방학동신우빌라,109000088,10173,37.664078,127.03514
방학동신우빌라,109000089,10174,37.6641158948,127.0348959433
방학동삼익세라믹,109000090,10175,37.661672,127.03493
방학동삼익세라믹,109000091,10176,37.6617551365,127.0346738125
쌍문동청구아파트,109000092,10177,37.6597398904,127.0350817617
쌍문동청구아파트,109000093,10178,37.6596243231,127.0348107133
샘말어린이공원,109000094,10179,37.6686672058,127.0318158985
방학중학교정문,109000095,10180,37.666488,127.034428
방학중학교정문,109000096,10181,37.6665470787,127.0341413947
신한은행방학동지점,109000097,10182,37.6634557599,127.0372935845
신한은행방학동지점,109000098,10183,37.6632312342,127.037197641
연산군.정의공주묘,109000099,10184,37.6617317184,127.02332141
연산군.정의공주묘,109000100,10185,37.6620015247,127.0231445962
방학동신동아타워,109000101,10186,37.6616802914,127.028111025
방학동신동아타워,109000102,10187,37.662028,127.028692
방학3동신동아프라자,109000103,10188,37.661225,127.027558
방학동신동아아파트,109000104,10189,37.6619831294,127.0313834612
방학동신동아아파트,109000105,10190,37.662362,127.03202
방학초등학교,109000106,10191,37.6623619933,127.0342414798
방학초등학교,109000107,10192,37.662595,127.034113
신한은행방학동지점,109000108,10193,37.6626546059,127.037002395
신한은행방학동지점,109000109,10194,37.662933,127.036807
방학사거리,109000110,10195,37.6627158579,127.0406167927
방학사거리,109000111,10196,37.6629772212,127.0403874289
서울문화고등학교,109000112,10197,37.6628720833,127.046309519
서울문화고등학교,109000113,10198,37.662343449,127.047821244
서울문화고등학교,109000114,10199,37.6626297182,127.0480629127
쌍문동청한빌라,109000115,10200,37.6574593323,127.0150062055
쌍문동청한빌라,109000116,10201,37.657732,127.014762
쌍문동우이빌라,109000117,10202,37.6572501084,127.0190078891
쌍문동우이빌라,109000118,10203,37.6574304604,127.0180163153
초당초등학교,109000119,10204,37.6574025551,127.0230480688
초당초등학교,109000120,10205,37.657531,127.022295
방학동우성아파트,109000121,10206,37.6574046264,127.0242705926
방학동우성.청구아파트,109000122,10207,37.657656,127.0251
방학3동신동아프라자,109000123,10208,37.6608342669,127.0277400677
방학3동주민센터,109000124,10209,37.6598133715,127.0276286112
쌍문동금호타운2차.성원아파트,109000125,10210,37.6576477672,127.0289334878
쌍문동성원.금호타운2차아파트,109000126,10211,37.6578472924,127.0287373024
쌍문동한양.현대아파트,109000127,10212,37.6578398426,127.0314515194
쌍문동현대.한양아파트,109000128,10213,37.6580003804,127.0313205806
쌍문동삼익.금호1차아파트,109000129,10214,37.658048383,127.0347919771
쌍문동금호1차.삼익아파트,109000130,10215,37.6582514168,127.0345433384
도봉구보건소앞,109000131,10216,37.6572458182,127.0375306952
도봉구보건소앞,109000132,10217,37.6574389797,127.0375891737
북서울교회,109000133,10218,37.6572562221,127.0136533178
서라벌중학교.우이동대우아파트,109000134,10219,37.655025,127.013223
창동119안전센터,109000417,10220,37.6463788339,127.0437915624
덕성여대입구,109000135,10221,37.65106,127.013138
쌍문초등학교,109000136,10222,37.6469743334,127.0256814814
쌍문초등학교,109000137,10223,37.647095,127.02539
숭미초등학교,109000138,10224,37.649556,127.027789
숭미초등학교,109000139,10225,37.6498332726,127.027819184
둘리뮤지엄.대우이안극동아파트,109000140,10226,37.6517710532,127.02842575
둘리뮤지엄.대우이안극동아파트,109000141,10227,37.6515270149,127.0282645929
창동주공1단지,109000142,10228,37.6542705499,127.0410046287
창동주공1단지아파트,109000143,10229,37.6536699078,127.0408838385
서울북부지방법원등기국,109000145,10231,37.651106,127.044525
서울북부지방법원등기국,109000146,10232,37.6514245604,127.0445412495
창동역서측,109000148,10234,37.652335845,127.0461227769
창4동주민센터,109000149,10235,37.6525121272,127.0523314066
창4동주민센터,109000150,10236,37.6527469996,127.0519925342
창동주공4단지,109000155,10241,37.6451010377,127.0482244126
창동주공4단지,109000156,10242,37.6453057413,127.0480754907
도봉문화정보도서관,109000158,10244,37.6440866968,127.0443542991
도봉문화정보도서관,109000159,10245,37.6442125083,127.0440281367
창림초교.창동신창아파트앞,109000160,10246,37.6415355739,127.0410384214
창림초교.창동신창아파트앞,109000161,10247,37.6416284932,127.0407268539
국립현대미술관창동레지던시,109000162,10248,37.6398501948,127.0394443113
국립현대미술관창동레지던시,109000163,10249,37.640398878,127.0395396001
창동서울탁주앞,109000164,10250,37.637707889,127.0373826795
창동서울탁주앞,109000165,10251,37.6375883927,127.036931039
창2동건영캐스빌아파트,109000166,10252,37.6408990489,127.0336397512
창2동건영캐스빌아파트,109000167,10253,37.640778,127.033467
창2동한일아파트,109000170,10256,37.64619,127.037265
창1동제1공영주차장입구,109000171,10257,37.6463797917,127.037607982
한신아파트101동앞,109000172,10258,37.646023,127.034828
KT도봉지점,109000173,10259,37.6461924766,127.0351240039
창동청구빌라,109000174,10260,37.64608,127.039732
창동청구빌라,109000175,10261,37.6461243931,127.0395258217
창림초등학교후문,109000176,10262,37.643092,127.040517
창림초등학교후문.창동보건지소,109000177,10263,37.642856,127.040407
창동대우아파트,109000178,10264,37.6426101856,127.0367159557
창동역1번출구(도봉방면),109000179,10265,37.6539743778,127.0499897686
창동역1번출구(노원방면),109000180,10266,37.6536576919,127.0501720008
서울가든아파트앞,109000181,10269,37.6469310032,127.0442008606
창1동주민센터,109000182,10270,37.6487636037,127.0430117184
창1동주민센터,109000183,10271,37.6487341017,127.0427791548
창동주공3단지,109000184,10272,37.6509982018,127.0417180955
창동주공3단지,109000185,10273,37.6513229545,127.0414767297
세그루학원,109000188,10276,37.6565423713,127.0279900823
세그루학원,109000189,10277,37.6556242091,127.0278333324
창동주공17단지,109000190,10278,37.6457412104,127.0537656741
창동주공17단지,109000191,10279,37.6461055626,127.0536101559
창3동염광아트필,109000192,10280,37.6344925058,127.042349857
창3동염광아트빌,109000193,10281,37.6344040379,127.0425216938
한승미메이드아파트,109000194,10282,37.6332317689,127.043671308
한승미메이드아파트,109000195,10283,37.6331768963,127.0435059071
북서울농협창동지점,109000196,10284,37.6341093323,127.0414905637
북서울농협창동지점,109000197,10285,37.6338519893,127.0412154818
신화초교입구,109000198,10286,37.6337044602,127.0402309119
신화초교입구,109000199,10287,37.6334072452,127.0400822024
서울외국어고등학교,109900166,10292,37.645154,127.052529
서울외국어고등학교,109900165,10293,37.6452469971,127.0527023636
방학동도깨비시장입구,109000206,10294,37.6652984161,127.0368156452
거성학마을아파트,109000207,10295,37.6663430678,127.0383406047
도봉새마을금고본점,109000208,10296,37.667145875,127.0412481803
창5동현대아파트,109000209,10297,37.6556229537,127.040400444
창5동현대1차아파트,109000210,10298,37.65587,127.040602
창동아이파크,109000211,10299,37.6616031259,127.0467532395
창번교,108000381,10301,37.6354839138,127.0384278157
방학3동주민센터,109000214,10302,37.6591681347,127.0279037943
도봉동서광아파트,109000215,10303,37.6781990171,127.0494617013
방학교,109000216,10304,37.661947,127.04192
창동고등학교.창북중학교,109000217,10305,37.6513664604,127.0384575543
정의여중고입구,109000218,10306,37.6510121866,127.0331370812
도깨비시장,109000221,10309,37.665505,127.035503
방학동도깨비시장,109000222,10310,37.6654565426,127.0353281335
태영데시앙아파트,109000223,10311,37.642384365,127.0324449266
창번교앞,109000224,10312,37.6354686365,127.03822395
금용아파트,109000225,10313,37.637736706,127.0351770744
창번2교앞,109000226,10314,37.63859,127.034453
대우아파트104동,109000227,10315,37.6432566421,127.038349191
도봉산입구,109000228,10317,37.6872224695,127.0406896745
샘말어린이공원,109000231,10320,37.668748,127.031945
안방학동종점,109000232,10321,37.6690677721,127.0299513375
강북씨앤지,109000236,10325,37.658907,127.013997
창동.신창시장,109000241,10330,37.6388467098,127.0384760994
신창.창동시장,109000242,10331,37.6392573593,127.0384574781
안방학동,109000397,10333,37.6676173155,127.0330084504
안방학동,109000396,10334,37.6678876413,127.0328952262
창동농협물류센터,109000403,10335,37.6548140039,127.0500740655
태영데시앙아파트,109000399,10336,37.6426266528,127.0317878535
방학중학교,109000400,10337,37.6667335659,127.032370012
도봉산역광역환승센터,109000405,10339,37.6898762161,127.0444996062
도봉산역광역환승센터,109000406,10340,37.6899483575,127.0443522431
도봉산역광역환승센터,109000408,10341,37.690177,127.044267
한국사회봉사회,108000384,10342,37.6618138354,127.0147587067
한국사회봉사회,108000385,10343,37.6621633293,127.0146769048
창동교,109000414,10411,37.6517301155,127.0532459112
창동교,109000413,10412,37.6521106678,127.0534954867
녹천교,109000416,10413,37.6447333973,127.0545213045
녹천교,109000415,10414,37.6450286435,127.0549455285
창동역동측,109900181,10501,37.653604,127.049906
도봉여성센터,109900006,10502,37.6628827003,127.0302537587
한일병원,109900114,10503,37.645868972,127.0284574972
동익아파트,109900007,10504,37.6506949897,127.0252305774
꽃동네,109900104,10505,37.6527572122,127.022498822
한일병원입구,109900002,10509,37.6445614593,127.0286428437
용호약국,109900001,10510,37.6499633172,127.025211064
에덴약국,109900003,10511,37.6514369621,127.0233665374
청한빌라,109900102,10512,37.6572646786,127.0151682419
신창교,108900279,10513,37.633019,127.039682
신화초교.초안아파트,109900182,10514,37.631585,127.041467
사거리슈퍼,109900100,10515,37.6497379178,127.0258093606
쌍문1동현대아파트,109900099,10516,37.6505864786,127.0226715612
우이성당,109900105,10517,37.6556918915,127.0157323897
방학신동아1단지.방학3동주민센터,109900098,10519,37.658726,127.027717
믿음주유소,109900097,10521,37.6493746259,127.0265163993
오복슈퍼,109900096,10522,37.6495384245,127.0231778182
쌍문1동주민센터,109900094,10526,37.6482095603,127.0263788608
코오롱아파트.덕성여대기숙사,109900093,10527,37.6489176294,127.0229271728
덕성여대후문.효문중고교앞,109900092,10528,37.6526914381,127.0171019004
창동아이파크,109900140,10529,37.6612378102,127.0478602057
도봉구보건소앞,109900090,10531,37.6573821506,127.0377806894
쌍문초등학교,109900089,10532,37.6476490168,127.025011037
쌍문1치안센터,109900106,10533,37.6500958249,127.0202835758
신일라이프아파트,109900115,10535,37.6506912973,127.0294951701
시립도봉노인종합복지관,109900111,10536,37.6581010105,127.0355267033
경기푸른미래관,109900107,10537,37.6495484449,127.0219691394
방학삼성래미안1단지아파트,109900087,10540,37.6673955059,127.0462737888
소피아호텔,109900086,10541,37.651121436,127.0349113945
쌍문동현대1차아파트,109900085,10542,37.6580622671,127.0323860104
미래빌라,109900084,10546,37.6479708013,127.0264643918
도봉중학교.서원아파트,109900083,10549,37.6712739361,127.0457717409
성원아파트,109900082,10551,37.6579159925,127.0301168678
세무서앞,109900081,10553,37.6532890093,127.0509355099
도봉아테라,109000418,10554,37.673302,127.046838
선덕사거리.세그루학원입구,109900080,10557,37.657803811,127.028285241
오봉초등학교,109900077,10561,37.671146,127.039825
방학3동주민센터,109900123,10563,37.6584636075,127.0274082286
청구아파트,109900076,10564,37.6577150088,127.0265443002
엘지전자,109900075,10565,37.6508502983,127.0313946417
시온슈퍼,109900074,10568,37.6728138601,127.0409094029
창성빌라,109900137,10569,37.6441949149,127.040308972
김수영문학관,109900073,10570,37.6594246503,127.0251961284
서울북부지방법원,109900072,10572,37.677670178,127.0492414111
벽산아파트,109900126,10575,37.6583226778,127.0249781408
삼거리슈퍼,109900069,10578,37.675670191,127.0436465315
방학3동주민센터,109900068,10580,37.6582856906,127.0268961094
믿음주유소,109900067,10582,37.6493926166,127.0266535322
쌍문초등학교,109900066,10583,37.6478292345,127.0249119482
도봉역,109900065,10585,37.6809875292,127.0457799763
성황당,109900149,10586,37.677162,127.043765
창2동주민센터,109900064,10587,37.6422156092,127.0356230477
금호타운,109900117,10588,37.6576773905,127.0293879937
사거리슈퍼앞,109900062,10590,37.6497982681,127.0259102437
대우.삼성서비스센터,109900061,10592,37.6831304492,127.0471188426
도봉1동주민센터.럭키아파트,109900150,10593,37.678797,127.043708
창2동건영아파트,109900060,10594,37.6407674519,127.0337768025
용호약국,109900058,10597,37.6500858758,127.0251555744
오복슈퍼,109900057,10598,37.6496014864,127.0232469679
도봉경찰서.창4동주민센터,109900056,10599,37.6523110123,127.0516851003
유원.극동아파트,109900055,10600,37.682771,127.048895
도봉1파출소,109900151,10604,37.6795203048,127.0436413702
쌍문동한양아파트,109900054,10612,37.657868485,127.0325684045
거성학마을아파트,109000394,10617,37.6662550301,127.0378894716
쌍문1동현대아파트,109900053,10637,37.6505188837,127.0227440715
한신아파트후문,109900052,10638,37.6838280147,127.0495039881
창동고등학교.창북중학교,109000293,10657,37.6515935012,127.0381460822
윤성빌라.다리앞,109900051,10667,37.6790145516,127.0423594433
에덴약국,109900050,10697,37.6513747708,127.0234515159
도봉파크빌2단지,109900049,10698,37.6842317103,127.0515734531
녹천북부역,109900170,10700,37.6456721729,127.0505872975
창1동대우그린아파트,109900171,10701,37.6469959833,127.0486325542
창일중학교,109900172,10702,37.6486610411,127.047867374
창동역서측,109900173,10703,37.6523291893,127.0463383955
상아아파트,109900174,10704,37.6530582958,127.0432189107
옛고을길입구,109900175,10705,37.6508570874,127.0315854369
창일중학교,109900176,10706,37.6491535465,127.0473969976
주공4단지후문,109900177,10707,37.646858824,127.0483171871
창동아이파크,109900167,10710,37.660954256,127.0471636659
북한산아이파크,109900168,10711,37.6591925682,127.0419096759
북한산아이파크,109000410,10713,37.6590798301,127.0421159066
창동아이파크,109900169,10714,37.66103779,127.0474980379
도봉초등학교,109900152,10722,37.6784717098,127.0407189028
도봉구보건소앞,109900113,10726,37.6571578082,127.0376989713
경기푸른미래관,109900108,10734,37.6496562587,127.0220348239
서원아파트,109000361,10735,37.6716952848,127.0466777586
창동이마트,109900135,10736,37.6513329248,127.0461708888
누원고등학교.한신아파트정문,109900048,10737,37.6858016495,127.0509577365
서울문화고등학교,109000364,10740,37.663889,127.04668
부대앞,109900153,10744,37.6781182487,127.0389713981
소피아호텔,109900047,10745,37.6513619627,127.0351189022
청구아파트,109900046,10747,37.6575159,127.0264127549
쌍문1치안센터,109900109,10754,37.6501841,127.0204615261
무수골,109900045,10757,37.6777532993,127.0361868209
정의여중고,109900044,10775,37.6512012464,127.0331242114
덕성여대후문.효문중고교앞,109900042,10777,37.6527716123,127.0172526514
부대앞,109900154,10778,37.6780200195,127.0390076255
신일라이프아파트,109900041,10779,37.6509462068,127.0298771931
약초원.동아슈퍼,109900040,10780,37.6545604185,127.0160925096
도봉초등학교,109900039,10781,37.6783177932,127.0404396652
우이1교,109900038,10783,37.6439330888,127.0317544179
우이성당,109900037,10784,37.6560328264,127.0157596144
엘지전자,109900036,10785,37.6510629639,127.0313539323
한신아파트정문,109900035,10786,37.6864731679,127.0504502354
윤성빌라.다리앞,109900034,10787,37.6789379513,127.0423843417
한일병원입구,109900033,10789,37.6444216622,127.0291719949
청한빌라,109900032,10790,37.6573106168,127.0152985919
도봉파크빌3단지,109900031,10791,37.6879883235,127.0493865639
도봉1파출소,109900030,10792,37.6795575228,127.0433971197
도봉1동주민센터.럭키아파트,109900155,10797,37.6786374607,127.0435711769
신동아아파트16동,109900029,10798,37.6601962887,127.027803303
도봉산역,109900028,10799,37.6893500743,127.0466117182
성황당,109900027,10800,37.677164,127.043655
도봉파크빌3단지,109900025,10802,37.6879397664,127.0491450189
삼거리슈퍼,109900024,10803,37.675563,127.043556
대원그린아파트.도봉실버센터,109900125,10804,37.6625589484,127.0276624996
부부슈퍼,109900023,10805,37.674166,127.042039
신방학중학교,109900022,10806,37.6636518246,127.0282160499
시온슈퍼,109900021,10807,37.673049,127.041004
방학중학교,109000411,10808,37.6666528006,127.0325922954
오봉초등학교,109900020,10809,37.6710355447,127.0397113391
누원고등학교.한신아파트정문,109900019,10810,37.6856747197,127.0506753264
도봉파크빌2단지앞,109900018,10812,37.6841482332,127.0513389756
도봉중학교.서원아파트,109900017,10813,37.6705522883,127.0463167964
극동.유원아파트후문,109900016,10814,37.6820001335,127.050685298
삼환아파트후문,109900103,10816,37.6802200817,127.0495741502
도봉롯데캐슬골든파크,109900015,10817,37.667546,127.045975
삼환.동아에코빌아파트,109900014,10818,37.6805570067,127.0475733049
대상타운현대아파트,109900013,10819,37.6657951567,127.046203333
서울문화고등학교,109900012,10821,37.6639683106,127.0464770451
서울북부지방법원,109900011,10822,37.6769856293,127.0485936182
서울북부지방검찰청.한양수자인아파트,109900161,10826,37.6747299568,127.0470617037
하나약국,109900162,10828,37.6724630827,127.046473053
한신아파트정문,109000412,10831,37.6866129511,127.0500737384
약초원.동아슈퍼,109900010,10834,37.6542863205,127.0160182342
코오롱아파트.덕성여대기숙사,109900009,10836,37.6488535848,127.0232739332
법종사,109900008,10838,37.6572458455,127.0183105701
효문중학교,109900178,10841,37.6515334353,127.0186268132
효문중학교,109900179,10842,37.6514951821,127.0183803349
도봉중학교후문,109900180,10843,37.6711168303,127.0450448623
방학동도깨비시장입구,109000395,10997,37.6651868464,127.036319008
도봉새마을금고본점,109000393,10999,37.6673886582,127.0403849917
공릉시장,110000001,11101,37.6227408373,127.0741781792
공릉시장,110000002,11102,37.6231160369,127.0736211764
태릉입구역4번출구,110000003,11103,37.6195890997,127.0752002532
태릉입구역3번출구,110000004,11104,37.6194253308,127.0748409839
태릉입구역1번출구,110000005,11105,37.6174050827,127.0743733189
태릉입구역8번출구,110000006,11106,37.6170160254,127.0745338498
공릉1동삼익아파트,110000007,11107,37.6179507657,127.0727577135
공릉초등학교,110000008,11108,37.6186521132,127.0735465403
대주아파트,110000009,11109,37.6213166942,127.0719631752
공릉행복발전소,110000010,11110,37.6221490333,127.0723921996
공릉대아2차아파트,110000011,11111,37.6229904068,127.0713043223
서울창업디딤터,110000012,11112,37.6197132662,127.0781312929
경춘선숲길.토끼굴앞,110000013,11113,37.6192099264,127.0796853957
주유소앞다운복지관,110000014,11114,37.6189463149,127.0797927204
서울창업디딤터,110000015,11115,37.6188796917,127.0783739499
서울생활사박물관.농협앞,110000016,11116,37.6186839765,127.0779971246
태릉입구역7번출구.서울생활사박물관,110000017,11117,37.6178559331,127.0766766891
화랑대역1번출구,110000018,11118,37.6197810079,127.0832854305
공연초등학교,110000019,11119,37.6268143537,127.0761279796
공릉역,110000020,11120,37.6259822146,127.0741277355
서울과학기술대앞,110000021,11121,37.6303484607,127.0761457452
동신아파트,110000022,11122,37.6276288051,127.0775731645
현대성우아파트,110000023,11123,37.6274687926,127.0777061051
동부아파트,110000024,11124,37.6273894182,127.0785188231
한보아파트.삼익아파트,110000025,11125,37.6275466907,127.0804798611
삼익아파트.한보아파트,110000026,11126,37.6273433068,127.0800990621
원자력병원,110000027,11127,37.628407354,127.0820911679
원자력병원입구,110000028,11128,37.6262715664,127.0794578764
안마을,110000029,11129,37.6234578543,127.0795189611
두산힐스빌아파트,110000030,11130,37.6213870578,127.0788883617
두산힐스빌아파트,110000031,11131,37.6213409964,127.079046912
안마을,110000032,11132,37.6236970732,127.0794300566
원자력병원.공릉해링턴플레이스,110000033,11133,37.6282670614,127.0850407835
공릉해링턴플레이스,110000034,11134,37.6271440983,127.0853188634
공릉우방아파트,110000035,11135,37.626095,127.086035
태릉해링턴플레이스아파트,110000036,11136,37.625334513,127.0859251214
화랑타운아파트,110000037,11137,37.623608,127.086747
청솔8단지아파트,110000038,11138,37.623300094,127.0865288069
화랑대역2번출구,110000039,11139,37.6202214222,127.083590654
화랑대사거리,110000040,11140,37.6218122867,127.088121412
화랑대사거리,110000041,11141,37.6219733458,127.0878830552
경춘선숲길.화랑대철도공원,110000042,11142,37.623843981,127.0911284809
경춘선숲길.화랑대철도공원,110000043,11143,37.6235352001,127.0902613846
서울여대.육군사관학교행정안내소,110000044,11144,37.6259021468,127.0947361313
서울여대.육군사관학교행정안내소,110000045,11145,37.6261675083,127.0945526831
태릉국제사격장,110000046,11146,37.6276474938,127.0962777688
태릉국제사격장,110000047,11147,37.6281945254,127.0961867051
태릉,110000048,11148,37.6301893532,127.0985753415
태릉,110000049,11149,37.63046,127.098258
태릉선수촌,110000050,11150,37.633302178,127.1032736039
태릉선수촌,110000051,11151,37.6338984084,127.1035996118
태릉국제스케이트장,110000652,11152,37.6355918609,127.1062793991
태릉국제스케이트장,110000053,11153,37.6351530701,127.1053040519
삼육대앞,110000054,11154,37.6384153875,127.1084328965
삼육대앞,110000055,11155,37.638787998,127.1083937637
담터고개,110000056,11156,37.6408998623,127.1111217141
원자력병원.공릉동삼익2차아파트,110000057,11157,37.6260432496,127.0797928224
예수사랑교회,110000058,11158,37.6223048363,127.0871773715
서울과학기술대입구교차로,110000059,11159,37.6284740985,127.071801265
서울과학기술대입구교차로,110000060,11160,37.6283444968,127.0713744537
공릉역1번출구,110000061,11161,37.626690375,127.0727039269
공릉역4번출구,110000062,11162,37.6266095264,127.0723130282
공릉신도2차아파트,110000063,11163,37.6253915545,127.0713064945
공릉대동2차아파트,110000064,11164,37.6268706243,127.0710519858
공릉대동2차아파트,110000065,11165,37.6271292281,127.0707517862
노원문화원,110000066,11166,37.6283778949,127.0699476545
노원문화원,110000067,11167,37.6286113424,127.0698345772
용원초등학교,110000068,11168,37.6286591696,127.0687125746
용원초등학교,110000069,11169,37.628269518,127.0686697345
공릉동동신아파트앞,110000683,11170,37.6282300863,127.0775443672
공릉2단지,110000071,11171,37.6306397464,127.0675701967
서울과학기술대학교후문,110000693,11172,37.6311208645,127.0831052478
영화교회,110000073,11173,37.6305719879,127.0716994523
서울과학기술대학교후문,110000692,11174,37.632515003,127.0832993935
공릉삼익아파트,110000075,11175,37.6294796422,127.0733714013
공연초등학교,110000076,11176,37.6267236629,127.0755405228
공릉역,110000077,11177,37.6259895946,127.0736172131
공릉1단지후문,110000078,11178,37.631316499,127.0697006293
상계주공9단지,110000080,11180,37.6629604016,127.0584559747
노원고등학교,110000081,11181,37.6613205166,127.0545329249
임광아파트상가,110000082,11182,37.661178,127.057463
상계주공7단지,110000083,11183,37.6603667717,127.0591136049
대림아파트상가,110000084,11184,37.6603435605,127.0586794778
도봉면허시험장,110000085,11185,37.6574468479,127.0599658724
도봉면허시험장,110000086,11186,37.6573380333,127.0595396275
상계10동주민센터.주공7단지,110000087,11187,37.6609052625,127.0598156383
상계주공7단지.광림교회앞,110000088,11188,37.6605619018,127.0626050014
상계10동우체국,110000089,11189,37.6607333963,127.0628214067
청원고등학교,110000090,11190,37.6650492388,127.0617198674
마들역.상계주공9단지,110000091,11191,37.6645767657,127.058796161
온곡중학교.노원중앙도서관,110000092,11192,37.6595872028,127.0645319222
온곡중학교.노원중앙도서관,110000093,11193,37.6592927621,127.064476727
도심공항수락터미널.두산아파트,110000094,11194,37.6787167696,127.0531830061
두산아파트.도심공항수락터미널,110000095,11195,37.6785004733,127.0533188837
수락산역3번출구,110000096,11196,37.6771708775,127.0555614524
수락산역4번출구,110000097,11197,37.6773540117,127.0551013061
노일초등학교,110000098,11198,37.6735135543,127.0552560424
노원초등학교,110000099,11199,37.6729155315,127.055749111
상계현대2차아파트,110000100,11200,37.6717178437,127.0509549057
상경초등학교.상계현대3차아파트,110000101,11201,37.6709521187,127.0525754362
수락리버시티아파트,110000102,11202,37.6893310475,127.0552031453
수락리버시티아파트,110000052,11203,37.6890118581,127.0556485232
수락중고등학교,110000104,11204,37.6828387764,127.0552708957
수락중고등학교,110000105,11205,37.6829300008,127.0555582132
은빛아파트2단지,110000106,11206,37.6802094382,127.0552746136
홍파복지원.수락산벨리체아파트,110000107,11207,37.6802608778,127.0555052094
상계초등학교,110000108,11208,37.6576160971,127.0659938755
상계초등학교,110000109,11209,37.6581049302,127.065903645
노원역9번출구,110000110,11210,37.6560911065,127.0619864543
노원역1번출구,110000111,11211,37.656202,127.063365
롯데백화점노원점.노원역4번출구,110000112,11212,37.65483,127.062274
와우패션클럽,110000113,11213,37.655191203,127.0638662325
중앙하이츠2차아파트,110000114,11214,37.654692,127.067488
상계중학교정문,110000115,11215,37.6525896504,127.0681368524
상계중학교,110000116,11216,37.6515820512,127.0694249362
코오롱아파트.양지대림아파트,110000117,11217,37.652497575,127.0707159998
상계119안전센터,110000118,11218,37.6540787526,127.0715548974
상계119안전센터,110000119,11219,37.6542272425,127.0718383476
노원수학문화관,110000120,11220,37.6575511709,127.0716616354
노원수학문화관,110000121,11221,37.6577519815,127.0718498531
상계중앙시장입구,110000122,11222,37.658467,127.070695
상계중앙시장입구,110000123,11223,37.6586382774,127.070632802
흥안운수종점,110000124,11224,37.6697664795,127.0809233223
흥안운수종점,110000125,11225,37.6696689099,127.0805894157
불암현대아파트,110000126,11226,37.6682034017,127.0793552115
동아불암아파트,110000127,11227,37.6661480625,127.0777874472
동아불암아파트,110000128,11228,37.6670483264,127.0787107626
노원롯데캐슬시그니처아파트,110000129,11229,37.6648599952,127.0771188688
노원롯데캐슬시그니처아파트,110000130,11230,37.6649502043,127.0769489531
상계불암대림아파트,110000131,11231,37.6631758119,127.0761169302
흥안운수상계4동종점,110000132,11232,37.6709176644,127.0825488607
상계역사거리,110000133,11233,37.6597433281,127.0721269911
상신교회,110000134,11234,37.661312,127.070768
상신교회,110000135,11235,37.661425,127.070903
계상초등학교,110000136,11236,37.6628310717,127.0689792332
상계5동주민센터,110000137,11237,37.6628644876,127.0691876995
상계한신2차아파트,110000138,11238,37.664199,127.066944
상계한신2차아파트,110000139,11239,37.6644437316,127.0666569148
상계역5번출구.상계벽산아파트,110000140,11240,37.661292174,127.0734913289
당고개입구오거리,110000700,11241,37.6629352854,127.0753601646
상계2동주민센터,110000699,11242,37.657570036,127.0677787534
벽산아파트103동,110000143,11243,37.6605656133,127.0718982879
노원역6번출구.상계주공3단지,110000144,11244,37.6519422405,127.0610352252
상계주공2단지,110000145,11245,37.6493744118,127.0617372427
상계주공1단지.한국성서대학교,110000146,11246,37.6473083568,127.062780841
마들근린공원.노원에코센터,110000147,11247,37.6450508428,127.0594958083
마들근린공원.노원에코센터,110000148,11248,37.6452860969,127.0595368052
노원구청.상계6동우체국,110000150,11250,37.6539307032,127.0581486869
노원구청,110000151,11251,37.6542764042,127.0572410143
노원구청,110000152,11252,37.6543087235,127.0574869763
상계주공2단지223동,110000153,11253,37.6479063362,127.056992054
상계주공2단지203동,110000154,11254,37.6511093271,127.0604208967
노원역5번출구.상계주공6단지,110000155,11255,37.65318414,127.0611445117
상계주공4단지,110000156,11256,37.6507752318,127.0617647168
백병원.한국성서대학교,110000157,11257,37.6480182386,127.06288209
상계6.7동주민센터,110000160,11260,37.6544207283,127.06720443
상계중학교,110000161,11261,37.6523542041,127.0678156944
상계2동주민센터,110000698,11262,37.6576377753,127.0674898279
상경초등학교,110000166,11266,37.6707971529,127.0520711414
상계주공15단지,110000167,11267,37.6682902974,127.0565591686
마들역,110000168,11268,37.665283,127.05742
상계주공10단지,110000169,11269,37.6621441437,127.0582161724
노원고등학교,110000170,11270,37.6616899164,127.0544628693
상계주공10단지상가,110000171,11271,37.6614240662,127.0576004621
상계주공14단지,110000172,11272,37.669103,127.056828
마들역,110000173,11273,37.666492,127.057562
보람아파트1단지,110000174,11274,37.6644083632,127.0654519677
보람아파트2단지,110000175,11275,37.6647816002,127.0643815398
청원고등학교,110000176,11276,37.6652295093,127.0616145996
상계주공12단지1202동,110000177,11277,37.6649222801,127.0597893905
광운대역,110000178,11278,37.622578,127.061673
광운대역,110000179,11279,37.6226060942,127.0618283741
월계현대아파트,110000180,11280,37.6198348679,127.0633583399
월계현대아파트,110000181,11281,37.6193189084,127.063400106
월계1동경로당,110000182,11282,37.617162878,127.0641713213
석계역1번출구.A,110000183,11283,37.61493,127.065197
석계역2번출구,110000184,11284,37.615274256,127.0669732146
광운대학교,110000185,11285,37.6199611496,127.0584818555
월계삼거리,110000186,11286,37.6226677969,127.0600070288
청백아파트1단지,110000191,11291,37.635412,127.052187
대우아파트,110000192,11292,37.6331096709,127.0521635327
청백아파트3단지4단지,110000193,11293,37.6317357344,127.0509346985
청백아파트3단지4단지,110000194,11294,37.6316287727,127.051063481
초안아파트.흥화브라운빌아파트,110000195,11295,37.632069829,127.0443046725
흥화브라운빌아파트.초안아파트,110000196,11296,37.6322996705,127.0440640682
쌍용스윗닷홈아파트,110000197,11297,37.6303980739,127.0454252205
신창중학교후문,110000198,11298,37.6279668876,127.0473977009
신창중학교후문,110000199,11299,37.6279194677,127.0472744107
염광고등학교,110000200,11300,37.6275401275,127.0503112065
염광고등학교,110000201,11301,37.627301235,127.0502378296
월계주공1단지상가,110000202,11302,37.6266902177,127.051625114
월계공단,110000203,11303,37.6271301634,127.0518546625
월계종합사회복지관,110000204,11304,37.6274894153,127.052594232
월계종합사회복지관,110000205,11305,37.6274848307,127.0527726487
월계주공2단지,110000206,11306,37.6283500757,127.0538076332
월계주공1단지,110000207,11307,37.6282861056,127.0541042987
인덕대학교.월계도서관,110000208,11308,37.6286565922,127.0551761985
인덕대학교.월계도서관,110000209,11309,37.6286706713,127.0554101788
월계주공108동앞.롯데캐슬루나아파트,110000210,11310,37.6261891646,127.0525926058
인덕대학교후문입구,110000211,11311,37.6279837976,127.0552744331
월릉교앞.한진한화그랑빌아파트,110000212,11312,37.6158054934,127.0692324274
한진한화그랑빌아파트,110000213,11313,37.6182551734,127.0698588736
한천초등학교,110000214,11314,37.6194526551,127.0698707848
한천초등학교,110000215,11315,37.619986091,127.0699692449
월계동대우아파트,110000677,11316,37.633037,127.052193
월계미성아파트,110000216,11317,37.6216829103,127.0693433176
월계미륭아파트,110000217,11318,37.62317,127.068392
월계미륭아파트,110000218,11319,37.623325,127.068603
월계삼호아파트,110000219,11320,37.6251751879,127.0672913812
월계삼호아파트,110000220,11321,37.6253210274,127.0675294239
월계삼호4차아파트,110000221,11322,37.6264654662,127.0658231365
월계삼호4차아파트,110000222,11323,37.6266627148,127.0659819208
녹천초등학교.월계이마트,110000223,11324,37.628387,127.064038
녹천초등학교.월계이마트,110000224,11325,37.6275517792,127.0649064093
월계사슴아파트2단지,110000225,11326,37.6321060914,127.0605903005
월계사슴아파트3단지,110000226,11327,37.6319573995,127.0604079103
월계역1번출구,110000227,11328,37.6339280991,127.0592762067
월계역1번출구,110000228,11329,37.6337353806,127.0590505789
대우아파트,110000229,11330,37.6338935455,127.0523147751
월계119안전센터,110000230,11331,37.6284624555,127.0574774566
신도브래뉴.한전노원변전소,110000231,11332,37.6281868034,127.0591991542
광운중.광운인공지능고등학교,110000232,11333,37.6189553524,127.0563054062
광운중.광운인공지능고등학교,110000233,11334,37.6189484896,127.0565299947
광운대학교,110000234,11335,37.6198429291,127.0581457879
월계삼거리,110000235,11336,37.6226139883,127.0596195164
롯데캐슬루나아파트,110000236,11337,37.6252058932,127.0515079764
인덕대학교정문입구,110000237,11338,37.629037896,127.0575128243
월계보건지소,110000238,11339,37.6319764625,127.0616208868
월계보건지소,110000239,11340,37.631739905,127.0617141548
교육촌.벼루말,110000240,11341,37.621968564,127.0527149439
장석교회,110000242,11343,37.624206185,127.050612394
쌍용스윗닷홈아파트,110000243,11344,37.6306057989,127.0450262042
월계119안전센터,110000244,11345,37.6286993108,127.0571622955
신도브래뉴.한전노원변전소,110000245,11346,37.6284009858,127.0588028306
상명고등학교.성원아파트,110000246,11347,37.6499131394,127.0691542558
중계1동주민센터,110000247,11348,37.6517260526,127.0769381389
은행사거리,110000248,11349,37.6488502006,127.0764225838
양지근린공원,110000249,11350,37.6467214594,127.0763720835
서라벌고등학교,110000250,11351,37.6448411567,127.0750013294
불암중학교,110000251,11352,37.6465290775,127.0742897898
불암중학교,110000252,11353,37.6465375422,127.0741270461
중계주공10단지.중계건영3차아파트,110000253,11354,37.6477075282,127.0736280814
롯데우성아파트,110000254,11355,37.647506932,127.0738318466
중계구민체육센터,110000255,11356,37.6476008953,127.0712087432
중계구민체육센터,110000256,11357,37.6477683703,127.0712792746
롯데마트,110000257,11358,37.6471915457,127.0702112033
을지중학교,110000258,11359,37.6505399939,127.0718008004
을지중학교,110000259,11360,37.6502087203,127.0709042219
청암중.고등학교,110000260,11361,37.6528902309,127.0739504972
중계주공5단지514동,110000263,11364,37.6508108548,127.0749325352
원광초등학교,110000264,11365,37.6544907121,127.076600728
중계역,110000265,11366,37.6440707149,127.0643729214
노원구민의전당,110000266,11367,37.6393911575,127.0664180981
건영옴니백화점,110000267,11368,37.6389014586,127.0641135366
브라운스톤중계.우리은행앞,110000268,11369,37.6394555843,127.0640918612
서울아이티고등학교,110000269,11370,37.6426301809,127.0624369874
서울아이티고등학교,110000270,11371,37.6416979423,127.063103394
어린이교통공원,110000271,11372,37.6453576799,127.0628698469
중계역,110000272,11373,37.6432188922,127.0650888491
서울시립북서울미술관,110000273,11374,37.6397469276,127.0667400159
중계건영2차아파트,110000274,11375,37.6460992901,127.0652453816
중계역2번출구,110000275,11376,37.6456175479,127.0649391251
상명초등학교,110000276,11377,37.6478506148,127.0677841912
중계3단지목련아파트,110000277,11378,37.6475000013,127.0679665353
상명고등학교,110000278,11379,37.6494835403,127.0690664892
목련아파트상가,110000279,11380,37.6468582175,127.0698765896
중계목화아파트4단지,110000280,11381,37.6435314138,127.0714066755
용동초등학교,110000281,11382,37.6421162703,127.069131057
용동초등학교,110000282,11383,37.6418721472,127.0690118488
2001아울렛중계점,110000283,11384,37.6416882067,127.067663219
서울시립북서울미술관후문,110000284,11385,37.6413078231,127.066846218
홈플러스중계점,110000285,11386,37.6407225926,127.0686266493
노원평생학습관,110000286,11387,37.6393428578,127.0689347229
대진여자고등학교,110000287,11388,37.6445489348,127.0671607204
청계초등학교,110000288,11389,37.6445081062,127.0669303287
중계역1번출구,110000289,11390,37.6462649447,127.0637572701
상계역5번출구,110000290,11391,37.6613639532,127.0739702355
상계역3번출구,110000291,11392,37.6593,127.073033
상계역3번출구,110000292,11393,37.659431118,127.0732121987
중계주공3단지,110000293,11394,37.6569539508,127.0770171958
중계주공2단지,110000294,11395,37.6570502707,127.0778332524
중계주공4단지,110000295,11396,37.655012,127.07801
중계주공4단지,110000296,11397,37.6541374992,127.0783571637
중계1동주민센터,110000297,11398,37.651867022,127.0775628848
신한은행중계동지점,110000298,11399,37.6505432096,127.0774015203
기업은행중계동WM센터,110000299,11400,37.6507367718,127.0776283567
공릉신도2차아파트,110000696,11401,37.6254122748,127.0715005195
노원문화예술회관.불암초등학교,110000301,11402,37.6506776631,127.0801602952
노원문화예술회관.불암초등학교,110000302,11403,37.6500481925,127.0809177871
영신여자고등학교입구,110000303,11404,37.6498199266,127.081117547
불암고등학교,110000304,11405,37.6485021744,127.0805749976
중계본동주민센터,110000305,11406,37.6474739679,127.0806838117
노원우체국,110000306,11407,37.6460324291,127.0817180202
노원우체국,110000307,11408,37.6461584467,127.0819108069
중계본동종점,110000308,11409,37.644643,127.083058
중계주공7단지,110000309,11410,37.647938,127.079788
중계주공6단지상가,110000310,11411,37.6481262911,127.0794424677
대림벽산아파트,110000311,11412,37.647837,127.077428
중계주공6단지,110000312,11413,37.6480879151,127.0775774413
은행사거리,110000313,11414,37.649797,127.076882
대림벽산아파트,110000314,11415,37.646757256,127.0767460489
하계역,110000315,11416,37.6373880054,127.0677830754
하계미성아파트,110000316,11417,37.6350943944,127.0688261293
서울과학기술대앞,110000317,11418,37.6305565211,127.0760825727
중계주공9단지후문,110000318,11419,37.6430227729,127.0766005742
중계주공9단지후문,110000319,11420,37.6430297743,127.0762238387
시립과학관.삼익선경아파트후문,110000320,11421,37.6399032712,127.0763594384
시립과학관.한신동성아파트,110000321,11422,37.640196263,127.0760934791
삼익선경아파트,110000322,11423,37.6381084499,127.0775270502
대진고등학교.하계우방아파트,110000323,11424,37.6378760581,127.0773942359
하계역3번출구.을지병원,110000324,11425,37.6365847976,127.0694328255
하계역2번출구,110000325,11426,37.6368537465,127.0694876352
한성여객종점,110000327,11428,37.63813,127.070056
한성여객종점,110000328,11429,37.6372710586,127.070816008
북부여성발전센터앞,110000687,11431,37.6432608103,127.062362481
그린아파트101동앞,110000685,11432,37.6443053969,127.0619180071
대진고등학교,110000695,11433,37.6379362241,127.0736490566
골마을근린공원,110000333,11434,37.6383459245,127.0742334891
서울온천,110000334,11435,37.6393648263,127.0743080173
하계1동주민센터,110000335,11436,37.6404263202,127.0728303267
노원경찰서.혜성여고,110000336,11437,37.6420899031,127.0725259962
노원경찰서,110000337,11438,37.6420164888,127.072129677
동천학교,110000338,11439,37.6440829404,127.0742363652
동천학교,110000339,11440,37.6440742238,127.0737689624
서라벌고등학교,110000340,11441,37.6450151415,127.0747386856
하계현대아파트,110000341,11442,37.6449579802,127.0711485363
홈플러스중계점,110000342,11443,37.6404665818,127.0689922571
하계한신청구아파트,110000343,11444,37.6391915536,127.0689460415
경기기계공업고등학교,110000344,11445,37.6309290578,127.0740537568
한천중학교,110000345,11446,37.6309420546,127.0734430848
하계역,110000346,11447,37.6368047138,127.067615433
하계장미아파트상가,110000347,11448,37.634078815,127.0688040917
하계2동주민센터,110000348,11449,37.6319841413,127.0681378605
하계2동주민센터,110000349,11450,37.6317701688,127.0681178395
중평초등학교,110000350,11451,37.6365987516,127.0653719794
하계극동아파트,110000351,11452,37.6338331586,127.064587841
하계시영아파트,110000352,11453,37.6340534239,127.0654518866
하계우성아파트,110000353,11454,37.6351406925,127.0666509253
하계장미아파트,110000354,11455,37.6349277927,127.0669625244
중평초등학교,110000355,11456,37.6369593504,127.0650012481
석계역1번출구,110000356,11457,37.615298,127.064773
중계1동신안아파트,110000357,11458,37.6512469657,127.0722915838
하계5단지아파트,110000689,11459,37.633941468,127.0663248698
그린아파트101동앞,110000686,11460,37.644343387,127.0616415379
북부여성발전센터앞,110000684,11461,37.643175307,127.0621743013
당현초등학교,110000361,11462,37.6483442236,127.0589261989
상계주공2단지상가,110000362,11463,37.6504106403,127.0570694279
월계미성아파트,110000363,11464,37.6214670481,127.0691617763
벼루말교,110000364,11465,37.6198488394,127.055220831
청구빌라.연촌초등학교,110000365,11466,37.6350950706,127.0714772101
청구빌라.연촌초등학교,110000366,11467,37.63528,127.071537
벼루말교,110000367,11468,37.6196650162,127.0552252263
하계1치안센터,110000368,11469,37.6331123322,127.0724127941
하계1치안센터,110000369,11470,37.6329494935,127.0722633137
월계중학교,110000373,11474,37.6300545578,127.0511179201
염광중학교후문,110000374,11475,37.6303366157,127.0510739268
월계1동경로당,110000375,11476,37.6170537289,127.0640318343
월계역신도브래뉴아파트앞,110000376,11477,37.6298807194,127.0590758831
구묵동교,110000377,11478,37.6183307692,127.0786053295
석계역1번출구.B,110000379,11481,37.614924,127.065202
삼화상운차고지,110000380,11482,37.6260862831,127.0529460051
월계동진아교통,110000383,11485,37.627735,127.064418
월계동진아교통,110000384,11486,37.627618,127.06447
중계본동종점,110000385,11487,37.644617,127.082796
한성여객종점,110000387,11489,37.6375349947,127.0706354793
흥안운수상계4동종점,110000389,11491,37.6708342206,127.0822757357
삼화상운,110000391,11493,37.627217,127.05038
유원.극동아파트,110000396,11499,37.6296015672,127.0461279839
유원.극동아파트,110000397,11500,37.6296727092,127.0462390596
월계미륭아파트,110000398,11501,37.6240374947,127.0680456484
7단지영업소,110000399,11502,37.6602778615,127.0637357104
수락리버시티3.4단지,110000640,11503,37.6872109624,127.0526873942
7단지영업소,110000694,11504,37.6596419854,127.0641070552
경춘선숲길방문자센터,110000653,11505,37.6318318995,127.0703978385
월계주공1단지아파트앞,110000656,11506,37.62626,127.05156
불암산스포츠타운,110000676,11507,37.6390159235,127.0828056335
불암산스포츠타운,110000675,11509,37.6386873571,127.0824367108
수락현대아파트,110900001,11511,37.6746356354,127.0602823906
서울특별시기술교육원북부캠퍼스,110900002,11512,37.6421605433,127.0571172663
상계8동주민센터,110900003,11513,37.6669730538,127.051942026
온곡초등학교,110900004,11514,37.6667154619,127.0664537758
상계역1번출구,110900005,11515,37.660644234,127.0736491547
수락산디자인거리,110900006,11516,37.6749732449,127.0578760501
상계주공11단지,110900007,11518,37.667017757,127.055119735
보람아파트앞,110900121,11519,37.6649666306,127.0661699718
노원센트럴푸르지오아파트상가,110900008,11521,37.66394,127.075112
7호선수락산역,110900113,11522,37.6758346525,127.0558589832
마들역8번출구,110900009,11524,37.666379,127.057202
오뚜기슈퍼,110900010,11527,37.664375249,127.0727573729
상계주공9단지,110900136,11530,37.6646710926,127.0593675238
대동아파트,110900011,11532,37.6201359781,127.0722416267
또또슈퍼,110900012,11534,37.6653067674,127.0716043605
상계주공14단지,110900013,11535,37.6709217102,127.0578625428
청원고등학교,110900014,11537,37.6645170181,127.0611130008
수락산역5번출구,110900015,11538,37.6778216107,127.0552228287
대동택시,110900016,11539,37.6658821177,127.0708375154
14단지상가,110900017,11540,37.6697567019,127.0595053381
상곡초등학교.상계주공9단지,110900019,11542,37.6622649228,127.0616937591
상계금호어울림아파트입구,110900020,11545,37.666592042,127.0695323546
상원초등학교,110900087,11546,37.6681065609,127.0603076176
주유소앞,110900086,11549,37.655617199,127.0658941981
건민약국앞,110900085,11550,37.6250138329,127.0719758027
노일중학교,110900115,11551,37.6725397529,127.0546941742
한신1차아파트후문,110900084,11552,37.6659065133,127.0692075262
청원고등학교후문,110900131,11553,37.6669955926,127.0616682026
벽산상가,110900083,11554,37.6355998817,127.0655683222
상계1차현대아파트,110900082,11558,37.6720621442,127.0528006763
상계한신1차아파트상가,110900081,11559,37.6652660143,127.0689224185
상계주공13단지,110900080,11560,37.6667468606,127.063432919
노원역10번출구,110900118,11562,37.6566407298,127.0644341674
한신1차아파트정문,110900078,11566,37.665426804,127.068237921
보람아파트정문,110900077,11567,37.6645548999,127.0644308067
한신3차아파트,110900120,11571,37.665476,127.067273
상계주공15단지.16단지,110900075,11576,37.6706380752,127.0536169926
보람사거리,110900074,11577,37.6643687096,127.0670671762
청솔7단지아파트,110900108,11583,37.6317303507,127.0722281429
대림아파트105동앞,110900070,11587,37.6628687433,127.0737280558
상계6동우체국,110900128,11590,37.6536989107,127.0588725833
석계역,110900067,11594,37.615421632,127.0644586182
노원역2번출구,110900119,11595,37.6562751871,127.0631567004
노원역5번출구,110900130,11596,37.6543273712,127.0616021898
중현초등학교,110900066,11597,37.6329598124,127.0669924831
월계472교,110900091,11599,37.6158813474,127.0607559977
KT플라자노원점,110900065,11601,37.654889655,127.0636626522
중계센트럴파크아파트,110900149,11602,37.6437893671,127.0596902572
장석교회,110900150,11603,37.6242668613,127.0509399385
교육촌.벼루말,107900332,11604,37.6218672206,127.0526752265
꿈의숲SK뷰아파트,107900333,11605,37.6208711896,127.0536514986
석계역문화공원,107900337,11607,37.6148875788,127.0643656736
꿈의숲SK뷰아파트,107900334,11609,37.6208778929,127.0537704394
하계장미아파트정문,110900063,11634,37.6340828467,127.0664870208
불암산역,110000655,11664,37.6692446012,127.0784855626
동신아파트,110900062,11675,37.6173040527,127.0609644558
순복음교회,110900061,11680,37.6553098844,127.0659777956
수락산역,110000670,11689,37.680258992,127.0552859878
하계역,110900111,11723,37.6353446877,127.0683618531
지에스마트,110900060,11781,37.6637908331,127.0659762338
보람아파트상가,110900059,11784,37.6646590132,127.0651801458
삼창아파트,110900058,11793,37.618195896,127.0596522656
포레나노원,110900057,11796,37.6631858244,127.0616933878
청솔7단지앞,110000587,11801,37.6315960409,127.0723073234
경춘선숲길방문자센터,110000589,11803,37.6316152129,127.0704050243
메디아이산부인과,110900056,11804,37.6564915397,127.0669716859
보람1차후문,110900132,11818,37.6621032692,127.065699307
상계주공13단지,110900054,11819,37.6666698801,127.0638597271
노일초교,110000668,11827,37.6727734628,127.0559095992
노일초교앞,110000667,11828,37.6735874431,127.0552549636
노원역,110000665,11831,37.6518335013,127.0609915402
노원역,110000671,11832,37.6529525233,127.0612202549
중계역,110000669,11833,37.6472686025,127.0627647339
중계역,110000663,11834,37.6480849384,127.0628447488
하계역,110000661,11835,37.6350402373,127.068859365
하계역,110000662,11836,37.6351558735,127.0683473286
선곡경로당,110900053,11842,37.61708085,127.0586613199
청백아파트4단지,110900145,11843,37.6322084397,127.0523483204
청백아파트4단지,110900148,11844,37.6325284238,127.0525501962
월계주공2단지앞,110900146,11845,37.6292003493,127.0546628905
인덕대후문,110900147,11846,37.6293422007,127.0547791118
청원고등학교,110900052,11847,37.6646214365,127.0613182514
청백아파트종점,110900144,11848,37.6355589675,127.0524831681
롯데캐슬루나아파트,110000660,11859,37.6252290714,127.0515462538
인덕대학교,110000658,11860,37.6286964721,127.0554494371
인덕대학교,110000657,11861,37.6279225632,127.0551905495
롯데캐슬루나아파트,110000659,11862,37.6253859655,127.051303919
수락터미널,110000666,11863,37.678761784,127.0536285639
상계2동주민센터,110900153,11866,37.6580461346,127.0682709722
온곡중학교,110900049,11867,37.6604211521,127.0653475903
청원고등학교후문,110900133,11868,37.6670774308,127.061973194
월계472교,110900090,11869,37.6157506698,127.0607955382
석계역,110900047,11874,37.6152947954,127.0639696032
마들역6번출구,110900046,11875,37.6644779771,127.0568606257
수락리버시티3.4단지,110900116,11879,37.687056013,127.0528498554
14단지상가,110900045,11880,37.6698782533,127.0596913435
월계1동경로당.농협,110900044,11881,37.6166561998,127.0643090243
동일초등학교,110900043,11882,37.6644124259,127.0557933772
월계1동주민센터,110900042,11884,37.6193859905,127.0635603154
주공11단지.노원성당,110900041,11885,37.6644946663,127.0534873722
건민약국앞,110900040,11886,37.6252418718,127.071869529
상계청소년문화의집.상계주공14단지,110900039,11887,37.6706636759,127.0566788642
광운대역,110900038,11888,37.6231879357,127.0613442435
대아아파트,110900037,11890,37.6229882552,127.0711682681
대주아파트,110900036,11893,37.6215621284,127.0716879666
7호선수락산역,110900035,11894,37.6755694441,127.0560307331
대동아파트,110900097,11897,37.6196579989,127.0721221193
성원아파트,110900033,11898,37.6603174005,127.0655775882
수락산디자인거리,110900032,11899,37.6748739104,127.0576989633
공릉1동삼익아파트,110900095,11901,37.6183293199,127.0725315452
보람1차후문,110900135,11902,37.6621166411,127.0659577499
수락현대아파트,110900031,11903,37.6743422459,127.059571351
하계실버센터,110900030,11904,37.6337428922,127.0648936512
지에스마트,110900029,11906,37.6634077801,127.0661459181
벽산상가,110900028,11907,37.6354312046,127.0658820328
현대우성아파트,110900027,11910,37.6370290736,127.0651882488
미도아파트앞,110900025,11915,37.6447970339,127.060864533
상계현대3차아파트,110900024,11916,37.6707308288,127.053742889
원자력병원입구,110900023,11927,37.6273693051,127.0775985987
상원초등학교,110900022,11928,37.6679870315,127.0605993817
상원중학교,110900021,11929,37.671119003,127.0579499838
노원역8번출구,110000679,11931,37.6553199153,127.0592603529
중계그린아파트,110900143,11938,37.6407016676,127.0641790384
브라운스톤중계,110900142,11939,37.640479158,127.0640734649
노원센트럴푸르지오아파트앞,110000701,11988,37.6653893564,127.0754905183
노원롯데캐슬시그니처아파트앞,110000702,11989,37.665390418,127.0757607508
불암산역,110000650,11990,37.6706170199,127.079711295
동막골유원지,110000648,11992,37.6751003976,127.0866348621
상계3.4동주민센터,110000646,11994,37.6723158562,127.0831808706
상계3.4동주민센터,110000645,11995,37.6730037112,127.0834249516
상계4동,110000644,11996,37.6738791873,127.0844987818
동막골유원지,110000643,11997,37.6752275947,127.0864366179
덕은교.은평차고지앞,111000001,12001,37.5895977455,126.884114477
덕은교.은평차고지앞,111000002,12002,37.5891649798,126.8847866387
수색교,111000003,12003,37.5857595064,126.8886727095
수색교,111000004,12004,37.5846958272,126.8901789227
수색역앞,111000005,12005,37.5832230348,126.8932380184
수색역앞,111000006,12006,37.583047,126.894103
디지털미디어시티역,111000007,12007,37.579047,126.900505
디지털미디어시티역,111000008,12008,37.5786172251,126.9013445361
은평뉴타운10단지,111000009,12009,37.642948,126.915165
은평뉴타운10단지,111000010,12010,37.6435943143,126.9138270919
구파발역입구,111000011,12011,37.636164,126.917023
구파발역입구,111000012,12012,37.637116,126.916837
박석고개.신도고등학교,111000013,12013,37.629919,126.919374
박석고개.신도고등학교,111000014,12014,37.631088,126.919017
세명컴퓨터고등학교,111000926,12015,37.6242147932,126.9199734902
세명컴퓨터고등학교,111000925,12016,37.6252825924,126.9199961366
연신내역.연서시장,111000928,12017,37.6183598996,126.9218398322
연신내역.연서시장,111000927,12018,37.6193225551,126.9209337015
동명여고.천주교불광동성당,111000930,12019,37.6156068499,126.9250897142
동명여고.천주교불광동성당,111000929,12020,37.6161715335,126.9240159589
불광역3.6호선,111000932,12021,37.6119112959,126.9287979055
불광역3.6호선,111000931,12022,37.6124473901,126.9281552459
불광역3호선.서울혁신파크,111000934,12023,37.6086506795,126.9316257787
불광역3호선.서울혁신파크,111000933,12024,37.6090648082,126.9310647897
한전서대문은평.북한산푸르지오,111000936,12025,37.6055573158,126.934329604
한전서대문은평.북한산푸르지오,111000935,12026,37.6060931118,126.9338053516
녹번역,111000938,12027,37.6018619707,126.935322042
녹번역,111000937,12028,37.6024349118,126.9350485981
신사1동주민센터,111001134,12101,37.598063,126.911347
불광역1번출구,111000017,12103,37.6100879267,126.9304602536
불광역3.6호선,111000018,12104,37.6124835753,126.9283885506
동명여고,111000917,12105,37.616295,126.924228
연신내역,111000020,12106,37.6181925106,126.9221617234
선일하이츠빌라,111000021,12107,37.6227910995,126.919942637
세명컴퓨터고등학교,111000023,12109,37.6257486454,126.9202811322
구파발역2번출구,111000025,12111,37.6367680033,126.9189889746
구파발역.롯데몰,111001116,12112,37.637248,126.918577
구파발역.롯데몰,111001117,12113,37.6372464535,126.9185307406
박석고개,111000029,12117,37.6262373755,126.9198715831
신한은행갈현지점,111000030,12118,37.6238469574,126.9196883967
연신내역,111000031,12119,37.617346376,126.9225592814
동명여고,111000032,12120,37.6159770824,126.9240648193
불광역3.6호선,111000033,12121,37.6126668394,126.9278448811
불광역4번출구,111000034,12122,37.6097581422,126.9303364827
녹번역,111000037,12125,37.601221,126.932868
은평구청,111000038,12126,37.6014275543,126.930407158
응암지구대,111000039,12127,37.601346,126.925956
본서부병원,111000040,12128,37.6008996231,126.9237965161
신진과학기술고교.이마트은평점,111000041,12129,37.5998598128,126.918510745
응암역.신사오거리,111000042,12130,37.5990352266,126.9148666663
응암역.신사오거리,111000043,12131,37.5987592495,126.9149894161
신진과학기술고교.이마트은평점,111000044,12132,37.5995376513,126.9186295811
본서부병원,111000045,12133,37.6005501772,126.9235787889
응암지구대,111000046,12134,37.6012216354,126.9266529623
은평구청,111000047,12135,37.6011965196,126.9303925947
은평마을예술창작소,111001138,12136,37.614877,126.909611
녹번초등학교,111000049,12137,37.6028391102,126.92615785
역촌역.역촌오거리,111000050,12138,37.606957085,126.9224758463
삼성타운,111000051,12139,37.6087032927,126.9209709958
구산역1번출구.예일여고,111000052,12140,37.6108522823,126.918180036
구산동청년주택.디지털동행플라자,111000053,12141,37.612815754,126.9147150471
구산사거리,111000054,12142,37.613613,126.912487
선진운수종점,111000055,12143,37.6143442807,126.9104574621
선정중고등학교,111000056,12144,37.6158315758,126.9083885964
서울경찰청86.87기동대.우남아파트,111000057,12145,37.618049,126.906434
서울경찰청86.87기동대.우남아파트,111000058,12146,37.6185284274,126.9058308185
선정중고등학교,111000059,12147,37.6157164599,126.9080800916
선진운수종점,111000060,12148,37.6138985962,126.910860076
구산사거리,111000061,12149,37.6132406179,126.9125387021
구산동청년주택.디지털동행플라자,111000062,12150,37.6125210285,126.9146767259
구산역2번출구.예일여고,111000063,12151,37.6107737973,126.9177586143
하나은행역촌동지점,111000064,12152,37.6092676452,126.9200382135
역촌역.역촌오거리,111000065,12153,37.6065740745,126.9224014904
녹번초등학교,111000066,12154,37.603666166,126.9250309695
응암초등학교,111000067,12155,37.5870793679,126.9211239608
은평문화예술정보학교,111000068,12156,37.5888974078,126.9189004955
응암오거리,111000069,12157,37.5907361763,126.9165521769
신사초등학교,111000070,12158,37.5931399182,126.9135451755
신사동고개사거리,111000071,12159,37.5960379684,126.9098622734
신사동고개사거리,111000072,12160,37.5956071263,126.9099682771
신사초등학교,111000073,12161,37.5933583703,126.9128484808
응암오거리,111000074,12162,37.5907322847,126.916146787
은평문화예술정보학교,111000075,12163,37.5888296386,126.9186175094
응암초등학교,111000076,12164,37.5874770514,126.9203088175
대림시장,111000077,12165,37.5878268986,126.9165435736
대림시장,111000078,12166,37.5886847389,126.9170368506
응암역.신사오거리,111000079,12167,37.5979358249,126.9152247795
신흥시장,111000080,12168,37.5954014899,126.9145640351
새절역,111000081,12169,37.5906960085,126.9133950466
와산교,111000082,12170,37.587889553,126.9126985944
증산종합시장.증산중학교입구,111000084,12172,37.5808308281,126.9061474532
증산종합시장.증산중학교입구,111000085,12173,37.5805912987,126.9063881275
증산역.증산동주민센터,111000086,12174,37.5836809982,126.909681456
와산교,111000087,12175,37.5880943849,126.9130844852
새절역.숭실고입구,111000088,12176,37.5916824313,126.9138927882
신흥시장,111000089,12177,37.5954017296,126.9148958447
응암역.신사오거리,111000090,12178,37.5981073049,126.9156062368
역촌초등학교,111000091,12179,37.6021814396,126.9160546584
역말사거리,111000092,12180,37.6061494708,126.9155586421
구산역2번출구.예일여고,111000093,12181,37.6099512058,126.9169033629
구산역1번출구,111000094,12182,37.6116583062,126.91753691
대조동주민센터,111000095,12183,37.6140725919,126.9179363667
연신내역.로데오거리,111000096,12184,37.6178207167,126.9199962033
연서시장,111000097,12185,37.6192425563,126.9225910997
종로약국,111000098,12186,37.6203765441,126.9246380909
불광지구대,111000099,12187,37.6217745784,126.9267891079
북한산대창센시티아파트,111000100,12188,37.6248070601,126.9288094985
은평경찰서,111000101,12189,37.6276323558,126.9294752418
폭포동,111000102,12190,37.630715,126.931032
신도중학교,111000104,12192,37.6333482679,126.9315290754
은평노인종합복지관.신도중학교,111000107,12195,37.632495,126.931533
폭포동.은평노인종합복지관,111000109,12197,37.6313826666,126.9310069167
은평경찰서,111000110,12198,37.6281128817,126.9292714833
연신초등학교,111000111,12199,37.6256234179,126.9287702008
불광지구대,111000112,12200,37.6218554999,126.926505814
새장골유래비,111000113,12201,37.6205196512,126.9243796594
연서시장,111000114,12202,37.619596645,126.9225340914
연신내역.로데오거리,111000115,12203,37.618013317,126.9196550241
은평연세병원,111000116,12204,37.6147392532,126.9177313127
구산역4번출구,111000117,12205,37.6118940018,126.9171879732
구산역3번출구.예일여고,111000118,12206,37.6105039368,126.9167761276
역말사거리,111000119,12207,37.6062104465,126.9151429014
역촌초등학교,111000120,12208,37.6027929337,126.9155726294
응암역2번출구,111000121,12209,37.6004214787,126.9158607077
신사동고개삼거리,111000122,12210,37.5984133304,126.910253684
서울기독대학교입구,111000123,12211,37.6014374785,126.9103848244
시립서북병원세현교회앞,111000124,12212,37.6061458636,126.910658933
구산중학교.구산교회,111000125,12213,37.608955,126.91102
구산동주민센터,111000126,12214,37.61138,126.911363
구산동주민센터,111000127,12215,37.6122095685,126.9112924774
구산중학교.구산교회,111000128,12216,37.6088023972,126.9108335829
시립서북병원세현교회앞,111000129,12217,37.6060168573,126.9104597465
서울기독대학교입구,111000130,12218,37.6020320757,126.9102266857
우남교통,111000131,12219,37.5997666658,126.9101252157
신사동고개삼거리,111000132,12220,37.5986006142,126.9100665956
갈현1동주민센터,111000133,12221,37.623967591,126.9169240149
한일탕,111000134,12222,37.626073,126.918368
한일탕,111000135,12223,37.626162,126.918707
갈현1동주민센터,111000136,12224,37.6232468092,126.9170449022
불광롯데캐슬아파트,111001121,12225,37.6130745033,126.9320721326
진관초교입구,111000138,12227,37.6469051663,126.9258465241
푸르지오625동앞.관음사입구,111000150,12229,37.6489838336,126.9286737884
삼천리골입구56사단북한산부대,111000141,12230,37.6504258786,126.9351054314
백화사,111000142,12231,37.653550933,126.9389594548
흥국사,111000143,12232,37.656762115,126.9420101744
북한산성입구교차로,111000144,12233,37.6580874009,126.9453651665
북한산성입구교차로,111000145,12234,37.6581874095,126.9453412916
흥국사,111000146,12235,37.6572667556,126.9421886946
백화사,111000147,12236,37.6537446878,126.9390034965
삼천리골입구56사단북한산부대,111000148,12237,37.6500812402,126.9333102284
진관초교관음사입구,111000149,12238,37.6477735446,126.926868987
푸르지오618동앞.관음사입구,111000140,12239,37.6496846837,126.9292312003
진관중고교약수사입구,111000151,12240,37.6456049544,126.9233824457
응암2동주민센터,111001132,12241,37.5959245549,126.9236015835
응암2동주민센터,111001131,12242,37.5956531408,126.9230828294
이마트은평점,111000153,12243,37.6000492124,126.918585473
서부경찰서,111000154,12244,37.6013637746,126.920594101
해주드림빌APT,111000155,12245,37.604167052,126.9220664791
역촌역.역촌오거리,111000156,12246,37.6068015906,126.923243231
대조시장앞,111000157,12247,37.6086555139,126.9265165396
양광교회앞,111000158,12248,37.6084619409,126.9282417636
불광역.불광1동주민센터,111000159,12249,37.6090959943,126.9322904306
독박골.북한산래미안APT앞,111000160,12250,37.610512964,126.9397954573
구기터널입구,111000161,12251,37.6104100652,126.9449374785
구기터널입구,111000162,12252,37.6107519472,126.9457747343
독박골.북한산래미안APT,111000163,12253,37.6107435434,126.9396027141
불광역.불광1동주민센터,111000164,12254,37.6095286975,126.9326083189
양광교회,111000165,12255,37.6085452704,126.9289518591
대조시장,111000166,12256,37.6087915452,126.9261611387
역촌오거리,111000167,12257,37.6076554963,126.9239679445
역촌역1번출구,111000168,12258,37.6052406679,126.9221735304
서부경찰서,111000169,12259,37.6020192141,126.9205481069
이마트은평점,111000170,12260,37.6002403634,126.9181379622
응암1동주민센터,111000171,12261,37.6001514291,126.9267670248
영락중학교입구,111000172,12262,37.5973360696,126.9243403259
시립은평병원,111000173,12263,37.5932001174,126.9229692929
백련산힐스테이트4차,111000174,12264,37.5900103713,126.9226750731
충암고교앞.대주피오레아파트,111000175,12265,37.5868458253,126.9226529706
충암고교앞.대주피오레아파트,111000176,12266,37.5869567896,126.9228521457
백련산힐스테이트2차,111000177,12267,37.5903133577,126.9228701963
시립은평병원,111000178,12268,37.5932858149,126.9231277275
영락중학교입구,111000179,12269,37.5969092616,126.92416574
응암1동주민센터,111000180,12270,37.600396483,126.9270456288
한솔아파트입구.선정중학교후문,111000181,12271,37.6157960537,126.9137069892
갈현동미미아파트,111000182,12272,37.6182029973,126.9151519292
선일여고입구,111000183,12273,37.6193423695,126.9157125131
갈현동성당앞,111000184,12274,37.6207946411,126.9165922246
갈현동성당앞,111000185,12275,37.6205383043,126.9162269018
선일여고입구,111000186,12276,37.6194003078,126.9155259034
갈현동미미아파트,111000187,12277,37.6181857266,126.9149435132
한솔아파트입구.선정중학교후문,111000188,12278,37.6160781278,126.9137542396
불광역9번출구.불광초등학교,111000189,12279,37.6112854246,126.9305162707
불광대호아파트,111000190,12280,37.6144800026,126.9324705005
불광1동공동주차장앞,111000191,12281,37.6156974301,126.9329988956
불광1치안센터.독바위역,111000192,12282,37.6173596033,126.9331412473
수리초등학교입구,111000193,12283,37.6192490925,126.932556215
북한산한양수자인.불광삼익아파트,111000194,12284,37.6216806133,126.931665598
불광중학교,111000195,12285,37.6228723855,126.9309500937
북한산대창센시티아파트,111000196,12286,37.6237282359,126.9299354838
북한산대창센시티아파트,111000197,12287,37.6238488301,126.9296816036
불광중학교,111000198,12288,37.6225007168,126.9310525109
북한산한양수자인.불광삼익아파트,111000199,12289,37.6210460453,126.9316569055
수리초등학교입구,111000200,12290,37.6190891413,126.9325110516
불광1치안센터.독바위역,111000201,12291,37.6179384493,126.9330727682
불광1동공동주차장앞,111000202,12292,37.6163007079,126.9327287763
불광대호아파트,111000203,12293,37.614533,126.932333
불광초등학교,111000204,12294,37.6115701913,126.9304574428
신사동고개사거리,111001122,12295,37.595676,126.910343
백련산SK뷰아이파크아파트,111001128,12296,37.5958464822,126.9191562245
서부경찰서후문,111000213,12303,37.6024326383,126.9223367061
신진과학기술고등학교,111000214,12304,37.5979105453,126.9203231697
응암시장,111000215,12305,37.5943144974,126.9179795859
서서울농협본점,111000217,12307,37.593496,126.918083
신진과학기술고등학교,111000218,12308,37.5978224711,126.9206733351
서부경찰서후문,111000219,12309,37.602673,126.922648
디지털미디어시티역,111000220,12310,37.579265,126.900601
수색역,111000221,12311,37.5818901726,126.8961946716
덕은교.은평차고지앞,111000224,12314,37.5885782748,126.885614161
덕은교.은평차고지앞,111000225,12315,37.589961128,126.8834469451
수색교,111000226,12316,37.5855616396,126.888691653
수색동주민센터.은평문화원,111000227,12317,37.583469198,126.8924280896
수색역,111000228,12318,37.5807252119,126.8972983814
디지털미디어시티역,111000229,12319,37.5782704462,126.9012938809
수색초등학교.DMC아트포레자이,111000230,12320,37.584885,126.898899
e편한세상수색에코포레,111000231,12321,37.585871126,126.9002070161
은평터널앞,111000232,12322,37.5916129815,126.905834169
e편한세상수색에코포레,111000233,12323,37.5861018572,126.9002689854
수색초등학교.DMC아트포레자이,111000234,12324,37.58469,126.898375
DMC파인시티자이,111001136,12325,37.583379,126.896608
DMC파인시티자이,111001137,12326,37.583013,126.896455
새마을금고앞,111000239,12329,37.5890004737,126.9118521827
새마을금고앞,111000240,12330,37.5887219151,126.9123692391
미성아파트앞,111000241,12331,37.5899609798,126.9101243601
미성아파트앞,111000242,12332,37.5897240784,126.9101746617
상신중학교앞,111000243,12333,37.590661,126.906102
상신중학교앞,111000244,12334,37.590549,126.906163
숭실고입구,111000245,12335,37.591691,126.906148
현대아파트앞,111000246,12336,37.5937119295,126.9079429786
현대아파트앞,111000247,12337,37.5936396734,126.9077166053
신사사거리,111000248,12338,37.5956793509,126.9089727568
신사사거리,111000249,12339,37.595726085,126.9088141552
동명여고후문,111000250,12340,37.613396539,126.9243200422
동명탕앞,111000251,12341,37.6113775306,126.922048761
하나은행역촌동지점,111000253,12343,37.6083362023,126.9204238095
충북슈퍼앞,111000255,12345,37.6059929743,126.9178343774
역촌동주민센터,111000257,12347,37.6057279605,126.9148242474
제각말5단지.은평뉴타운도서관,111000260,12350,37.638398,126.93551
제각말5단지.은평뉴타운도서관,111000261,12351,37.636736149,126.9344374778
연신초등학교,111000271,12361,37.6258964052,126.9291886235
증산역.증산동주민센터,111000274,12364,37.5837546123,126.9093224341
연신초등학교.연신내성당,111000275,12365,37.6268716359,126.9290432643
신사1동주민센터,111000276,12366,37.5981632618,126.9108258962
시립서북병원,111000277,12367,37.6046894448,126.9103118348
신사동고개,111000278,12368,37.5977669942,126.9099169775
녹번역,111000291,12381,37.6008721092,126.9342261424
시립서북병원,111000298,12388,37.605176,126.910563
구산동사거리,111000299,12390,37.6142712329,126.9122339199
구산동사거리,111000300,12391,37.6143667731,126.9121200751
역촌동성당,111000302,12393,37.6055600914,126.9121474028
역촌동성당,111000303,12394,37.6057372754,126.9125361624
호림아파트앞,111000312,12406,37.6091519314,126.9208187439
은평권역공영차고지,111000315,12409,37.591461986,126.8843758106
응암정보도서관,111000320,12415,37.5865712748,126.9198965286
응암정보도서관,111000321,12416,37.5867495708,126.9201891291
서울중앙교회앞,111000322,12417,37.5852370433,126.9181435403
대림에코빌,111000323,12418,37.5850429138,126.918876351
응암오거리,111000324,12419,37.5908592237,126.9159858454
갈현노인복지센터,111000325,12420,37.6247220019,126.917214331
녹번동대림.JR아파트앞,111000326,12421,37.5992697862,126.937210112
연서중학교입구,111000327,12422,37.5862294351,126.9122781788
연서중학교입구,111000328,12423,37.5861713747,126.9117539841
은덕교.금암문화공원,111000329,12424,37.645043752,126.9174939449
은덕교.금암문화공원,111000330,12425,37.6448493012,126.9196866859
진관중고교약수사입구,111000331,12426,37.6451606289,126.9229619673
응암3동주민센터,111000332,12427,37.5911611009,126.9173132277
롯데캐슬823동앞,111000334,12429,37.6420727334,126.9217560692
진관중고교.약수사앞,111000335,12430,37.643408,126.92309
아이파크701동앞,111000918,12431,37.6460451246,126.9280934321
푸르지오621동앞,111000337,12432,37.6484353114,126.930478843
진관초교앞,111000338,12433,37.6462300075,126.9293236181
생태공원앞.구립상림도서관,111000339,12434,37.6440749929,126.9289701583
진관중고교.약수사앞,111000340,12435,37.6436290464,126.9241288304
래미안909동앞,111000341,12436,37.641157,126.921548
하나고.삼천사.진관사입구,111000342,12437,37.641815,126.938408
응암3동주민센터,111000344,12439,37.5916290571,126.9176960361
입곡삼거리,111000345,12440,37.649452,126.936391
입곡삼거리,111000346,12441,37.6516917235,126.9373769489
아이파크709동앞,111000347,12442,37.64485753,126.9266769344
은진초교입구.은뜨락도서관,111000350,12445,37.6307586517,126.9208007398
은진초교입구.은뜨락도서관,111000351,12446,37.6310195075,126.9209179115
은평구민체육센터앞,111000352,12447,37.631421,126.922569
은평구민체육센터앞,111000353,12448,37.6316559976,126.9232490659
신도초중교입구.한국고전번역원,111000354,12449,37.6314891556,126.9253371709
신도초중교입구.한국고전번역원,111000355,12450,37.6315631161,126.9269041367
은평성모병원,111001133,12451,37.6332275182,126.9177505869
아이파크714동앞,111000358,12453,37.6447747188,126.926199185
푸르지오604동앞,111000360,12455,37.6477638516,126.9300942037
푸르지오614동앞,111000361,12456,37.649745,126.931495
아이파크708동앞,111000916,12457,37.6456334846,126.9271303103
진관동주민센터.은평우체국,111000551,12458,37.6345427048,126.9197809696
진관동주민센터.은평우체국,111000550,12459,37.634698,126.91982
동부센트레빌324동앞,111000549,12460,37.6341556356,126.9246490829
두산위브253동앞,111000548,12461,37.6342740607,126.9231676603
동부센트레빌320동앞,111000547,12462,37.6340945394,126.9278043408
신도초교.은평메디텍고등학교,111000546,12463,37.6343139033,126.9292486123
하나고.삼천사.진관사입구,111000552,12464,37.6417643622,126.9381067653
두산위브205동앞,111000922,12465,37.6342668645,126.9262624499
래미안922동앞,111000920,12466,37.6440800714,126.9213361406
롯데캐슬820동앞,111000921,12467,37.6440018231,126.921569335
진관공영차고지,111001112,12469,37.6466539601,126.9079541625
진관공영차고지,111001113,12470,37.646847,126.908325
기자촌11단지앞,111000924,12471,37.634757,126.93258
수국사입구,111000939,12472,37.61677185,126.9067818944
응암초교.백련산힐스테이트3차,111000940,12473,37.5887478897,126.9228091836
신도초교.은평메디텍고등학교,111000941,12474,37.6340923943,126.93053931
응암초교.백련산힐스테이트3차,111001120,12475,37.5883344878,126.9225525515
녹번센트레빌아파트,111000943,12476,37.5987999451,126.9259022216
녹번센트레빌아파트,111000944,12477,37.5991595285,126.925981141
선진운수종점,111000945,12478,37.6143774179,126.9096051215
기자촌사거리,111001111,12479,37.6344327251,126.932131807
갈현중앙시장,111001110,12480,37.6234657781,126.9183928591
갈현중앙시장,111001109,12481,37.6233585723,126.9189621884
덕산중학교.씨티아파트,111001123,12498,37.6001887986,126.9045107403
덕산중학교.두산위브아파트,111001124,12499,37.6003715553,126.9045804777
대성중.고등학교,111900102,12500,37.622241841,126.9113648182
시립은평병원.파크자이아파트,111900101,12501,37.5933751468,126.9219585281
경향파크아파트,111900111,12502,37.6098126903,126.9064058814
12번지건영아파트,111900058,12503,37.6292661384,126.9139681277
상신초교.두산.한신아파트,111900057,12504,37.5995793833,126.906505892
선일여고.빅데이터고,111900100,12506,37.6205134295,126.9127522188
신비로마트,111900118,12507,37.5935080891,126.9207130204
대동슈퍼,111900099,12508,37.6091453914,126.9069186823
미미슈퍼,111900098,12509,37.6287486686,126.9145009345
신사1동경로당,111900097,12510,37.6011047367,126.9065878058
미미아파트,111900095,12512,37.6193298376,126.9145751762
응암시장입구,111900119,12513,37.5938507341,126.9184081548
이대부중,112000035,13118,37.5622161608,126.9429924976
구산근린공원.GS편의점,111900094,12514,37.6078442485,126.9081005205
충남슈퍼,111900093,12515,37.6281888678,126.9152380123
라이프씨티후문.광성교회,111900092,12516,37.6019571245,126.9065369075
갈현초교.로데오거리,111900090,12518,37.6183017293,126.9171432868
구산마트,111900089,12520,37.6075149639,126.9099346707
신창슈퍼,111900088,12521,37.6275398834,126.9162130815
역촌센트레빌,111900087,12522,37.6036440665,126.9066729719
연신내역.물빛공원,111900112,12524,37.6179370025,126.9200640466
금호아파트,111900085,12525,37.5991458825,126.9215937962
엔에스아파트,111900084,12526,37.6074009938,126.9129600864
대한슈퍼,111900083,12527,37.6264916063,126.9170390302
천사원입구.서북병원,111900018,12528,37.6046059597,126.9072233446
서부경찰서후문,111900080,12531,37.6011577098,126.922503383
미주아트빌,111900079,12532,37.607360642,126.9144620117
한일탕,111900078,12533,37.6258625007,126.9181148695
GS편의점.제일영광교회,111900077,12534,37.6038691675,126.9090006442
응암지구대,111900103,12536,37.6026268302,126.9266541847
동아문구,111900076,12538,37.6250653271,126.9172320767
역촌노인복지관,111900075,12539,37.6029022786,126.9110909239
불광보건소,111900074,12540,37.6212263774,126.9276959244
은평문화예술회관,111900104,12541,37.6036578292,126.9275532384
구산전철역,111900122,12542,37.6107888716,126.9176987121
갈현1동주민센터,111900073,12543,37.6237981731,126.9169038114
역촌초등학교후문,111900072,12544,37.6021657689,126.9130783097
금강골드,111900071,12545,37.6220396778,126.9300582848
현대아파트,111900070,12546,37.6052022296,126.9289335194
삼성아파트후문,111900069,12547,37.6094541116,126.9212918796
우리들약국,111900068,12548,37.6023270787,126.9155822164
불광중학교,111900067,12549,37.6223118057,126.9315964607
삼거리,111900066,12550,37.6060269864,126.9308932967
동명탕,111900065,12551,37.6113704609,126.9222594504
불광동팀수양관,111900063,12554,37.6225815388,126.9337169448
서울혁신파크,111900105,12555,37.6064338527,126.933287288
동명여고후문,111900062,12556,37.6134047996,126.9245556417
은평성모병원,111901153,12557,37.633821,126.915263
불광중학교,111900060,12559,37.6225288027,126.9315479397
녹번전철역,111900059,12560,37.6016520167,126.9352219968
대조동우체국,111900056,12561,37.6130918108,126.9266354132
하나은행역촌지점,111900123,12562,37.6082433296,126.9203621159
금강골드,111900054,12564,37.6221532998,126.930019077
불광전철역,111900053,12566,37.6097874644,126.9304044087
갈현1동주민센터,111900052,12567,37.6234667674,126.9171783379
불광보건소,111900050,12569,37.6214750716,126.927728474
양광교회앞,111900113,12571,37.6085524361,126.9288804949
갈현노인복지센터,111900049,12572,37.6249708087,126.9173681302
한일탕,111900046,12577,37.6257490703,126.9182679378
연신내역.물빛공원,111900110,12581,37.6179484142,126.9196188444
서강스카이빌,111900044,12582,37.599637866,126.9215785571
금원빌라,111900043,12584,37.6273083678,126.9182215668
갈현초교.로데오거리,111900042,12585,37.6183891774,126.9172043613
영진빌라,111900040,12588,37.6280239699,126.9172282867
미미아파트,111900039,12589,37.6194836087,126.9147744045
응암시장입구,111900038,12590,37.5936340537,126.9191082332
일진빌라,111900036,12592,37.6286459709,126.9165086746
선일여고.빅데이터고,111900035,12593,37.6205854307,126.9128739979
신비로마트,111900034,12594,37.593465478,126.9203269078
미주아트빌,111900033,12595,37.6074762806,126.9148764255
미곡빌라,111900032,12596,37.6292031766,126.9157102264
시립은평병원.파크자이아파트,111900030,12598,37.5931591443,126.9223154295
엔에스아파트,111900029,12599,37.6075146741,126.9131547681
양지빌라,111900028,12600,37.6287104174,126.9149120747
구산마트,111900027,12603,37.6076913632,126.9100391865
구파발역.롯데몰,111000915,12608,37.6375737328,126.9185015559
하나은행역촌지점,111900124,12612,37.6083549287,126.9201615172
구산근린공원.GS편의점,111900026,12615,37.6078265542,126.9085218863
은평마을,111900025,12623,37.60822376,126.9072186213
대동슈퍼,111900024,12627,37.6091680559,126.9070930846
우리들약국,111900023,12679,37.6024207649,126.915544736
역촌초등학교후문,111900022,12682,37.6022657636,126.913043084
역촌노인복지관,111900021,12684,37.6030076903,126.9110704122
GS편의점.제일영광교회,111900020,12685,37.6039125765,126.9089627251
천사원입구,111900019,12705,37.6047114321,126.9072809761
역촌센트레빌,111900017,12706,37.6036115181,126.9065348376
라이프씨티아파트후문.광성교회,111900016,12713,37.6019984659,126.9063998164
신사1동경로당,111900015,12714,37.6010559497,126.9064259132
연신내역6번출구,111900014,12725,37.6187941297,126.920609953
상신초교.두산.한신아파트,111900013,12727,37.5996258649,126.9063506929
청구성심병원후문,111900012,12733,37.6203235076,126.9193772591
역촌역,111000483,12741,37.6055237229,126.9234378955
역촌역,111000484,12742,37.604969841,126.9219467184
응암역,111000485,12743,37.5976816655,126.915151456
응암역,111000486,12744,37.597900063,126.9156177958
새절역,111000487,12745,37.5911367076,126.9134206649
새절역,111000488,12746,37.591669694,126.9140270141
증산역,111000489,12747,37.5837279163,126.9097617912
증산역,111000490,12748,37.5838186304,126.9093755737
연갈현공판장후문,111900010,12750,37.6231941796,126.9191124639
삼성래미안아파트,111900009,12792,37.6113931879,126.9379628881
현대힐스테이트1차정문,111900008,12794,37.6120189102,126.937084611
현대힐스테이트1차후문,111900007,12795,37.6122743017,126.9358352057
현대홈타운아파트,111900006,12804,37.6121205904,126.9332606867
불광역9번출구,111900106,12806,37.6110519588,126.9302407459
현대홈타운아파트,111900004,12807,37.6119764495,126.9333185837
현대힐스테이트1차후문,111900003,12808,37.6124118652,126.9352811899
현대힐스테이트1차정문,111900002,12809,37.6120344807,126.936716506
삼성래미안아파트,111900001,12810,37.6110914359,126.9380064656
힐스테이트302동앞,111900129,12811,37.5883424842,126.9253747237
힐스테이트116동앞,111900131,12812,37.589629845,126.9249091668
서울연은초등학교,111900126,12813,37.5907478447,126.9245151054
힐스테이트1단지정문앞,111900125,12814,37.5915036842,126.9242436989
힐스테이트2단지후문앞,111900132,12816,37.5920072263,126.923985
서울연은초등학교,111900128,12817,37.5905405474,126.9244417099
힐스테이트212동앞,111900127,12818,37.5894937244,126.9248209789
힐스테이트302동앞,111900133,12819,37.5881177776,126.9253154119
태평양약국,111900135,12820,37.5931110564,126.9178287272
국민은행,111900136,12821,37.5898036255,126.9166596611
풍림아그네스앞,111900142,12827,37.6030068196,126.9186054162
역촌유치원입구,111900141,12828,37.6041610114,126.9184603197
새생명약국앞,111900140,12829,37.6060224907,126.9182215705
새생명약국앞,111900139,12830,37.6059584123,126.9180755331
역촌유치원입구,111900138,12831,37.6041473815,126.9182961091
풍림아그네스앞,111900137,12832,37.6029499433,126.9184491833
대림e편한세상1단지,111901113,12833,37.6122236066,126.9061448253
대림e편한세상2단지,111900161,12834,37.6128333067,126.9066309054
현대아파트입구,111900160,12835,37.6133377398,126.9064105253
임창빌라,111900159,12836,37.6136362494,126.9079917288
온누리약국,111900158,12837,37.6143112872,126.9091981199
G캐슬아파트,111900157,12838,37.6152059361,126.9150771747
길마어린이공원,111900156,12839,37.6148011476,126.9160551992
길천사우나,111900155,12840,37.6142901678,126.9172394904
대림모터스,111900154,12841,37.6145006565,126.9180072593
연서시장,111900153,12842,37.6195798013,126.9210136547
청구성심병원,111900152,12843,37.6208558722,126.9191023707
아름다운교회,111900151,12844,37.6163142927,126.9185422575
길마어린이공원,111900150,12845,37.6149318595,126.9161595705
G캐슬아파트,111900149,12846,37.6152443908,126.9153720356
한솔아파트입구,111900148,12847,37.6158421464,126.9138949752
온누리약국,111900147,12848,37.6143933425,126.9092716485
임창빌라,111900146,12849,37.613689,126.908003
현대아파트입구,111900145,12850,37.6134594849,126.9065349731
대림e편한세상2단지,111900144,12851,37.612863109,126.9064477086
대림e편한세상1단지,111900143,12852,37.6122933971,126.9060994338
와산교,111900162,12853,37.5888854535,126.9141942524
서울정형외과,111900164,12854,37.5952882098,126.9187565139
벧엘블래스빌,111900163,12855,37.5954033834,126.9185163078
숭실고등학교,111901114,12856,37.5924359314,126.9037465738
숭실고등학교입구,111901115,12857,37.5922844503,126.9058386761
서신초교.내를건너서숲으로도서관,111901116,12858,37.5916437305,126.9074020312
삼거리.명진아파트,111901117,12859,37.5904186369,126.9106559732
안디옥교회.새절역,111901118,12860,37.5903413838,126.9127733944
신사초등학교.새절역,111901119,12861,37.5931645919,126.9134793725
상신초등학교입구,111901121,12863,37.5967350848,126.9080526428
행운슈퍼,111901122,12864,37.5959549827,126.9059234022
상신초교후문.산새마을종점,111901123,12865,37.5968616877,126.9051264097
행운슈퍼,111901124,12866,37.5958997274,126.9057839273
상신초등학교입구,111901125,12867,37.5966000242,126.9084801208
새절역,111901127,12869,37.590645,126.913387
이대부중,112000036,13119,37.5636440514,126.9441630049
삼거리.명진아파트,111901128,12870,37.590585901,126.9104975116
서신초교.내를건너서숲으로도서관,111901129,12871,37.5918058667,126.9073480469
숭실고등학교입구,111901130,12872,37.592419547,126.905773399
경남아너스빌.서북병원,111901131,12873,37.6048441969,126.9055112666
힐스테이트상가,111901132,12874,37.5926436602,126.9238016009
서부중앙교회,111901133,12875,37.5891814717,126.9223210216
응암초등학교,111901134,12876,37.5893764234,126.9212381918
성암문구사거리,111901135,12877,37.58970267,126.9200405855
응암감리교회대림시장앞,111901138,12880,37.5888003875,126.9186628308
응암동성당,111901139,12881,37.589040611,126.9195323069
성암문구사거리,111901140,12882,37.5895742757,126.9200061957
응암초등학교,111901141,12883,37.5891693716,126.9213628305
백련산힐스테이트2차앞,111901142,12884,37.5893460086,126.9227921057
백련산힐스테이트2차상가앞,111901143,12885,37.5919747972,126.9230130166
은평세무서음식문화거리,111901144,12886,37.6020443537,126.9251390628
은평여성인력개발센터,111901145,12887,37.6072139011,126.9321452206
대조시장.NC백화점,111901146,12888,37.6095175554,126.9278360602
행정연구원건너편,111001126,12889,37.6096079683,126.9364616275
파크자이105동앞,111901149,12890,37.5919679769,126.9229167793
브라운스톤빌앞,111901152,12891,37.5905437355,126.9124577519
6번지입구,111900134,12991,37.6268686558,126.9190319477
북가좌동삼거리,112000001,13001,37.5754463835,126.9045265135
북가좌동삼거리,112000002,13002,37.575143,126.905143
DMC래미안e편한세상.요진아파트,112000003,13003,37.5716775164,126.9096099146
DMC래미안e편한세상.요진아파트,112000004,13004,37.571577,126.910313
모래내시장.가좌역,112000005,13005,37.5690774104,126.9150627853
모래내시장.가좌역,112000006,13006,37.569862,126.913786
사천교,112000007,13007,37.5675591039,126.9181539325
연희104고지앞.궁동근린공원,112000008,13008,37.56628429,126.9250825384
연희104고지앞.궁동근린공원,112000009,13009,37.5663570321,126.9257860764
서대문우체국,112000010,13010,37.5619524262,126.9319882204
서대문우체국,112000011,13011,37.5625326219,126.9314621185
연세대앞,112000012,13012,37.5599563479,126.935337338
연세대앞,112000013,13013,37.5601569117,126.9354996016
세브란스병원앞,112000014,13014,37.5599674551,126.9384506818
세브란스병원앞,112000015,13015,37.5601326008,126.9389236898
이대후문,112000016,13016,37.5626001751,126.9433012302
이대후문,112000017,13017,37.5630635031,126.943648393
동교동삼거리,113000415,13019,37.5577646946,126.92951964
신촌오거리.현대백화점,113000416,13021,37.5559833987,126.9345037666
신촌오거리.2호선신촌역,113000417,13023,37.5557324618,126.9386937609
이대역,113000411,13025,37.5568755655,126.9472705221
산골고개.e편한세상서대문,112000405,13026,37.5953018189,126.9399957025
산골고개.e편한세상서대문,112000406,13027,37.5949694506,126.940515779
홍제역.서대문세무서,112000407,13028,37.5884908289,126.944365257
홍제역.서대문세무서,112000408,13029,37.5878433932,126.9453225684
홍제삼거리.인왕산한신휴플러스,112000416,13030,37.585207045,126.9478427379
무악재역,112000398,13031,37.5831543142,126.9498097936
무악재역,112000400,13032,37.5818652109,126.9506553191
안산초등학교,112000404,13033,37.580686,126.951572
독립문역.한성과학고,112000402,13034,37.5746889121,126.9575774512
독립문역.한성과학고,112000401,13035,37.5756411364,126.9565608295
영천시장,100000363,13036,37.5699391328,126.9625329584
영천시장,100000362,13037,37.5695278692,126.9631353297
서대문역,112000403,13038,37.5664745324,126.9658300015
경찰청.동북아역사재단,112000399,13039,37.5624764161,126.9692243077
인왕산.홍제원아파트,112000409,13040,37.5843965104,126.9488623648
경찰청.동북아역사재단,101000332,13041,37.564312,126.968047
웨딩타운,113000475,13042,37.5572390055,126.9525537641
아현역,113000478,13044,37.5573893313,126.9568854911
충정로역,112000430,13045,37.5608580892,126.9633122036
충정로역,112000429,13046,37.5598014128,126.9624921672
서대문역사거리,101000304,13047,37.565579,126.966565
모래내시장.가좌역,112000024,13107,37.5699234895,126.9139631219
사천교,112000026,13109,37.567753,126.918313
연희104고지앞.궁동근린공원,112000027,13110,37.5662972487,126.9242109644
연희104고지앞.궁동근린공원,112000028,13111,37.56655,126.924998
서대문우체국,112000029,13112,37.5632286878,126.9304420835
서대문우체국,112000030,13113,37.5630010161,126.9311628502
연세대학교앞,112000031,13114,37.5598189289,126.9353063323
연대앞,112000032,13115,37.560453873,126.9348360825
세브란스병원,112000033,13116,37.5598680153,126.9378406593
세브란스병원,112000034,13117,37.5602647606,126.9392418031
이대부고,112000037,13120,37.5655323127,126.9464306606
이대부고,112000038,13121,37.5663177634,126.9464759832
홍은동동부센트레빌,112000039,13122,37.5967569936,126.9387082438
산골고개.e편한세상서대문,112000040,13123,37.59506873,126.9405745726
홍은사거리.북한산더샵아파트앞,112000041,13124,37.5923780828,126.9412659588
홍제우체국,112000042,13125,37.586895,126.946047
영천시장,112000050,13133,37.5702280395,126.9620200068
금화초등학교.서울시교육청,112000051,13134,37.5679014179,126.9643259996
충정로역2번출구,112000054,13137,37.5596112723,126.9640265994
이대역4번출구,112000057,13140,37.5569841725,126.9465754208
신촌기차역입구,112000058,13141,37.5568082054,126.9438432587
신촌역2호선,112000059,13142,37.5561879537,126.9396412239
신촌아트레온,112000433,13143,37.5565096313,126.9407880306
동교동삼거리연희동방면,112000061,13144,37.5586582575,126.9274994875
연세로.명물거리,112000062,13145,37.5581462307,126.9369771454
연세로.스타광장,112000063,13146,37.5564094444,126.936763576
연희동대우아파트,112000064,13147,37.5626233467,126.9279552211
연희교차로,112000065,13148,37.5658534534,126.9302898099
연희교차로,112000066,13149,37.565947,126.930035
연희3거리,112000067,13150,37.567905,126.931902
연희3거리,112000068,13151,37.5679329873,126.9316095114
한성화교중고교.서대문소방서,112000069,13152,37.572300887,126.9354132782
한성화교중고교.서대문소방서,112000070,13153,37.5724773892,126.935209346
서대문자연사박물관입구,112000071,13154,37.5751696986,126.935409088
서대문자연사박물관입구,112000072,13155,37.5752259192,126.9352420646
서대문구청.보건소.구의회,112000073,13156,37.5782448388,126.9360659508
서대문구청.서대문구의회,112000074,13157,37.5786159669,126.9358425895
동신병원.홍제폭포,112000075,13158,37.5808305209,126.9360098808
서대문보건소별관.홍제폭포,112000076,13159,37.5826619393,126.9362856888
정원여중,112000077,13160,37.5862495334,126.9349879316
정원여중.스위스그랜드호텔,112000078,13161,37.5876617984,126.9352599978
홍은현대아파트.스위스그랜드호텔,112000079,13162,37.5886491136,126.9364277763
홍은현대아파트,112000080,13163,37.5900579315,126.9383457541
유진상가,112000081,13164,37.5917540721,126.9428678255
유진상가,112000082,13165,37.5921799219,126.9431392494
문화촌현대아파트,112000083,13166,37.5922468351,126.9465445621
문화촌현대아파트,112000084,13167,37.5926521614,126.9468069077
서울여자간호대학교.홍은초등학교,112000085,13168,37.596107216,126.9492224035
서울여자간호대학교.홍은초등학교,112000086,13169,37.595642031,126.948705185
유원하나아파트,112000087,13170,37.595884281,126.9526777041
유원하나아파트,112000088,13171,37.5957428014,126.9520650666
홍지문.옥천암,112000089,13172,37.5965724145,126.9565922341
홍지문,112000090,13173,37.59691,126.956263
북가좌오거리,112000091,13174,37.579833,126.911478
북가좌오거리,112000092,13175,37.5802996548,126.9114608746
북가좌2동주민센터,112000093,13176,37.5820367519,126.9131368767
북가좌2동주민센터,112000094,13177,37.582863608,126.9134019708
동도하이츠아파트,112000095,13178,37.5846770601,126.9150178885
동도하이츠아파트,112000096,13179,37.5849012516,126.9147685281
DMC파크뷰자이,112000097,13180,37.5738624722,126.9162367644
삼성래미안2차아파트,112000098,13181,37.57125,126.913812
모래내삼거리,112000099,13182,37.5707856905,126.9132772911
DMC래미안e편한세상2.4단지,112000100,13183,37.576740896,126.9109918398
모래내우체국.증가교회,112000101,13184,37.5764407614,126.9117262959
북가좌삼호.DMC아이파크아파트,112000102,13185,37.5752684365,126.9133099754
북가좌삼호.DMC아이파크아파트,112000103,13186,37.57553,126.913058
DMC센트레빌아파트,112000105,13188,37.575307,126.915772
DMC파크뷰자이.별동상가,112000106,13189,37.575189079,126.9160852843
래미안루센티아.DMC쌍용,112000107,13190,37.5755669605,126.9185357219
명지대사거리,112000108,13191,37.5773706116,126.9209818476
DMC에코자이아파트,112000109,13192,37.5764335942,126.9195564567
DMC센트럴아이파크아파트,112000110,13193,37.5782195826,126.9218530795
명지대,112000111,13194,37.5791366844,126.9235485995
명지대,112000112,13195,37.5798843005,126.9242905927
명지대삼거리,112000113,13196,37.5809598808,126.9260980643
명지대삼거리,112000114,13197,37.5812704533,126.926363438
고은초등학교.홍제센트럴아이파크,112000115,13198,37.5852299437,126.9446994488
신연중학교서대문도서관,112000116,13199,37.583957533,126.9408336411
백련교.홍제폭포,112000117,13200,37.5829006647,126.9375486367
서대문문화체육회관입구,112000118,13201,37.5814081994,126.9353906921
홍연2교.두산아파트앞,112000119,13202,37.5784212336,126.9308803247
홍남교,112000120,13203,37.576642,126.927497
연가교,112000121,13204,37.5725614324,126.922182071
연희파크푸르지오앞,112000122,13205,37.5753590003,126.9273349864
홍연시장,112000123,13206,37.5771334404,126.9306866952
연희홍연아파트,112000124,13207,37.577997674,126.9323548321
서대문구청,112000125,13208,37.5790506621,126.934871913
남가좌현대아파트,112000126,13209,37.5749175727,126.9218592217
신촌기차역,112000127,13210,37.5587819764,126.9424516144
신촌기차역,112000128,13211,37.5583564889,126.942932947
증산교앞,112000129,13212,37.5780399456,126.9048028539
연희지하차도,112000130,13213,37.5771502914,126.9325574117
연희지하차도,112000131,13214,37.5775014779,126.9322061541
홍연2교.현대교통종점,112000132,13215,37.5782142202,126.9299866353
홍연2교.현대교통종점,112000133,13216,37.5784013054,126.9302043856
명지대입구.서울무용센터,112000134,13217,37.5808491187,126.9274075515
명지중고등학교,112000135,13218,37.5825611977,126.9256976401
명지중고등학교,112000136,13219,37.5829327992,126.9256885404
명지전문대.충암중고등학교,112000137,13220,37.5846658745,126.9235951233
명지전문대.충암중고등학교,112000138,13221,37.5846680823,126.9239584623
연희동자치회관,112000139,13222,37.5695181223,126.9312682155
연희동자치회관,112000140,13223,37.5697475722,126.9312958858
서대문구보훈회관,112000141,13224,37.5717018011,126.9293638634
서대문구보훈회관,112000142,13225,37.5718307606,126.9295369529
홍남교.서대문구행복그린센터,112000143,13226,37.5746380958,126.9269827008
홍남교.서대문구행복그린센터,112000144,13227,37.5748855063,126.9270266699
백련시장,112000145,13228,37.5766469566,126.9249301317
백련시장,112000146,13229,37.5770899891,126.9247007242
명지대사거리.백련시장,112000147,13230,37.5774257307,126.9225808324
명지대사거리.국민은행앞,112000148,13231,37.5776103285,126.9224193215
연가초교.DMC래미안클라시스,112000149,13232,37.5791189521,126.9172942879
연가초.연희중.래미안클라시스,112000150,13233,37.5789588794,126.91806787
북가좌사거리,112000151,13234,37.5811819257,126.9146690658
북가좌사거리,112000152,13235,37.5818379941,126.9141424887
북가좌119안전센터,112000153,13236,37.5827046271,126.9126208621
북가좌119안전센터,112000154,13237,37.5834459918,126.9120370471
충정로역9번출구,112000155,13238,37.561714,126.964018
미동초등학교,112000157,13240,37.5631581038,126.9644505142
DMC한양아파트,112000158,13241,37.5764898997,126.9085188895
북가좌초교·DMC현대아파트,112000159,13242,37.5767876006,126.9084364654
DMC파크뷰자이1단지입구,112000440,13243,37.571091,126.91693
독립문역·서대문형무소역사관,112000167,13250,37.5754192746,126.9564326063
경찰청,112000169,13252,37.563413,126.968395
충정로역2호선,112000170,13253,37.5597212618,126.9642110489
연가교,112000173,13256,37.5728168589,126.9221469551
가좌역3번출구,113000532,13257,37.569163,126.914759
명지대입구.신원지벤스타,112000175,13258,37.5804565915,126.9281505144
창서초등학교.현대백화점,112000176,13259,37.5566664866,126.9330023083
서대문종합사회복지관,112000177,13260,37.5712597156,126.9200245273
서대문종합사회복지관,112000178,13261,37.5709633371,126.9201437133
홍남교.백련시장입구,112000179,13262,37.5752855695,126.9251839684
북가좌초교사거리,112000180,13263,37.5787263414,126.9102546757
북가좌초교사거리,112000181,13264,37.578365,126.910333
은가어린이공원.구150번종점,112000182,13265,37.5829339719,126.9196202751
DMC두산위브아파트,112000184,13267,37.5805574973,126.915323745
DMC두산위브아파트,112000185,13268,37.5803471667,126.915940812
서대문독립공원·극동아파트,112000187,13270,37.5718528892,126.9593190984
봉원동사거리,112000195,13278,37.5668611224,126.9464767265
봉원사,112000196,13279,37.5701024648,126.9461047804
봉원사,112000197,13280,37.570109,126.9461148977
봉원동사거리,112000198,13281,37.5667963452,126.9467009136
서대문독립공원.삼호아파트,112000199,13282,37.5714897037,126.9594106078
서부운수기점,112000202,13285,37.581632,126.910257
중소기업은행,112000216,13299,37.5822573867,126.9129894423
봉원사길,112000230,13313,37.5683540231,126.946017179
봉원사길,112000231,13314,37.5686023092,126.9461086912
연세로.문학의거리,112000392,13324,37.5562631609,126.9370041956
독립공원사거리,112000314,13325,37.5763938404,126.955308749
독립공원사거리,112000313,13326,37.5764875221,126.9552249123
가재울초등학교,112000415,13327,37.5739820992,126.9189766576
가재울초등학교,112000414,13328,37.5744342988,126.9187610612
산골고개.e편한세상서대문,112000417,13329,37.5948326835,126.9403025508
DMC래미안e-편한세상3단지,112000426,13330,37.5751661304,126.9067640004
DMC래미안e-편한세상3단지,112000422,13331,37.5750474159,126.9070551106
연흥교회,112000421,13332,37.5726089786,126.9211651676
홍제역4번출구,112000424,13334,37.5893732847,126.943082762
남가좌동새마을금고,112000425,13335,37.574429,126.917304
국립대한민국임시정부기념관,112000427,13336,37.5758314601,126.9535721283
독립문파크빌.한성과학고,112000428,13337,37.5745776862,126.9518579342
두산아파트,112000431,13338,37.578770322,126.9320567839
DMC파크뷰자이,112000432,13339,37.5737656896,126.9163415838
아현가구단지,112000437,13340,37.5586613075,126.9608923538
DMC쌍용.래미안루센티아,112000439,13341,37.575591927,126.9188102139
정원슈퍼,112900227,13500,37.5864360186,126.9317244197
홍은동국민주택,112900116,13501,37.6056753028,126.9498503303
백련사,112900218,13502,37.5848355947,126.9285294071
풍진베이스타운.안산자락길입구,112900007,13503,37.5824266586,126.9433200359
개미마을,112900205,13505,37.589797675,126.9539148251
두산아파트,112900005,13506,37.5591201611,126.949261098
북아현삼거리,112900180,13507,37.5648050703,126.9529748039
궁동근린공원입구,112900004,13508,37.5695765271,126.9241991219
뜨란채아파트101동,112900003,13509,37.565837009,126.9587733457
삼성빌라,112900002,13510,37.5956010964,126.9338401245
소공원,112900219,13511,37.5863364542,126.9325182667
풍림.극동아파트,112900115,13512,37.6036389041,126.9494723222
명지고후문,112900220,13513,37.584106951,126.929089453
명진아트빌라,112900001,13514,37.5828145423,126.9436821958
홍은초등학교,112900114,13515,37.5968898285,126.9503226419
삼거리연탄가게,112900207,13516,37.5904915483,126.9533843286
초원약국,112900112,13517,37.5597710801,126.9500337563
추계초등학교,112900111,13518,37.5635916001,126.9541934784
궁동근린공원회관,112900189,13519,37.5709433271,126.9253683141
서서울농협홍은지점.동신병원,112900223,13520,37.580979243,126.9361173049
뜨란채아파트.노인복지관,112900170,13521,37.568067297,126.9590155058
금화장오거리,112900181,13522,37.5643630011,126.9592914762
미성아파트,112900110,13523,37.5932894508,126.9344642894
삼성그린빌,112900109,13524,37.5869709106,126.9326750877
팔각정,112900108,13526,37.5832993159,126.9301670114
고은초교삼거리,112900107,13527,37.5843122345,126.9438520431
문화촌주유소,112900106,13528,37.5952728242,126.9485919264
버드나무가게,112900105,13529,37.5910365086,126.9528846042
신촌푸르지오1단지후문.힐스테이트신촌,112900104,13530,37.5608509379,126.9516429305
새마을금고,112900103,13531,37.5631196895,126.9548740803
서대문지역자활센터,112900190,13532,37.5721234264,126.9262762163
산경아파트,112900168,13534,37.5685268448,126.9603003349
경기대후문,112900102,13535,37.5639149801,126.9614458786
홍은중학교,112900101,13536,37.5923361752,126.9346010147
동원빌라,112900100,13537,37.5870541637,126.9332966622
포방공영주차장,112900099,13538,37.6008891646,126.948937151
서대문문화체육회관,112900098,13539,37.5812287775,126.9319952523
성원아파트,112900097,13540,37.584232427,126.9427866202
홍은사회복지관별관,112900096,13541,37.5941733769,126.9480491692
금강빌라.인왕중학교,112900095,13542,37.5918227992,126.951991775
중앙여고,112900093,13544,37.5622215575,126.9555537949
홍제초등학교,112900232,13545,37.5922380009,126.9434055817
천연동마을금고,112900169,13546,37.568438466,126.9614503394
미동초교,112900092,13547,37.5642738059,126.9649491898
차고앞,112900091,13548,37.5917253952,126.9348869143
싸이버아파트,112900090,13549,37.5871221418,126.9340020442
포방시장,112900089,13550,37.5994652097,126.9483922502
서대문내품애센터,112900088,13551,37.5802086413,126.9333967449
문화촌현대아파트,112900087,13553,37.5923192809,126.9473597602
오동나무앞,112900086,13554,37.5928682464,126.951110117
경남아파트.북아현119안전센터,112900177,13556,37.5610274127,126.9558700919
행복하우스,112900194,13557,37.5731363439,126.9286952481
삼거리,112900084,13560,37.5900216603,126.9352937891
정원여중입구,112900083,13561,37.5864367347,126.9345801332
호박골다리,112900082,13562,37.5981452692,126.9467080038
송죽원,112900202,13563,37.5839495785,126.9390725472
홍제역해링턴플레이스,112900081,13564,37.5910942532,126.9467051053
동성교회,112900080,13565,37.5941790512,126.9496042131
중앙여고,112900079,13566,37.5618692519,126.9548553237
한성고교,112900078,13567,37.5594522562,126.9564975053
현대그린마트,112900076,13570,37.5713449478,126.9610204725
충정로역8번출구,112900075,13571,37.5609058481,126.963069492
스위스그랜드호텔앞,112900074,13572,37.5889769825,126.9363704352
간호대정문,112900073,13574,37.596999962,126.9474272357
홍은사거리,112900216,13575,37.5923950001,126.9412976503
인왕초등학교,112900072,13577,37.5892500775,126.9455049823
문화공원입구,112900071,13578,37.5944055102,126.9483947754
충정로역7번출구,112900069,13583,37.559865,126.962423
산골고개,112900067,13586,37.5950393216,126.9406034792
홍은초등학교.간호대입구,112900066,13587,37.5964555066,126.9488940175
가산빌라,112900199,13589,37.584882269,126.9360670682
사러가쇼핑,112900065,13590,37.5672943164,126.930245878
영천시장입구,112900063,13591,37.5692775009,126.9630256888
나이스신용정보.(구)한국예술원,112900062,13592,37.5612397836,126.961904561
반석블레스아파트,112900215,13593,37.5951671678,126.9410116214
평화슈퍼,112900203,13594,37.5862688501,126.9357069372
북아현로입구,112900178,13595,37.557825,126.956271
아현역1번출구,112000410,13596,37.5575069757,126.9553924724
육교앞,112900172,13597,37.5679383551,126.9643010771
광염교회,112900061,13598,37.562301158,126.9619360631
풍림1차아파트,112900060,13599,37.5943540172,126.9420858176
스위스그랜드호텔,112900200,13600,37.5877677594,126.9364416698
웨딩타운,112900056,13617,37.5572720684,126.9515261108
서대문문화체육회관,112000256,13626,37.5807483392,126.9349134591
서대문사거리,112900163,13654,37.5666951917,126.9654574653
경기대사회교육원,112900059,13656,37.5633648333,126.9624252992
팔각정,112900057,13659,37.5952754911,126.9432424727
남양아파트,112900201,13660,37.5891240045,126.9383406199
서대문전철역,112900054,13664,37.5652797325,126.9659992155
인창중고,112900053,13665,37.5642130373,126.9636417757
홍은유원아파트,112900052,13667,37.5969649835,126.9450463638
유진상가다리앞,112900208,13668,37.5919205228,126.9446843067
문화촌현대아파트입구,112900051,13669,37.5926048425,126.9471389075
바비엥스위트,101000248,13683,37.5647772952,126.9673182162
종근당,112900164,13695,37.5598271919,126.9629183473
이대농협,112900183,13698,37.5568236234,126.9440526436
미동초등학교,112900162,13699,37.5643964142,126.9651506262
인창중고,112900165,13700,37.5646637442,126.9641668008
사천교,112900050,13715,37.5680630996,126.9180638508
벽산아파트후문,112900049,13716,37.5962886959,126.9459766195
현대백화점,112900260,13720,37.5561694068,126.9347143466
아트레온,112900226,13724,37.5562630013,126.940090405
신촌자이엘라,112900184,13725,37.5567637834,126.9425352186
인창중고,112900047,13726,37.5644916315,126.9642045993
연희초등학교,112000337,13731,37.5699570285,126.9335745537
광산사우나,112900046,13737,37.5656091147,126.9645783982
스위스그랜드호텔.현대아파트,112900045,13740,37.5893324262,126.9363778811
모래내시장,112900044,13747,37.5690928967,126.9156151886
연희초등학교,112000352,13749,37.5697196069,126.9330310414
홍은성당,112900043,13751,37.5960212696,126.9464082826
간호대입구올해피장애인복지센터,112900042,13754,37.5959314635,126.9491285283
우리은행홍제동지점,112900209,13755,37.5917792198,126.9451782303
미동초등학교,112900166,13764,37.5631094992,126.9648856423
연희삼거리,112000372,13773,37.5715704986,126.9344980432
연희삼거리,112000373,13774,37.5695126174,126.9332681588
서대문구청,112000374,13775,37.5784645604,126.9357996958
서대문구청,112000375,13776,37.5785143003,126.936131388
그랜드힐튼호텔,112000376,13777,37.5878538931,126.9357565292
그랜드힐튼호텔,112000377,13778,37.5880402875,126.9355163118
CGV신촌아트레온,112900041,13793,37.5557927422,126.938554851
경기대후문,112900040,13794,37.5640060641,126.961672228
서대문성당,112900173,13795,37.5672714689,126.9640444243
삼거리,112900039,13796,37.5900046159,126.935433086
벽산아파트정문,112900038,13798,37.594645127,126.9460106487
서대문역7번출구,112900037,13801,37.5652394638,126.9669874701
신촌전철역,112900230,13802,37.5553901125,126.9371485343
금화장오거리,112900182,13803,37.5644864668,126.9593378205
동명여중,112900036,13804,37.5680640191,126.9629186057
차고앞,112900035,13805,37.5915705415,126.9351293826
고은초교삼거리,112900034,13808,37.5842616936,126.9436845024
영천시장입구,112900032,13813,37.5684809789,126.9619594904
홍은중학교,112900031,13814,37.5926714357,126.9347015063
정원여중입구,112900030,13816,37.5865602152,126.9346366412
명진아트빌라,112900029,13818,37.5829135972,126.943546249
문화공원입구,112900028,13819,37.5942912091,126.9484966108
가재울초등학교,112900233,13820,37.5745622293,126.9183585228
연대앞.세브란스병원,112900188,13821,37.5602943607,126.9355917024
미성아파트,112900027,13822,37.5936545113,126.9346802635
남가좌동아이파크후문,112900224,13823,37.5745040424,126.9206142993
싸이버아파트,112900026,13824,37.5872194803,126.9340393252
동신병원사거리,112900025,13826,37.5815669075,126.9356034175
동성교회,112900024,13827,37.5941402463,126.9494683467
연희성당,112900196,13828,37.5630514409,126.9311005456
남가좌동아이파크정문,112900225,13830,37.5749489217,126.9215738878
동원빌라,112900023,13831,37.5871586938,126.9333033629
홍은2동주민센터,112900022,13832,37.5809086238,126.934715178
오동나무,112900021,13833,37.593009015,126.9507351582
연희브라운스톤,112900020,13834,37.5657082519,126.9302298489
3호선독립문역,112900019,13835,37.5724599224,126.9584504401
삼성그린빌,112900018,13837,37.5868978487,126.9325460681
서대문내품애센터,112900017,13838,37.5803213337,126.9334962806
금강빌라.인왕중학교,112900016,13839,37.5922107348,126.9516257391
하나은행연희동지점,112900015,13840,37.5669938067,126.931247474
이진아기념도서관,112900014,13841,37.5727088538,126.9565857109
서대문문화체육회관,112900013,13844,37.5815354767,126.9318571973
버드나무가게,112900012,13845,37.590994104,126.9527510089
종근당후문,112900011,13846,37.5594697141,126.9637436891
사러가쇼핑,112900064,13847,37.5672110495,126.9303732956
국민은행,112900197,13848,37.56781,126.931818
극동아파트119동,112900010,13849,37.5729676798,126.9547526626
사천교,112900009,13850,37.5683166376,126.9185424288
팔각정,112900008,13852,37.583313833,126.9303357066
삼거리연탄.약수터입구,112900210,13853,37.5904725788,126.9532665726
민속식당,112900118,13855,37.5679615197,126.9296164448
이진아기념도서관,112900119,13857,37.5726421343,126.9564804632
유진상가,112900120,13858,37.591660052,126.9426778859
명지고후문,112900222,13859,37.5841656006,126.9292207427
개미마을,112900206,13860,37.5897135968,126.9537786344
아현전철역,112900121,13861,37.5574907123,126.9577230295
서연중학교,112900122,13862,37.5691422348,126.928589688
3호선독립문역,112900123,13864,37.5724049323,126.9583836762
이대입구,112900185,13865,37.5568998934,126.9452863295
백련사,112900221,13866,37.5849059393,126.9286278498
평화교회,112900124,13867,37.5695046821,126.9260014418
극동아파트입구,112900174,13869,37.5719201973,126.9585322513
신촌아트레온,112900125,13870,37.5564894962,126.9407252016
북아현동주민센터,112900126,13871,37.5596417843,126.9567766726
삼호아파트.천연동주민센터,112900127,13874,37.5707914279,126.9593909971
홍은초등학교.간호대입구,112900128,13875,37.5968134349,126.9483983653
경남아파트.북아현119안전센터,112900179,13876,37.5607808911,126.9560391181
홍제폭포.동신병원,112900129,13877,37.5800385838,126.9354666025
영천시장입구,112900130,13878,37.5689547887,126.9614410169
간호대정문,112900131,13879,37.5973129248,126.9471326
중앙여고,112900132,13880,37.5620580263,126.9549530248
중앙여고,112900133,13881,37.562450459,126.9556170486
홍은2동어린이집앞,112900134,13882,37.5795467759,126.9341740353
감리신학대학교,112900135,13883,37.5679216001,126.9625724585
추계초등학교,112900137,13885,37.5636952525,126.9542624655
두산아파트,112900138,13886,37.5787201694,126.9320428222
서대문센트레빌,112900175,13887,37.5671723156,126.9639357971
포방시장,112900139,13888,37.5993508468,126.9485644718
홍은2동주민센터,112900141,13891,37.5804137793,126.9344518005
광산사우나,112900142,13892,37.5656108726,126.9644312366
포방공영주차장,112900143,13893,37.6008595246,126.9491591491
힐스테이트신촌.신촌푸르지오1단지후문,112900144,13894,37.5608966456,126.9515497876
인창중고,112900167,13895,37.5647326205,126.9641139341
호박골다리,112900145,13897,37.5981372208,126.9468857242
초원약국,112900146,13898,37.5598106586,126.9498696017
홍은동국민주택,112900113,13902,37.6051967755,126.9499071147
풍림.극동아파트,112900147,13905,37.6034755286,126.9495050706
홍은동국민주택,112900217,13907,37.6056464425,126.949965709
홍제역3번출구,112000413,13911,37.5884321956,126.9442328155
홍제우체국,112900204,13912,37.5867611042,126.9463325749
홍제2동주민센터,112900148,13913,37.5861855115,126.949649234
인왕산현대아파트입구,112900214,13915,37.5854477501,126.9479674436
삼호아파트.천연동주민센터,112900149,13916,37.570506964,126.9600087407
홍제역1번출구,112000411,13917,37.5890349366,126.944047791
유진상가.인왕시장,112000412,13918,37.5907884605,126.9421882308
연희브라운스톤,112900193,13919,37.566066,126.930217
신촌기차역,112900186,13922,37.5587257522,126.9426327429
인왕산현대아파트입구,112900151,13923,37.5851813121,126.9487531269
인왕산현대아파트117동,112900212,13924,37.5863067328,126.9510210022
북아현로입구,112900152,13926,37.5581795882,126.9564549195
인왕산현대아파트117동,112900213,13927,37.5864158661,126.9510203195
이대전철역,112900187,13928,37.5569744833,126.9468188341
유진상가,112900153,13929,37.5906566603,126.9419373753
인왕산현대아파트101동,112900154,13930,37.5861227688,126.9504373685
홍은2동주민센터,112900155,13933,37.5801955537,126.9341610096
뜨란채아파트101동,112900157,13934,37.5659098551,126.958513127
뜨란채아파트101동,112900156,13935,37.5657892,126.958626211
홍지문35통,112900211,13936,37.5967940402,126.9561380553
옥천교앞,112900158,13937,37.5963608926,126.9543661773
대명빌라,112900234,13938,37.5729270056,126.9270218704
인왕시장,112900235,13939,37.591139002,126.942912416
창덕에버빌,112900159,13940,37.5693943762,126.91742748
영천동,112900160,13941,37.5701370515,126.9605988267
독립문,112900176,13942,37.5714816578,126.9593725088
영천동,112900161,13943,37.5700627813,126.960381957
동원베네스트아파트입구,112900237,13944,37.5982578813,126.9447652539
홍은유원아파트입구,112900236,13945,37.5972309406,126.9451708339
동원베네스트주차장.두산위브입구,112900261,13946,37.5991156733,126.9442149137
홍은사회복지관별관,112900228,13947,37.5941280566,126.9474377485
서강아파트1차정문앞,112900229,13952,37.5949183961,126.934065371
연희상가아파트,112900238,13953,37.5731224341,126.928044361
봉원사입구,112900239,13955,37.5667306356,126.9464269727
증산역(증산2교),111901147,13956,37.5837069844,126.9113530601
행운부동산앞,112900240,13957,37.5809892128,126.916578396
은가경로당앞,112900241,13958,37.5810400985,126.9179580379
우리동네키움센터.삼성유치원,112900242,13959,37.5815105244,126.9185042381
두란노어린이집앞,112900243,13960,37.5815815396,126.9207840836
은혜감사어린이집,112900244,13961,37.5820455097,126.9224798172
백련어린이공원(공영주차장),112900245,13962,37.5826610496,126.9236989303
상록운수,112900246,13963,37.5840282682,126.9233580202
명지대학교교회,112900247,13964,37.5825812067,126.9253633984
명지대후문(세븐일레븐),112900248,13965,37.5814681556,126.9248522221
백련어린이공원,112900249,13966,37.5822559752,126.9239938349
은혜감사어린이집앞,112900250,13967,37.5820882288,126.9223608986
두란노어린이집,112900251,13968,37.5817423785,126.9205272051
우리동네키움센터.삼성유치원,112900252,13969,37.581739926,126.9184796033
행운부동산앞,112900254,13971,37.5808266426,126.9165576051
북가좌사거리,112900255,13972,37.5815349216,126.9137827727
북가좌오거리,112900256,13973,37.5811559999,126.9124960014
북가좌파출소,112900257,13974,37.5813659825,126.9111737609
해담는다리앞,111901148,13975,37.5822276439,126.9093836158
이마트24앞,112900258,13976,37.5819344759,126.9214779936
증산2교,111001129,13977,37.5839069226,126.9109326449
홍제천입구,112900259,13978,37.5788352473,126.9321466162
마포역,113000001,14001,37.5409425139,126.9479644874
마포역,113000002,14002,37.540277175,126.9467854312
공덕역,113000003,14003,37.5436049054,126.9509046196
공덕역,113000004,14004,37.5445016819,126.9513544428
아현동주민센터,113000005,14005,37.546364876,126.9529070766
아현동주민센터,113000006,14006,37.5470777755,126.9532416189
마포경찰서,113000007,14007,37.5501999331,126.9552123486
마포경찰서,113000008,14008,37.5507703612,126.9553048134
아현초등학교,113000009,14009,37.5540780443,126.9571001865
아현초등학교,113000010,14010,37.5548981253,126.9573351399
합정역,113000424,14011,37.5489993779,126.9129885095
합정역,113000412,14012,37.5495322937,126.9138559699
서교동,113000423,14013,37.5536367406,126.9195815796
서교동,113000413,14014,37.554149067,126.920047245
홍대입구역,113000422,14015,37.5566403375,126.9234653018
홍대입구역,113000414,14016,37.5573256439,126.9243162516
동교동삼거리,113000421,14061,37.558067095,126.928542674
신촌오거리.현대백화점,113000420,14062,37.5553966479,126.9358930618
신촌오거리.2호선신촌역,113000419,14063,37.5561071246,126.940153403
이대역,113000418,14064,37.5566543493,126.9444960625
웨딩타운,113000476,14067,37.557092,126.951517
아현역,113000477,14068,37.5572940008,126.9549417458
아현동가구단지,113000474,14100,37.5579672892,126.9606652753
마포구청.성산자동차검사소,113000011,14101,37.5649538546,126.9024231067
마포구청,113000012,14102,37.5649023958,126.9018904171
마포농수산물시장.월드컵공원,113000013,14103,37.5661067292,126.8974542618
월드컵경기장남측.월드컵공원,113000014,14104,37.5666679881,126.8963261593
월드컵경기장서측.문화비축기지,113000015,14105,37.569236499,126.895467768
월드컵경기장서측.문화비축기지,113000016,14106,37.568726,126.894294
성산동,113000479,14184,37.564768944,126.9069033254
월드컵파크3단지.난지천공원,113000017,14107,37.5733547348,126.8879570409
월드컵파크3단지.난지천공원,113000018,14108,37.5723190695,126.8884623272
서부면허시험장,113000019,14109,37.5778826192,126.880437164
서부면허시험장,113000020,14110,37.5775610281,126.8803980947
DMC첨단산업센터,113000021,14111,37.5853442979,126.8851878625
DMC첨단산업센터,113000022,14112,37.585598,126.884787
월드컵공원입구.문화비축기지입구,113000025,14115,37.568523,126.892748
월드컵파크3단지정문,113000026,14116,37.573822,126.889228
월드컵파크2단지.에스플렉스센터,113000027,14117,37.575267,126.890647
월드컵파크2단지.에스플렉스센터,113000028,14118,37.5753384971,126.8902909609
합정역7번출구,113000029,14119,37.5485905004,126.9143006049
합정역6번출구,113000030,14120,37.5487970862,126.9146251811
성산중학교,113000031,14121,37.5481890927,126.9175061586
성산중학교,113000032,14122,37.5479367436,126.9174453228
상수역,113000033,14123,37.5476829367,126.9216470319
상수역,113000034,14124,37.5478737711,126.9215637852
서강초등학교,113000035,14125,37.5478027651,126.9253669692
서강초등학교,113000036,14126,37.5474910871,126.9261941009
광흥창역,113000037,14127,37.5476090642,126.9305409732
광흥창역,113000038,14128,37.5473522775,126.9305842172
광흥창역4번출구,113000039,14129,37.5473123228,126.9339394067
마포세무서,113000040,14130,37.5469713032,126.9390917397
중앙잔디광장,113000485,14131,37.5664760626,126.8792488862
마포역,113000042,14132,37.5397090071,126.9457368286
노을공원입구(난지미술창작스튜디오),113000486,14133,37.569406359,126.8806949077
공덕역10번출구,113000471,14134,37.5419401801,126.9528746311
공덕역10번출구,113000470,14135,37.5417232771,126.9528901577
난지천공원다목적구장,113000493,14136,37.5735598425,126.8834400255
난지천공원,113000487,14137,37.5741661044,126.8860993187
월드컵경기장역,113000491,14138,37.5695262377,126.9001971302
마포구청.농수산물시장,113000492,14139,37.566298907,126.8995833556
난지천공원다목적구장,113000488,14140,37.5738570108,126.8832782507
공덕역.공덕시장,113000051,14141,37.5444134861,126.9530314936
공덕시장,113000052,14142,37.544351852,126.9541479054
신덕성결교회,113000053,14143,37.5459410072,126.9566906448
신덕성결교회,113000054,14144,37.5458923284,126.9561622385
한겨레신문사,113000055,14145,37.548146748,126.9588159115
한겨레신문사,113000056,14146,37.5479971758,126.9589872289
노을공원입구(난지미술창작스튜디오),113000489,14147,37.5695835026,126.8804861814
공덕역6번출구,113000058,14149,37.5430732748,126.9531626402
공덕역7번출구,113000059,14150,37.5427512615,126.9533323949
용마루고개.신공덕삼성아파트,113000060,14151,37.541871,126.955885
서울대동창회관,113000061,14152,37.542444957,126.9507441044
공덕역8번출구,113000062,14153,37.5434939017,126.951631774
도화동현대아파트,113000063,14154,37.5403322186,126.9557014553
도화동현대아파트,113000064,14155,37.5405429216,126.955832541
중동초등학교,113000065,14156,37.5668726108,126.9104194588
중동초등학교,113000066,14157,37.5666220223,126.9103076889
성산2동주민센터,113000067,14158,37.5677928213,126.9083263491
성산2동주민센터,113000068,14159,37.5680037628,126.9084370307
성산119안전센터,113000069,14160,37.5698617774,126.9038566649
성산119안전센터,113000070,14161,37.569712828,126.9037125673
성산아파트,113000071,14162,37.571597138,126.9014985417
성산아파트,113000072,14163,37.5714611354,126.9014134049
DMC상암센트럴파크,113000073,14164,37.5751843905,126.896039836
DMC상암센트럴파크,113000074,14165,37.5751546184,126.8954851821
상암초등학교,113000075,14166,37.5763917144,126.8934221518
상암초등학교,113000076,14167,37.5765495834,126.8937200609
신촌로터리,113000077,14168,37.5538094529,126.9368825067
신촌로터리,113000078,14169,37.5535240112,126.9372675673
서강대학교,113000079,14170,37.5511,126.93797
서강대학교,113000080,14171,37.5518272757,126.9373153932
광성중고등학교,113000081,14172,37.5493548145,126.9386715493
광성중고등학교,113000082,14173,37.548952,126.93986
대흥역,113000083,14174,37.5481067455,126.9409887457
대흥역,113000084,14175,37.5476750559,126.9427204259
용강초등학교,113000085,14176,37.546977106,126.9435145128
동도중학교.서울디자인고등학교,113000086,14177,37.5464778856,126.945401461
동도중학교.서울디자인고등학교,113000087,14178,37.5456406475,126.9467666745
공덕역2번출구,113000088,14179,37.5451999014,126.9483406072
공덕역1번출구,113000089,14180,37.5444323434,126.9493208487
서서울농협홍대역점,113000090,14181,37.556592,126.91971
동교로사거리,113000091,14182,37.5558462446,126.9209476216
성산2교,113000094,14185,37.564277,126.912473
성산2교,113000095,14186,37.5638632409,126.9132054677
성미약수터,113000096,14187,37.5617966139,126.9151050102
성미약수터,113000097,14188,37.5624635723,126.9140662478
경성중고.홍대부속여중고입구,113000098,14189,37.560551806,126.9158070869
경성중고.홍대부속여중고입구,113000099,14190,37.5596512854,126.9166140242
경성중고.홍대부속여중고입구,113000100,14191,37.5594093604,126.9172809899
아만티호텔서울,113000101,14192,37.5572277306,126.9193196292
아만티호텔서울,113000102,14193,37.5578790449,126.9182029073
마포구청역7번출구,113000103,14194,37.5627277529,126.902662558
마포구청역6번출구,113000104,14195,37.5624588168,126.9024722199
마포중앙도서관,113000105,14196,37.5636762812,126.9067285152
마포중앙도서관,113000106,14197,37.564253,126.907457
성산2교,113000107,14198,37.56566824,126.9135548771
성산2교,113000108,14199,37.5656929458,126.9126441333
광흥창역.서강동주민센터,113000109,14200,37.5482784766,126.9319142889
광흥창역.서강동주민센터,113000110,14201,37.548254678,126.931412223
창전현대홈타운,113000111,14202,37.5508818035,126.9326546465
창전현대홈타운,113000112,14203,37.5507124982,126.932199547
신촌로터리,113000113,14204,37.5538899564,126.9345617
신촌로터리,113000114,14205,37.5540511998,126.9356825619
이대역6번출구,113000116,14207,37.5564896634,126.9447874756
이화여대입구,113000117,14208,37.5559161044,126.9457318695
이대역5번출구,113000118,14209,37.5557990945,126.946020578
대흥교회,113000119,14210,37.5540499504,126.9457581231
대흥교회,113000120,14211,37.5537887705,126.9460582466
서강대후문.마포아트센터,113000121,14212,37.5504951872,126.9439464603
마포자이2차아파트.대흥역,113000472,14213,37.548758,126.942535
굴레방다리.아현역,113000124,14215,37.5571518068,126.9574606253
양화진성지공원입구,113000125,14216,37.5486575374,126.9122481343
홍대입구,113000494,14217,37.5545944804,126.920375476
홀트아동복지회,113000127,14218,37.5490106533,126.9121780839
합정역2번출구,113000128,14219,37.5510604429,126.9156095164
합정역4번출구,113000129,14220,37.5502177028,126.9153071515
홍대입구역1번출구,113000133,14224,37.5565612263,126.9230438058
홍대입구역,113000134,14225,37.556651825,126.923813304
연남동,113000135,14226,37.5625221708,126.9275410215
신촌역8번출구,113000137,14228,37.555637521,126.9347610004
극동방송,113000139,14230,37.5494237971,126.9231511533
극동방송,113000140,14231,37.5494290547,126.9229225322
홍익대학교,113000141,14232,37.5521905815,126.923804758
홍익대학교,113000142,14233,37.5530705865,126.924641406
산울림소극장,113000143,14234,37.5543703111,126.9298077585
산울림소극장,113000144,14235,37.554958166,126.9301572482
신수중학교,113000145,14236,37.545242206,126.9326481273
신수중학교,113000146,14237,37.5454360008,126.9327520694
래미안웰스트림아파트,113000147,14238,37.5442313666,126.9362364705
한국출판콘텐츠센터,113000148,14239,37.5446547963,126.9354090177
용강동주민센터,113000149,14240,37.5419177341,126.9404187472
용강동주민센터,113000150,14241,37.5417099622,126.9411793777
용강동입구,113000151,14242,37.5396325539,126.9441050979
메세나폴리스,113000153,14244,37.5509477452,126.9129324905
마포한강푸르지오,113000154,14245,37.550787,126.912592
성산초등학교입구,113000155,14246,37.5531302266,126.9118676593
성산초등학교입구,113000156,14247,37.553218,126.912262
기업은행서교동지점(최규하대통령가옥),113000157,14248,37.5547915422,126.9114638988
기업은행서교동지점(최규하대통령가옥),113000158,14249,37.5548695099,126.9108956213
망원시장.망원동월드컵시장입구,113000159,14250,37.5573371725,126.9087601732
망원시장.망원동월드컵시장입구,113000160,14251,37.5575911259,126.9089432755
망원동방울내길입구,113000161,14252,37.5604275533,126.906364689
망원동방울내길입구,113000162,14253,37.5605946475,126.9057249395
성서초등학교,113000163,14254,37.5588032368,126.9114976368
성서초등학교,113000164,14255,37.5585137421,126.9111731244
합정한강아파트,113000234,14256,37.5510938111,126.9072376566
미원아파트입구,113000166,14257,37.5591229348,126.9032162229
미원아파트입구,113000167,14258,37.5591653733,126.9033225674
망원2동주민센터,113000168,14259,37.5600059068,126.9030950972
망원2동주민센터,113000169,14260,37.5600805608,126.9029286079
청기와빌라,113000170,14261,37.560782282,126.9043928297
청기와빌라,113000171,14262,37.5607605683,126.9047512686
망원정입구,113000172,14263,37.5525939414,126.9069935902
성산초등학교,113000173,14264,37.553593858,126.9100992042
서서울농협,113000174,14265,37.553553121,126.906062842
서서울농협,113000175,14266,37.5534086494,126.9060056297
망원1동주민센터,113000176,14267,37.5556235492,126.9048936302
망원1동주민센터,113000177,14268,37.5554407976,126.9051055187
동교초등학교,113000178,14269,37.557946251,126.90421537
동교초등학교,113000179,14270,37.5578909496,126.9040871071
월드컵파크7단지,113000180,14271,37.5811497135,126.8784199476
월드컵파크7단지,113000181,14272,37.581876,126.878963
월드컵경기장북측,113000182,14273,37.5728554605,126.8994695568
상암사거리.월드컵경기장북측,113000183,14274,37.573967,126.898104
경성중고.홍대부속여중고입구,113000184,14275,37.5597317011,126.9156529372
한강버스망원선착장,113000531,14276,37.555741,126.897648
삼진제약,113000189,14283,37.5533537628,126.9267223052
홍대입구역사거리,113000190,14284,37.5547384096,126.9222053762
상암DMC홍보관.YTN,113000192,14286,37.577985,126.891323
상암DMC홍보관.YTN,113000193,14287,37.5774605863,126.8912875667
월드컵파크5단지.상암중고등학교입구,113000194,14288,37.580921,126.886335
월드컵파크5단지,113000195,14289,37.5803332786,126.8865178403
구룡근린공원,113000196,14290,37.5834310105,126.8826124496
상암고등학교,113000197,14291,37.5819239214,126.8841995172
월드컵파크3단지후문,113000198,14292,37.571242,126.889762
서강대후문.마포아트센터,113000199,14293,37.54982788,126.943770647
월드컵파크4단지후문.JTBC,113000201,14295,37.5773614776,126.8898953585
디지털미디어시티역2번출구,113000202,14296,37.5752078233,126.8996741287
월드컵파크4단지후문.JTBC,113000203,14306,37.577857071,126.889945572
누리꿈스퀘어.MBC,113000204,14307,37.578988,126.889637
월드메르디앙아파트,113000205,14308,37.5450734893,126.9234283579
월드메르디앙아파트,113000206,14309,37.5448091234,126.924290977
한강밤섬자이아파트,113000207,14310,37.5457358405,126.9277926676
한강밤섬자이아파트,113000208,14311,37.5455492751,126.9277294722
서강해모로아파트,113000209,14312,37.5456864091,126.9294970623
서강해모로아파트,113000210,14313,37.545537,126.928887
서교동주민센터.마포신문사,113000211,14314,37.5548915242,126.9163533449
동교로사거리,113000212,14315,37.5556445461,126.91982843
상암사거리.월드컵경기장북측,113000213,14316,37.5737580172,126.8979917064
강변한신코아,113000214,14317,37.5374403051,126.9439785202
난지한강공원,113000430,14330,37.5680089232,126.8781937234
난지한강공원,113000428,14331,37.5687642494,126.8750873208
월드컵공원입구.문화비축기지입구,113000410,14332,37.568177,126.892749
디지털미디어시티역,113000425,14333,37.5750780768,126.9007548894
월드컵파크9.10.11.12단지,113000433,14334,37.58533,126.878833
월드컵파크9.10.11.12단지,113000432,14335,37.5843953147,126.8799671809
용마루고개.브라운스톤공덕아파트,102000254,14336,37.541133045,126.9568297914
하늘초등학교,113000436,14337,37.585322,126.879658
월드컵파크10단지,113000435,14338,37.5862054537,126.881348387
월드컵파크11.12단지,113000437,14339,37.5862704288,126.8808993224
수색교,113000438,14340,37.5872149306,126.8839820122
수색교,113000434,14341,37.5870817539,126.8839598515
가좌역1번출구,113000495,14342,37.5683159216,126.9149412588
가좌역,113000496,14343,37.5678973956,126.9153689271
디지털미디어시티역3번출구A,113000448,14344,37.5755263424,126.9007797653
청구아파트.참누리아파트,113000446,14346,37.5742321541,126.9028581629
청구아파트.참누리아파트,113000445,14347,37.5738331722,126.9031032213
중동현대아파트,113000444,14348,37.5716856118,126.9072675947
중동현대아파트,113000443,14349,37.5714636428,126.9072883544
가좌행복주택.건영월드컵아파트,113000442,14350,37.5694513482,126.9121016153
가좌행복주택.건영월드컵아파트,113000441,14351,37.5693048881,126.9120367007
월드컵아이파크,113000440,14352,37.5667337059,126.9136074112
월드컵아이파크,113000439,14353,37.5664713538,126.9136846815
DMC첨단산업센터,113000455,14354,37.5840594436,126.8865456046
DMC첨단산업센터,113000454,14355,37.5836187524,126.886622684
SBS.YTN,113000453,14356,37.579829791,126.8943776781
SBS.YTN,113000452,14357,37.5798316679,126.8939587977
공항철도디지털미디어시티역,113000451,14358,37.5766983835,126.8990065446
공항철도디지털미디어시티역,113000450,14359,37.5769634812,126.8981967646
디지털미디어시티역3번출구,113000449,14360,37.5753552366,126.900584183
상암동주민센터앞,113000469,14361,37.578461396,126.8939275345
MBC,111001115,14362,37.5820834608,126.8907318462
MBC,111001114,14363,37.5818267278,126.8907859977
난지천공원.박정희대통령기념관,113900288,14490,37.5744127596,126.8861728907
공덕시장,113900296,14491,37.5443868565,126.9541672852
마포16번종점,113900260,14492,37.5608656017,126.8988594191
서부면허시험장.월드컵파크8단지,113900297,14493,37.5785320093,126.882110569
창전중앙하이츠아파트,113900299,14494,37.549919204,126.92752631
망원유수지.마포구민체육센터,113900284,14495,37.5564968722,126.8985925441
양화진성지,113900285,14496,37.5456403732,126.9119307997
홍대입구역,113900300,14497,37.5573254742,126.9236679158
홍대입구역,113900301,14498,37.5577282744,126.9234387243
아현전철역,113900302,14499,37.5571368168,126.9562461927
샛별문방구.마포전철역,113900303,14500,37.5398243005,126.947628807
청암대,113900304,14501,37.5357415195,126.9477362472
한겨레신문사,113900219,14502,37.5471556001,126.9589794255
동원데자뷰아파트,113900305,14503,37.5603378705,126.8992212168
창전삼성아파트109동,113900306,14505,37.5502446123,126.9302782196
홍대후문,113900307,14506,37.5512061281,126.927367497
신촌수정탕,113900308,14507,37.5497981454,126.9375706084
태양빌딩,113900014,14508,37.55611,126.899382
난지천공원.박정희대통령기념관,113900273,14509,37.5740883789,126.8860527171
다운교회,113900016,14510,37.5456250178,126.9128255229
동교로사거리,113900245,14511,37.5557913332,126.9210303052
코오롱아파트106동앞,113900017,14512,37.5609091091,126.9231008719
가든호텔.삼성프라자,113900018,14513,37.5407448359,126.9492092871
우성아파트3동,113900019,14514,37.5361648924,126.9475068947
대상아파트,113900020,14515,37.5597426063,126.8996419598
디지털미디어시티역9번출구,111001135,14516,37.5777772935,126.8969821974
창전삼성아파트107동,113900022,14517,37.5507316247,126.9309953149
서강유치원,113900023,14518,37.5519120695,126.9279949601
삼익아파트입구.신촌숲아이파크,113900024,14519,37.5499070227,126.9356035042
용약국,113900025,14520,37.554479102,126.9368472568
월드컵파크3단지,113900274,14521,37.5726253056,126.8883543312
한이맨션,113900026,14522,37.54551586,126.9141581354
코오롱아파트104동앞,113900027,14524,37.5622933508,126.9219754172
돼지슈퍼,113900028,14525,37.556961,126.961677
형제식당,101000336,14526,37.557353,126.961069
하나님의교회,113900029,14527,37.5462180095,126.9598793339
신부파스카아파트,113900030,14528,37.5587574153,126.9003563794
창전삼성아파트104동,113900031,14530,37.5510770869,126.9315846569
육완순무용원,113900032,14531,37.5527354367,126.9290988156
신수경남아파트,113900033,14532,37.5500104497,126.9336171589
성원아파트,113900251,14534,37.556576,126.901603
서일빌딩,113900035,14536,37.5454162494,126.9159825506
청원빌딩,113900267,14537,37.5584151692,126.9181649687
코오롱아파트사거리,113900036,14538,37.5630345645,126.9213939451
신일약국,113900037,14539,37.5560100579,126.9625987905
아현실버복지관,101900026,14540,37.5576412633,126.9602156344
S마트,113900038,14541,37.547055,126.943554
동교초등학교,113900039,14542,37.5572273703,126.9014438887
창전삼성아파트입구,113900040,14544,37.5516299322,126.9324080979
와우공원입구,113900041,14545,37.5531811274,126.9300208249
마포소방서,113900042,14546,37.5490808985,126.9326944706
광흥창역.서강동주민센터,113900043,14547,37.5483004315,126.9326343365
대흥역,113900225,14548,37.5480716446,126.9410725222
동교초등학교,113900252,14549,37.5568114132,126.9029520908
마포농수산물시장.월드컵경기장,113900044,14550,37.5660689383,126.8972675665
마포새빛문화숲,113900045,14551,37.5452896463,126.9179054483
경성고교입구,113900046,14552,37.5601111815,126.9166359308
대룡빌딩,113900047,14553,37.5636821303,126.9222716786
공덕역입구,113900049,14554,37.542036376,126.9515801113
성원아파트,113900262,14555,37.556736,126.901586
한강공원입구,113900309,14556,37.556266,126.899256
금호태영아파트,113900050,14557,37.5537200783,126.9317248509
경의선책거리.산울림소극장,113900246,14558,37.5549249512,126.9303700659
신수동성당.신수동주민센터,113900231,14559,37.5472604384,126.9338504704
서강수협.신수중학교,113900051,14560,37.5453150473,126.9323900344
용강초등학교,113900052,14561,37.54705602,126.9435526305
망원동사거리,113900253,14562,37.55714,126.904322
마포구청.마포구청역,113900053,14563,37.5657503917,126.9009458973
마포새빛문화숲후문,113900054,14564,37.5451009675,126.9216549212
마포FM,113900055,14565,37.5609964881,126.9177138986
연남동주민센터,113900056,14566,37.5640863415,126.9230681745
도화현대1차아파트111동앞,113900057,14567,37.5411751362,126.9543656256
성원아파트,113900058,14569,37.5471721489,126.9371834845
한국출판콘텐츠센터,113900059,14570,37.5446957205,126.9353844685
서울여자중고등학교,113900060,14571,37.547055382,126.9471495554
망원시장,113900254,14572,37.557492,126.905979
월드컵경기장역,113900061,14573,37.5692704064,126.9002903006
상수동,113900062,14574,37.546692208,126.9230414413
경성중고.홍익디자인고,113900265,14575,37.5619139666,126.9192591331
에덴지우아파트,113900063,14576,37.5645907957,126.924217758
도화현대1차아파트,113900064,14577,37.5404825999,126.9554309077
망원유수지.마포구민체육센터,113900065,14579,37.55588,126.899167
마포세무서,113900232,14582,37.5470162832,126.9389468423
신수현대아파트.래미안웰스트림,113900066,14583,37.5437179924,126.9367020261
염리삼성아파트,113900067,14584,37.5484856059,126.9475661602
구)망원우체국사거리,113900068,14585,37.557824975,126.9076978449
상수역,113900069,14586,37.5476371966,126.9235904983
코오롱아파트사거리,113900070,14587,37.5636983072,126.9208510308
에덴맨션,113900071,14588,37.5639839246,126.9249462367
서부수도사업소,113900286,14589,37.556804829,126.9598728435
화평교회,113900255,14590,37.5544373457,126.9011589449
신촌역,113900247,14591,37.5556204253,126.9348062895
굴다리시장,113900072,14592,37.5462786361,126.9414168429
신석초등학교,113900073,14593,37.543163949,126.9386568825
일성여자중고등학교,113900074,14594,37.5488734491,126.9484113079
망원전철역,113900075,14595,37.556111,126.909936
상수두산아파트,113900076,14596,37.5475467474,126.9244409921
경성중고후문,113900077,14597,37.5643791604,126.9202967687
하모니마트사거리,113900078,14598,37.5633660552,126.9253883256
만물사부동산,113900217,14599,37.5553480504,126.9607372268
하나님의교회,113900079,14600,37.539331855,126.9553127738
MBC,113900001,14601,37.5796281217,126.8917373023
월드컵파크4단지,113900002,14602,37.5778014837,126.8877410517
상암중학교,113900003,14603,37.5789717535,126.8872438991
서울산업진흥원.국악방송,113900004,14604,37.5807370662,126.8889507316
우리기술사옥.한국지역정보개발원,113900005,14605,37.5822609838,126.887878597
DMC빌,113900006,14606,37.5823926492,126.8855908513
우리금융상암센터.DMC빌,113900007,14607,37.581932163,126.885575198
도화현대1차아파트단지내,113900223,14608,37.5397829588,126.9545930351
상암고등학교,111001127,14610,37.5809780136,126.8825326891
상암월드컵파크6.7단지,113900314,14611,37.5812734756,126.8805398078
상암월드컵파크6.7단지,113900315,14612,37.5810587094,126.8806237964
상암고등학교,111901150,14613,37.580684598,126.8836707859
스탠포드호텔,113000467,14614,37.5824225201,126.8861172457
스탠포드호텔,113000466,14615,37.5824509369,126.8856846789
월드컵파크6단지상가,111901151,14616,37.5798067452,126.885663889
공덕역10번출구,113900290,14617,37.5418479155,126.9530953371
공덕역10번출구,113900289,14618,37.5418343172,126.952886013
웨딩타운,113900291,14619,37.5569705649,126.951583453
상지초등학교,113900293,14620,37.5797209678,126.8814543536
아현전철역,113900218,14622,37.557174107,126.9568346839
스탠포드호텔,113900008,14623,37.5825593088,126.8865648633
우리기술사옥.한국지역정보개발원,113900009,14624,37.582026762,126.8878117007
전자회관,113900010,14625,37.5808056835,126.8886559163
상암중학교,113900011,14626,37.579330494,126.8872133447
월드컵파크6단지,113900012,14627,37.5781786312,126.8873113833
YTN뉴스퀘어.CJE&M,113900013,14628,37.579007,126.891577
R2(홍대걷고싶은거리),113000514,14633,37.556163,126.924971
경의선숲길공원(홍대입구역3번출구),113000515,14634,37.558837,126.925221
경의선숲길공원(연남동),113000516,14635,37.563432,126.921448
망원&월드컵시장(망리단길),113000517,14636,37.557656,126.90592
망원한강공원(서울함공원),113000518,14637,37.556253,126.899189
서울월드컵경기장(마포농수산물시장),113000519,14638,37.566631,126.89647
하늘공원,113000520,14639,37.566661,126.892421
난지천공원(박정희대통령기념관),113000521,14640,37.574677,126.886027
난지캠핑장,113000522,14641,37.568809,126.875156
마포반려동물캠핑장(난지물놀이장),113000523,14642,37.565848,126.880352
서울양화나루와잠두봉유적(하늘길),113000524,14643,37.545677,126.911838
마포새빛문화숲,113000525,14644,37.545309,126.918056
마포용강맛길,113000526,14645,37.539414,126.944071
도화꽃길.갈매기골목(공덕역9번출구),113000527,14646,37.542683,126.951822
경의선숲길공원(염리동),113000528,14647,37.543812,126.949433
R6(레드로드광장.상수역),113000529,14648,37.547927,126.920695
R4(홍대축제거리),113000530,14649,37.550685,126.921447
마포365구민센터(마포365천문대),113000533,14650,37.545007,126.922144
마포한강아이파크아파트,113900256,14659,37.5524231339,126.9041144875
중동초등학교,113900080,14661,37.566822815,126.9101093439
대흥태영아파트,113900081,14662,37.5457513998,126.9430638871
용강동주민센터,113900082,14663,37.5418828151,126.9405579807
마포현대아파트,113900083,14667,37.5487755518,126.9491538042
성산초등학교,113900084,14669,37.5542263109,126.9123428704
서강초등학교,113900237,14670,37.5474902299,126.9262642691
경의선숲길공원입구,113900085,14671,37.5658939505,126.9190510756
대명아파트,113900086,14672,37.5624505717,126.9243116542
환일고등학교,113900087,14674,37.5545623235,126.9608191314
용산성당.현대홈타운,113900216,14675,37.5376063241,126.9531660599
가구단지,113900088,14676,37.5580233931,126.9607211084
하모니마트,113900089,14677,37.5522804732,126.9059979922
창전삼성아파트입구,113900091,14693,37.5517786762,126.9325188796
대흥세양아파트,113900092,14694,37.5448456877,126.9447270314
아현1동경로당,101900027,14700,37.5536056568,126.9610258398
마포전철역,113900093,14712,37.539618346,126.9445498324
공덕삼성3차아파트후문,113900094,14713,37.5491526058,126.9512380153
고니빌딩,113900095,14714,37.5545141067,126.9140402901
서강쌍용아파트.광흥창역,113900096,14715,37.5479459242,126.9302871512
사천고가앞,113900266,14716,37.613647,127.074999
원효초등학교,113900097,14718,37.536212316,126.9509196507
새서울의원,113900098,14727,37.5512595136,126.9070201173
창전삼성아파트104동,113900099,14738,37.5512824672,126.9314899516
와우산로오거리,113900313,14742,37.5544423161,126.9299639616
마포자이아파트,113900101,14744,37.5441046793,126.9460097727
성지빌딩,113900102,14745,37.541749,126.946064
엘지빌딩,113900103,14746,37.5486659087,126.9538167403
서교동주민센터,113900104,14747,37.5547403269,126.9153507025
이랜드,113900235,14748,37.5491991774,126.9315365761
만리동고개,113900283,14749,37.5516189178,126.9622625784
한강타운.우성아파트16동앞,113900105,14750,37.5359386921,126.949516699
공덕전철역,113900222,14753,37.5432839409,126.9526849444
남경장,113900250,14754,37.5487583715,126.9098198111
창전삼성아파트107동,113900106,14755,37.5508496218,126.9309159814
와우공원입구,113900107,14756,37.5532611124,126.9299420833
염리초등학교,113900108,14757,37.542602893,126.9467600134
염리초등학교,113900109,14758,37.5426264908,126.9471368388
아현동주민센터,113900221,14760,37.5471182709,126.9531057864
우리은행서교동지점,113900238,14761,37.5532594418,126.9173477744
마포노인복지관,113900110,14763,37.5495294243,126.9323103997
공덕동주민센터,113900111,14764,37.5505203493,126.960089214
청암대,113900112,14765,37.5358265963,126.9478810865
성서초등학교,113900113,14799,37.5586625923,126.9126081977
홍대입구,113000534,14801,37.556334,126.923414
마포역서울가든호텔,113000383,14803,37.5407404838,126.9471087481
창전어린이공원,113900310,14804,37.5502765745,126.9295120239
창전어린이공원,113900311,14805,37.5501638696,126.9292518497
창전삼성아파트109동,113900114,14808,37.5504041647,126.9303622842
육완순무용원,113900115,14809,37.5528551348,126.9290569126
중부여성발전센터,113900116,14810,37.541218067,126.9451382306
재화스퀘어,113900117,14812,37.543896028,126.9468982901
공덕전철역,113900118,14814,37.545520682,126.9510176651
마포구청역,113000395,14815,37.5625221156,126.9027355313
마포구청역,113000396,14816,37.5628235118,126.9029578759
월드컵파크7단지,113000397,14817,37.582255636,126.8804641383
월드컵파크7단지,113000398,14818,37.5819844179,126.879240825
상암동입구,113000406,14826,37.573784664,126.8994147382
상암동입구,113000407,14827,37.5738246995,126.8983845144
상암월드컵파크5단지,113000408,14828,37.5808473373,126.8864768914
상암월드컵파크5단지,113000409,14829,37.58047561,126.8864066988
홍대입구역사거리,113900119,14832,37.5545259524,126.9209776106
창전현대홈타운,113900120,14833,37.5508740938,126.9327234162
삼우빌딩,113900121,14834,37.5492115356,126.9579450038
합정역,113900122,14835,37.5498487849,126.9147926148
희성교회,113900123,14836,37.5568038157,126.914080671
서강유치원,113900124,14837,37.5520413218,126.9279627818
마포전철역,113900125,14838,37.5396209172,126.9442691905
한국컴퓨터,113900126,14839,37.5449286853,126.94493407
신촌연세병원.기업은행,113900127,14842,37.5519917333,126.9332204035
공덕동성당,113900128,14843,37.5483812312,126.9568867015
우리은행서교동지점,113900129,14844,37.5519430729,126.9175337114
서교동주민센터.마포신문사,113900239,14845,37.5548725266,126.9162481047
홍대후문,113900130,14846,37.5513088608,126.9273099469
대흥태영아파트,113900131,14848,37.545951456,126.943090896
동도중학교.서울디지인고등학교,113900227,14849,37.5464463948,126.9455044702
서울서부지방법원,113900132,14851,37.5487999972,126.955348589
세븐일레븐,113900133,14852,37.5404068073,126.9559961557
동교로사거리,113900240,14853,37.5556580917,126.919871426
신석초등학교,113900135,14855,37.5434232109,126.9388467265
굴다리시장,113900136,14856,37.5463896176,126.9417132655
서교동주민센터,113900137,14858,37.5555997561,126.9150520526
서교푸르지오아파트,113900140,14862,37.5536272738,126.9231791726
홍대입구역,113900248,14863,37.5566897307,126.9232162658
신수현대아파트.래미안웰스트림,113900141,14864,37.5438334622,126.9369441072
마포세무서,113900142,14865,37.5472983739,126.939039414
대흥역사거리,113900226,14866,37.5481047003,126.9423208067
신촌역,113000456,14867,37.5553244188,126.9356327981
마포경찰서,113900220,14869,37.5503384443,126.9553278673
도화현대1차아파트111동앞,113900143,14870,37.5412403149,126.9545638633
홍대정문,113900144,14871,37.5529817959,126.9238877068
동교로사거리,113900241,14872,37.555868873,126.91976141
한국출판콘텐츠센터,113900145,14873,37.5447473219,126.9355502266
신수세양아파트,113900146,14874,37.5474092121,126.9373247519
서교동교회,113900148,14876,37.5516621838,126.9192022864
애오개역,113900149,14877,37.5525946358,126.9565340004
공덕역입구,113900048,14878,37.5422234996,126.9516244161
레드로드입구,113900150,14879,37.5508703976,126.9210952673
서교동주민센터.마포신문사,113900242,14880,37.5550661861,126.9161414944
서강수협.신수중학교,113900151,14881,37.5454755063,126.932501928
신수동성당.신수동주민센터,113900233,14882,37.5474825845,126.934706995
숭문중고등학교후문,113900152,14883,37.5520916812,126.9453441712
레드로드입구,113900153,14884,37.5506427579,126.9214465737
가든호텔.삼성프라자,113900155,14886,37.540742839,126.9490519166
희성교회,113900156,14887,37.556871554,126.9142956492
광흥창역.서강동주민센터,113900234,14888,37.5481226612,126.9328243933
마포프레스티지자이아파트,113900157,14889,37.5534760955,126.9460686583
홍대정문,113900158,14890,37.5520039556,126.9236510232
아현초등학교,113900312,14892,37.555836965,126.9558084037
샛별문방구.마포전철역,113900139,14893,37.5400571192,126.947597365
상지초등학교,113900292,14894,37.5795651804,126.8813928881
합정역1번출구,113000468,14895,37.5505859949,126.9149513563
성서초등학교,113900160,14896,37.5586852894,126.9128379471
마포소방서,113900161,14897,37.5504232028,126.9331168737
이대전철역,113900229,14898,37.5559135339,126.9460216273
홍대정문,113900162,14899,37.5531509051,126.9248314705
라사라패션직업전문학교,113900163,14900,37.5541278747,126.929511747
사천고가앞,113900164,14901,37.566914654,126.9174119301
S마트,113900224,14902,37.538833948,126.947453957
경성중고사거리,113900165,14905,37.5606439736,126.9161669371
서교푸르지오아파트,113900166,14906,37.5539101296,126.9231795079
경의선숲길공원입구,113900167,14907,37.5654631791,126.9191849347
우성아파트입구,113900168,14908,37.5379689566,126.9473838471
성미약수터,113900169,14910,37.5622973046,126.9146652433
경성중고후문,113900171,14913,37.5644362483,126.9201211423
우성아파트3동,113900172,14914,37.536403474,126.9473962615
하모니마트,113900173,14915,37.5525211624,126.9061199251
성모병원사거리,113900174,14916,37.5646439871,126.9125264992
코오롱아파트사거리,113900175,14917,37.5635807867,126.9208407845
도화현대1차아파트,113900287,14918,37.5404537169,126.9553041828
마포한강아이파크아파트,113900257,14919,37.5526385439,126.9041741974
중동초등학교,113900176,14920,37.5665745631,126.9107016888
신한은행서교동금융센터점,113900177,14921,37.5573853501,126.9183539873
경성중고.홍익디자인고,113900178,14922,37.5622871811,126.919496441
망원파출소.롯데장학관,113900179,14923,37.5536897719,126.9026460189
대우미래사랑아파트,113900180,14924,37.5567410028,126.9169681476
효성약국,113900181,14925,37.5612082417,126.917709138
화평교회,113900258,14926,37.554615888,126.9013092437
성산시영아파트,113900182,14927,37.5699733715,126.9036833144
한국해양전략연구소,113900183,14928,37.55615891,126.9157158214
망원파출소.롯데장학관,113900294,14929,37.5534558318,126.9027470741
망원유수지.마포구민체육센터,113900184,14930,37.5559856164,126.8992531113
서교동주민센터,113900185,14932,37.5556453918,126.9146083137
창전삼성아파트,113900186,14933,37.5515831433,126.9325269785
임오빌딩,113900189,14934,37.5587705681,126.917399414
월드컵경기장역,113900269,14935,37.573873297,126.8983131242
새화빌딩,113900187,14936,37.5551110975,126.9134453847
신촌이랜드청년주택,113900188,14937,37.5495116343,126.9315214065
성산초등학교,113900243,14940,37.5544197369,126.9119272598
우리은행서교동지점,113900190,14941,37.5533950184,126.9174950771
서강쌍용아파트.광흥창역,113900191,14942,37.547971961,126.93012642
동교로사거리,113900192,14943,37.5560597174,126.9210453635
동교초등학교,113900193,14944,37.557089657,126.901628566
망원전철역,113900194,14946,37.556114,126.910258
서교동주민센터,113900195,14947,37.5556503792,126.9152772343
서강초등학교,113900196,14948,37.547746198,126.9263556875
신부파스카아파트,113900197,14950,37.5587854475,126.900472928
KBS미디어센터,113900198,14951,37.5762495025,126.8912678163
구)망원우체국사거리,113900199,14952,37.557933,126.907297
홍대후문,113900200,14953,37.5477681308,126.9254084029
대상아파트,113900201,14954,37.5596562821,126.8998548757
월드컵파크2단지,113900275,14955,37.5752557916,126.8903116509
망원동월드컵시장,113900263,14956,37.5576257556,126.9059890137
상수역,113900202,14957,37.5478391735,126.9223888577
동원데자뷰아파트,113900203,14958,37.560265953,126.8994205325
망원동사거리,113900204,14959,37.557387,126.904716
레드로드입구,113900205,14960,37.5479257309,126.9205037113
마포16번종점,113900261,14961,37.5609278604,126.8989566813
서부면허시험장.월드컵파크8단지,113900298,14962,37.5782548127,126.8819694963
동교초등학교,113900264,14963,37.5570015474,126.9029563717
합정동,113900206,14964,37.5476074126,126.9181201992
마포새빛문화숲,113900207,14965,37.5455098635,126.9171164107
서일빌딩,113900208,14966,37.5455541032,126.9159631569
삼성래미안공덕2차201동앞,101000339,14967,37.551177,126.961189
성우맨션,113900209,14968,37.5456357722,126.9142496659
다운교회,113900015,14969,37.5457365309,126.9127953093
월드컵경기장역,113900210,14971,37.569515608,126.9001461683
마포구청.마포구청역,113900270,14972,37.5663307977,126.899575309
상암고등학교,113000511,14973,37.5820557086,126.8843872719
상암고등학교,113000510,14974,37.5823366588,126.883494785
우성아파트입구,113900211,14976,37.537980068,126.9475018046
망원교회,113900259,14977,37.55623509,126.9001616621
망원교회,113900212,14978,37.5564958163,126.9005291712
신촌역,113900249,14979,37.5546992456,126.9359751517
경성중고사거리,113900268,14981,37.5606202414,126.915740226
삼진제약,113900295,14982,37.5532074175,126.92682996
한국영화아카데미,113900214,14983,37.5542981382,126.9294391491
서교동교회,113900244,14984,37.5517506356,126.9194138368
성산2동주민센터,113900271,14985,37.5680244492,126.9083871955
월드컵파크7단지,113900215,14987,37.5804105731,126.8798688581
창전삼성아파트110동,113900236,14988,37.5499354757,126.9283523987
신촌역,113900230,14989,37.5542870566,126.9358956814
신촌역,113900282,14990,37.5544909027,126.9356255921
신촌농협.하나로마트,113900281,14991,37.5561881182,126.9332008127
기업은행.신촌연세병원,113900280,14992,37.5531660102,126.9334875964
세븐일레븐,113900279,14993,37.5401511395,126.9559382398
아현고개,113900278,14994,37.5566204258,126.9469798113
백합아파트,113900277,14996,37.5579505185,126.9009301902
백합아파트,113900276,14997,37.557938922,126.9010705599
홍익병원목동관,114000001,15101,37.5309083865,126.8640300339
금호어울림.대원칸타빌아파트,114000002,15102,37.5326907306,126.8665441384
목동3단지후문,114000003,15103,37.5343243418,126.8699099401
영도초등학교,114000004,15104,37.5355559091,126.8705188382
신목중학교.목동2단지후문,114000005,15105,37.5381652606,126.8735523348
목동2단지,114000006,15106,37.5365999339,126.8779874254
목동3단지,114000007,15107,37.534747,126.875742
목동4단지상가.목동종합운동장,114000008,15108,37.5322979868,126.8751149732
목동3.4단지사잇길,114000009,15109,37.5327958586,126.8719802822
목동사거리,114000011,15111,37.5332695189,126.8638355299
영도중.강서고입구.기아양서대리점,114000012,15112,37.5361735073,126.8636220426
목동시장.대일고교.배광교회,114000013,15113,37.5390050043,126.863840943
신목중학교,114000014,15114,37.5371228212,126.8718965121
목동스카이아파트.목동3단지,114000015,15115,37.534287789,126.86961025
금호어울림.대원칸타빌아파트,114000016,15116,37.5328780454,126.8668605943
신목동역2번출구,114000017,15117,37.5438547597,126.8823418211
신목동역1번출구,114000018,15118,37.5439220697,126.882068981
서울경서농협,114000396,15119,37.521363,126.856298
목동2차성원아파트,114000026,15126,37.5422950368,126.8631752063
목3동주민센터.현대아이파크.실로암안과,114000027,15127,37.5448325228,126.8624010187
등촌역6번출구.목동깨비시장,114000028,15128,37.5496948079,126.8639369391
월촌초등학교,114000038,15140,37.5411875533,126.8770703252
월촌초등학교.우성아파트,114000039,15141,37.5405030314,126.8753672844
목원초등학교.서울지방식품의약품안전청,114000040,15142,37.5425325465,126.8811364216
용왕산,114000434,15143,37.5391300565,126.874232426
한국전파진흥협회,114000042,15144,37.5459435557,126.881497679
목동한신청구아파트,114000043,15145,37.5406383625,126.8801650973
목동한신청구아파트,114000044,15146,37.5407286601,126.8803505399
목동1.2단지사잇길,114000045,15147,37.5383884014,126.8784758339
월촌중학교.목동1단지,114000046,15148,37.5379123848,126.8816710436
양천YMCA.서울에너지공사,114000047,15149,37.5388422797,126.8826597565
양천YMCA.서울에너지공사,114000048,15150,37.5390353122,126.8828573282
목동5단지C상가.목동운동장북문,114000049,15151,37.5328197258,126.8774929435
파리공원,114000050,15152,37.5346216632,126.8783257944
목동5단지B상가.목5동주민센터,114000051,15153,37.5357698917,126.8813067124
이대목동병원.목동6단지앞,114000052,15154,37.53684743,126.8844278116
목동아파트601동앞.이대병원,114000053,15155,37.5358926776,126.8832527876
경인초교.목동아파트5.6단지사잇길,114000054,15156,37.5328700866,126.883850411
오목교역3번출구,114000428,15157,37.5250698135,126.8763828695
양정고등학교,114000055,15158,37.5352231619,126.8879022224
목1동주민센터.양천소방서,114000056,15159,37.529802,126.87358
목동역3번출구.홍익병원,114000057,15160,37.5273814301,126.8644323939
CBS방송국,114000058,15161,37.5280972176,126.8741491329
목운초등학교.목운중학교,114000059,15162,37.5264186976,126.873770474
목동7단지동문,114000060,15163,37.5285096907,126.8702312245
목운초등학교.목운중학교,114000061,15164,37.5261261893,126.8733948469
목동운동장남문.아이스링크,114000062,15165,37.5284743808,126.8765922255
목동7단지.종로학원,114000063,15166,37.5256721661,126.8687626438
오목교역1번출구.대학빌딩,114000064,15167,37.524957,126.873313
오목교역.동신한방병원,114000065,15168,37.524448727,126.8768222179
갈산초등학교정문,114000066,15169,37.5128049409,126.8704857561
오목교역6번출구.청학빌딩,114000067,15170,37.5234268996,126.8754466022
신목동새마을금고,114000068,15171,37.5210696367,126.8736392011
서울출입국외국인청사거리,114000069,15172,37.5189830043,126.8714242396
오목교역.동신한방병원,114000070,15173,37.5240854759,126.8769218981
신목초등학교입구,114000071,15174,37.517471,126.870927
목동14단지B상가,114000072,15175,37.514708147,126.8718895902
현대아파트정문,114000073,15176,37.5197850505,126.8774210833
현대아파트정문,114000074,15177,37.5207879158,126.8782362614
삼성아파트정문,114000075,15178,37.516349522,126.8769040606
현대아파트109동앞,114000076,15179,37.518115032,126.8771500437
현대아파트후문,114000077,15180,37.5219304431,126.8781721806
목동14단지C상가앞,114000078,15181,37.5140461143,126.8741755588
목일중학교,114000079,15182,37.5140188189,126.8739267611
목동13.14단지사거리,114000080,15183,37.5142684329,126.8693990705
목동13.14단지사거리,114000081,15184,37.5147422125,126.8695819439
신트리공원,114000082,15185,37.5144890648,126.8579171135
목동12.13단지사잇길,114000083,15186,37.5130539408,126.8635453462
목동12.13단지사잇길,114000084,15187,37.5132321011,126.8632703412
신목초등학교입구,114000085,15188,37.5173017573,126.8707856913
목동14단지A상가,114000086,15189,37.5151432295,126.8722112168
목동11단지,114000087,15190,37.5132198855,126.858308657
목동14단지관리사무소앞,114000088,15191,37.5147961876,126.8716908326
양천구청역,114000089,15192,37.5125666892,126.865327879
양천공원,114000090,15193,37.517872,126.869642
양천구청,114000091,15194,37.516543,126.86703
양천구민체육센터.양천일자리센터,114000092,15195,37.5155435776,126.8642387934
신정7동주민센터.목동12단지,114000093,15196,37.5141819623,126.8603283424
갈산초등학교정문,114000094,15197,37.5128276097,126.8701085117
갈산초등학교후문,114000095,15198,37.5110893778,126.8687090062
갈산초등학교후문,114000096,15199,37.5112881566,126.8692119822
은정초등학교,114000097,15200,37.51032353,126.8667027318
은정초등학교,114000098,15201,37.5100942816,126.8671059902
목동2차우성아파트,114000099,15202,37.5071981739,126.8657101781
세양청마루2차아파트,114000100,15203,37.5084511066,126.8642093283
양천아파트,114000101,15204,37.5081742559,126.8633494936
봉영여중.목동고입구,114000102,15205,37.5072813126,126.861841071
봉영여중.목동고입구,114000103,15206,37.5073907618,126.8614268774
봉영여중.목동고,114000104,15207,37.5086342212,126.8618162875
양천어르신종합복지관,114000105,15208,37.5102877693,126.8591784815
양천구청역,114000106,15209,37.5128696347,126.8666090852
양천아파트103동앞,114000107,15210,37.510264,126.862762
신정네거리해누리분수광장,114000108,15211,37.5218864223,126.8515143857
신정네거리.신정119안전센터,114000109,15212,37.5220233018,126.8507300915
동방아파트,114000110,15213,37.5218824877,126.8463249183
신월종합사회복지관.동방아파트,114000111,15214,37.5214264859,126.8462896508
신곡시장.금빛새마을금고,114000112,15215,37.5196434749,126.8437433353
신곡시장.금빛새마을금고,114000113,15216,37.5192849388,126.8438198804
신한은행신월동지점,114000114,15217,37.5180186395,126.8416025861
신한은행신월동지점,114000115,15218,37.5178279621,126.8418635354
양강중학교,114000116,15219,37.5237110271,126.8499936
신월2동주민센터입구,114000117,15220,37.5227588172,126.845690477
강서초등학교.신월4동주민센터,114000118,15221,37.5218776213,126.8419309679
한빛종합사회복지관,114000119,15222,37.5212558706,126.8392498206
신월동남부주유소,114000120,15223,37.5193930878,126.8385850656
신월2동우체국,114000121,15224,37.523082,126.851248
신트리공원앞교차로,114000122,15225,37.5131152074,126.855949147
신트리아파트,114000123,15226,37.5129013233,126.854140221
정랑고개.양천벤처타운,114000124,15227,37.5115773183,126.8503821304
신정학마을아파트,114000125,15228,37.5074208503,126.8439634217
양천고등학교,114000126,15229,37.5099267313,126.8456571614
계남공원삼거리.계남초교입구,114000127,15230,37.50975303,126.8584301705
목동아파트11단지(1117동),114000128,15231,37.5073061738,126.8599070047
신정1동주민센터.신오새마을금고,114000426,15232,37.5172033635,126.8543710811
양명초교.신서중,114000130,15233,37.5143052592,126.855702514
신트리공원.목동아파트11단지,114000131,15234,37.5139204866,126.8571828958
목동10단지A상가,114000132,15235,37.5159691889,126.8596768178
양천문화회관.양천일자리센터,114000133,15236,37.5169332443,126.8623809974
목동10단지농협,114000134,15237,37.5178010215,126.8563817008
목동13.14단지사거리,114000427,15238,37.5145138464,126.8692996703
목동아파트1332동앞,114000429,15239,37.5135267044,126.8680275029
신서초등학교,114000138,15241,37.5206410194,126.8618413297
신정1동우체국,114000139,15242,37.521953,126.861673
우리은행신정동지점,114000144,15247,37.521705,126.859385
목동프라자,114000145,15248,37.5198759498,126.8602781332
목동10단지,114000146,15249,37.5190869699,126.8566524982
신정네거리역,114000147,15250,37.5210387184,126.8534032338
신정네거리역4번출구,114000148,15251,37.5194642102,126.8533978302
길훈로즈빌아파트,114000149,15252,37.5224330208,126.8711569767
미래탐구초중학원.종로학원,114000150,15253,37.5248101641,126.8694004931
목동역5번출구,114000151,15254,37.5257967805,126.8654053381
목동8단지.등촌지하차도,114000152,15255,37.5200478423,126.8669116745
양천구청.양천보건소,114000153,15256,37.5181625662,126.8661628949
목동8단지.한전,114000154,15257,37.5201834629,126.8683291544
진명여고,114000155,15258,37.5239401081,126.8651037893
남부법원.검찰청교차로,114000156,15259,37.52179,126.865547
남부법원.검찰청교차로,114000157,15260,37.5218496017,126.8659323028
오목교역7번출구.청학빌딩,114000158,15261,37.5236278346,126.8753149721
현대아이파크아파트,114000159,15262,37.5210340842,126.873256871
목동중학교.서울출입국.외국인청,114000160,15263,37.5198771646,126.8708457351
오목교역8번출구.대학빌딩,114000161,15264,37.524726482,126.8728637695
목동7단지,114000162,15265,37.5255869926,126.867125263
제일은행앞,114000163,15266,37.5193001008,126.8640996248
서울남부지방법원.서울남부지방검찰청,114000165,15268,37.5221940523,126.8633685313
목동중학교,114000166,15269,37.5190605632,126.8703493965
목동역7번출구.진명여고,114000167,15270,37.5245071942,126.8645744119
우리은행신정동지점,114000168,15271,37.5219011411,126.8587126514
목동역8번출구.목동오거리,114000169,15272,37.5258057871,126.8631068968
신서고등학교.영상고등학교입구,114000170,15273,37.5253957175,126.8599725442
신정역(은행정).신정4동주민센터,114000171,15274,37.5246301301,126.8542989447
신정1동우체국,114000174,15277,37.5221525641,126.8614154182
서울남부지방법원.서울남부지방검찰청,114000176,15279,37.5225339507,126.8643534946
신정네거리역,114000177,15280,37.5212769715,126.853432075
신서고등학교.영상고등학교앞,114000178,15281,37.5226250743,126.8594494182
목동제일여성병원,114000179,15282,37.5224739148,126.8518789155
서울경서농협,114000180,15283,37.52151618,126.8551726588
목동역.홍익병원,114000181,15284,37.5280495538,126.8639151684
목동역.목동오거리,114000182,15285,37.5259586072,126.8627909553
신서고교.영상고교입구,114000183,15286,37.5256530348,126.8603986015
신정역(은행정).신정4동주민센터,114000184,15287,37.5248637099,126.8539719864
양강중학교,114000185,15288,37.5250671294,126.8505530267
신월문화체육센터,114000189,15292,37.519969,126.835249
신월동우성상가,114000190,15293,37.5217809008,126.8338259542
중부운수앞,114000191,15294,37.5241040725,126.8307797604
신월문화체육센터,114000192,15295,37.5201173667,126.8362023324
신월동우성상가,114000193,15296,37.5217175664,126.8339903939
신정현대6차아파트107동앞,116000655,15297,37.508058,126.840295
서울과학수사연구소입구,114000194,15298,37.5223552552,126.8370345521
신안파크아파트후문,114000195,15299,37.5239255582,126.8288364619
신안파크아파트후문,114000196,15300,37.5240984718,126.8289139798
서울과학수사연구소.고강동종점,114000197,15301,37.5234552209,126.8257794501
신정1동주민센터.신오새마을금고,114000198,15302,37.5176031829,126.8538761936
신정네거리역,114000199,15303,37.5198533776,126.8528216878
신트리아파트,114000200,15304,37.5130325951,126.8538683824
정랑고개.양천벤처타운,114000201,15305,37.5116613527,126.8498548282
서부트럭터미널.신정동일하이빌아파트,114000202,15306,37.510935,126.842363
강신중학교,114000203,15307,37.5152713231,126.8403598507
남명초교.신정3동주민센터,114000204,15308,37.515076534,126.8549125537
금옥중.금옥여고.백암고등학교,114000205,15309,37.5098523335,126.8445827103
양강중학교,114000206,15310,37.524862,126.85028
양강중학교,114000207,15311,37.5238498474,126.8495049505
신월2동주민센터입구.경창전통시장,114000208,15312,37.5231005832,126.8460404234
강서초등학교.신월4동주민센터,114000209,15313,37.522025949,126.8416789569
한빛종합사회복지관,114000210,15314,37.521341727,126.8387477223
서울과학수사연구소입구,114000211,15315,37.5219046542,126.8369620025
서부트럭터미널.신정동일하이빌아파트,114000212,15316,37.5100886262,126.8423997674
서부트럭터미널.신정현대아파트,114000213,15317,37.5083597993,126.8429841108
넓은들공원,114000214,15318,37.5107961068,126.8392002136
넓은들공원,114000215,15319,37.5110656513,126.838645415
신정현대아파트,114000216,15320,37.5087818233,126.842139551
신정숲속마을아파트,114000217,15321,37.5064470434,126.8341353536
신정숲속마을아파트.댓골마을입구,114000218,15322,37.506763681,126.8356122927
양천중앙도서관.푸른마을2단지,114000219,15323,37.5141912766,126.8340906245
양천중앙도서관.푸른마을2단지,114000220,15324,37.514032,126.833988
강월초등학교.신월시영아파트,114000221,15325,37.515731,126.83553
강월초등학교.신월시영아파트,114000222,15326,37.515937,126.835305
강월초교입구사거리,114000223,15327,37.516359946,126.8377839139
강월초교입구사거리,114000224,15328,37.5166925531,126.8378578575
금실어린이공원,114000225,15329,37.5179542888,126.8377738585
금실어린이공원,114000226,15330,37.5174285164,126.8378532017
강신중학교,114000227,15331,37.5158628238,126.839808639
양서중학교,114000228,15332,37.5315463481,126.8309503372
신월1동주민센터.신월보건지소,114000229,15333,37.5321812684,126.8310479701
신월3동주민센터.신월3동우체국,114000230,15334,37.5346648231,126.8288288926
서부여성발전센터,114000231,15335,37.535164296,126.8290121927
가로공원공영주차장.신영시장,114000232,15336,37.5363759851,126.8330270198
신월사거리.국민은행신월동지점,114000233,15337,37.5358050015,126.8291078692
서서울호수공원,114000234,15338,37.5290347298,126.8325721561
서서울호수공원,114000235,15339,37.5292505864,126.8329212932
하나은행신월동지점,114000236,15340,37.5304768462,126.8379926774
가로공원공영주차장,114000237,15341,37.5366508061,126.8325796723
양원초교.광영여고,114000238,15342,37.5390246021,126.8235071834
국민은행신월동지점,114000239,15343,37.5362149282,126.8296038629
메디힐병원.서울금융고등학교,114000240,15344,37.5369926272,126.8277768675
신화중학교,114000241,15345,37.5396509921,126.8313535928
신월5동주민센터.신월중학교,114000242,15346,37.5394783937,126.8275323805
신월5동주민센터.신월중학교,114000243,15347,37.539249826,126.8276175857
신월중학교입구,114000244,15348,37.539901203,126.8252825465
신월중학교입구,114000245,15349,37.540131513,126.8256582331
광영고.신동아파밀리에아파트,114000246,15350,37.5393577897,126.8233615523
서울금융고등학교,114000247,15351,37.537320428,126.8270247465
신화중학교,114000248,15352,37.53935507,126.8307630563
경창빌딩,114000249,15353,37.5186593622,126.8385824561
신월시영아파트중문,114000250,15354,37.519095445,126.8367192546
신월시영아파트중문,114000251,15355,37.5190839909,126.8365807096
목원초등학교.서울지방식품의약품안전청,114000252,15356,37.5430365015,126.8813545994
양천어르신종합복지관,114000253,15357,37.5104115391,126.8590792819
양서중학교,114000432,15358,37.5327964612,126.8302430927
양명초등학교,114000254,15359,37.5160834014,126.8572418295
신목동역.서울지방식품의약품안전청,114000255,15360,37.543803,126.883182
목동파라곤,114000256,15361,37.5300691011,126.8755214922
서부트럭터미널.신정현대아파트,114000257,15362,37.5090108927,126.8420065648
대일관광고.푸른마을3단지,114000258,15363,37.5111781699,126.836221887
대일관광고.푸른마을3단지,114000259,15364,37.511319,126.835885
신월문화체육센터,114000261,15366,37.5205124893,126.8368773634
목동아파트1102동앞,114000262,15367,37.5115795698,126.8601148427
목동아파트1434동앞,114000264,15369,37.5156610604,126.8719841075
목동아파트1216동앞,114000438,15370,37.5115054211,126.8621876648
신월동기점,114000265,15371,37.5294773535,126.8385294276
목동아파트1218동앞,114000439,15372,37.5117167505,126.8636210262
양천공영차고지,114000267,15373,37.5084237826,126.8372401516
서울과학수사연구소.고강동종점,114000268,15374,37.5236309481,126.8259331584
신월동기점,114000270,15377,37.529576762,126.8386621156
양천공영차고지,114000271,15378,37.5087014007,126.8376467183
신정이펜하우스3단지,114000404,15380,37.5141211783,126.8304154243
푸른마을1단지아파트,114000283,15399,37.5126531126,126.8353881275
신정교입구,118000605,15401,37.5186052595,126.8739017041
중부운수앞,114000285,15402,37.5242203138,126.8307794978
서남병원.이든채아파트,114000288,15405,37.512878,126.83488
신정교입구,114000289,15408,37.5185708053,126.8736165136
신월청소년문화센터,114000292,15411,37.5354516006,126.8264417895
계남공원삼거리.계남초교입구,114000293,15412,37.5101238882,126.8577593241
신목동역.서울지방식품의약품안전청,114000294,15413,37.543627,126.883633
신월6차보람아파트,114000402,15414,37.5297998782,126.8354825562
신월6차보람아파트,114000403,15415,37.5299044382,126.8352416009
신정이펜하우스2단지,114000405,15416,37.5145028936,126.8305420682
신정이펜하우스1단지아파트,114000431,15418,37.5139871425,126.8280797488
이펜하우스1단지.어르신요양센터,114000423,15419,37.5133944288,126.8288196516
양천어르신요양센터,114000430,15420,37.5136182192,126.8284425852
신정이펜하우스3.4단지,114000425,15421,37.5112884496,126.8304616781
서남병원.신정이펜하우스5단지,114000424,15423,37.511195872,126.8334705173
푸른마을아파트3단지,114900007,15500,37.5120789765,126.8365884562
강서보건소.9호선등촌역,114900082,15501,37.5490380694,126.8680475339
염창역.골든서울호텔,115000949,15502,37.5468699702,126.8761512874
목2동주민센터,114900080,15503,37.5461773017,126.8713802897
동일하이빌아파트,114900006,15504,37.5100140206,126.8408155962
팔복부동산.목동교회,114900005,15505,37.543894503,126.870383328
목동문화체육센터.건영아파트,114900003,15507,37.5417556164,126.8690347158
한성교회.금옥여고.백암고,114900002,15508,37.5107847678,126.8430650004
우신웨스트빌.목동보건지소,114900001,15509,37.5394632318,126.8690375939
대림.수정아파트,114900032,15510,37.5123383373,126.8424429811
벽산.대주아파트,114900031,15511,37.5143898216,126.8415302899
성원.극동아파트,114900030,15512,37.5380036179,126.8716473252
목동센트럴2단지,114900029,15513,37.515529943,126.8410312611
목동센트럴1단지,114900026,15516,37.5164268831,126.8407068265
농협.영도초등학교,114900025,15518,37.535918184,126.8705498954
학마을2단지아파트,114900022,15522,37.5088381976,126.8442805344
한신청구아파트,114900020,15524,37.53969003,126.8815754738
학마을2단지아파트,114900018,15526,37.5089601172,126.8440958579
신정1동주민센터,114900013,15536,37.5183653861,126.8547129441
목동10단지,114900011,15539,37.5189371319,126.8566246544
오목교역.대학학원,114900010,15540,37.5248106495,126.8741567243
목동프라자,114900090,15542,37.5193999936,126.8593705814
신서초교,114900008,15545,37.5206350924,126.8621671623
서울남부지법,114900059,15547,37.5216813177,126.8629843287
한신청구아파트정문,114900034,15553,37.5398180274,126.8816171411
목동8단지.목동성당,114900035,15554,37.5225981211,126.8688815376
목동3.4단지사잇길,114900036,15556,37.5327979786,126.8716438006
용왕산입구,114900063,15561,37.5380880949,126.8731057989
성원.극동아파트,114900039,15564,37.5380073723,126.8717853725
목동9단지B상가,114900040,15565,37.5182652653,126.860685007
현대아파트.월드메르디앙아파트,114900041,15566,37.5390523984,126.8699130421
목동프라자,114900069,15567,37.5195079433,126.8592176522
우신웨스트빌.목동보건지소,114900042,15568,37.5402388202,126.8688076498
목동문화체육센터.건영아파트,114900064,15570,37.5418504119,126.869197507
신정1동주민센터,114900091,15571,37.5184090452,126.8543800508
팔복부동산.목동교회,114900065,15572,37.5438486739,126.8704988384
목2동주민센터,114900047,15574,37.5466952437,126.8713325179
양동중학교,114900067,15576,37.547522312,126.8687518796
수명산입구,114900074,15577,37.5434136288,126.8288756598
거산아파트,114900044,15579,37.5401966583,126.8319712047
신곡시장,114900048,15582,37.5187453383,126.842581104
목동센트럴1단지,114900068,15584,37.5165519359,126.8404713803
목동센트럴2단지.이마트24,114900049,15585,37.5157451286,126.8408152558
벽산.대주아파트,114900050,15586,37.5145607856,126.8413477998
대림.수정아파트,114900051,15587,37.5122985653,126.8423503064
한성교회.백암고,114900052,15588,37.5111080859,126.8429319752
동일하이빌아파트,114900054,15591,37.5101435591,126.8406524331
현대아파트.월드메르디앙아파트,114900070,15593,37.5387122738,126.8703583513
롯데캐슬아파트.목3동시장,114900083,15594,37.5481502533,126.8671612341
신정이펜하우스1단지,114900097,15596,37.5150602232,126.8280891009
서남병원,114900075,15599,37.5117397462,126.8325983835
신은초등학교,114900057,15600,37.5133381042,126.8335392789
신은초등학교,114900072,15614,37.5134441509,126.8336662919
서남병원,114900076,15635,37.5117570005,126.83252592
이펜하우스3.4단지,114900073,15637,37.5120485294,126.8295805468
양천어르신요양센터,114900058,15638,37.5134418624,126.828910031
신정이펜하우스1단지.새금성교회,114000435,15639,37.5144526403,126.8284976952
목동역,114000368,15691,37.5253674114,126.864285482
목동역,114000369,15692,37.5253354768,126.8647256531
갈산초등학교,114000370,15693,37.5129359732,126.8700047657
갈산초등학교,114000371,15694,37.5130463236,126.87038353
화곡입구,114000372,15695,37.5369927184,126.8272223971
화곡입구,114000373,15696,37.5370988852,126.8277279655
국립과학수사연구소,114000377,15700,37.5230214162,126.8366145434
서부트럭터미널,114000379,15702,37.5078265129,126.8437883314
대일고등학교,114000380,15703,37.5394087376,126.8638775519
양천공영차고지,114000395,15718,37.5084115031,126.8374184549
오목교역,114000409,15801,37.5234378426,126.8751439748
오목교역,114000408,15806,37.5233299675,126.8753760603
신도림4차e편한세상,116000577,15808,37.5121981404,126.887744365
목동현대백화점,114000411,15909,37.5281690673,126.8741804998
강서양천교육지원청,114900099,15992,37.541566,126.829937
신원중학교,114000440,15994,37.5357332396,126.8248011722
거산아파트,114900098,15995,37.5407169042,126.8316906449
신월사거리,114000401,15996,37.5359337917,126.8277442245
염창역.서울도시가스,115000001,16001,37.547146203,126.8758965674
염창역.서울도시가스,115000002,16002,37.546918,126.874716
등촌역.강서보건소,115000003,16003,37.548988,126.868638
등촌역.강서보건소,115000004,16004,37.549624,126.867436
등촌중학교.백석초등학교,115000005,16005,37.5526262092,126.861438627
등촌중학교.백석초등학교,115000006,16006,37.5529052232,126.8606811411
강서구청사거리.서울디지털대학교,115000588,16007,37.5548873841,126.8555268401
강서구청사거리.서울디지털대학교,115000589,16008,37.5552355847,126.8540843129
KBS스포츠월드,115000590,16009,37.556782,126.850512
KBS스포츠월드,115000591,16010,37.557050527,126.848927351
한국가스기술공사,115000592,16011,37.558022,126.845633
한국가스기술공사,115000593,16012,37.557971797,126.8437363221
발산역,115000594,16013,37.558502,126.83922
송정역,115000634,16014,37.561451697,126.8098252947
송정역,115000633,16015,37.5613543738,126.8109375565
"공항중학교.마곡엠밸리9,10단지",115000635,16016,37.5608007973,126.8155482638
발산역,115000893,16017,37.5585733533,126.8376109437
마곡역,115000895,16018,37.559695,126.827513
마곡역,115000896,16019,37.5597284531,126.8262227042
"공항중학교.마곡엠밸리9,10단지",115000894,16020,37.5607379709,126.8171527623
마곡동로사거리,115000923,16021,37.5590734814,126.8339921625
마곡동로사거리,115000922,16022,37.5591051266,126.8324754968
강서세무서,115000947,16023,37.5601352538,126.8221992473
강서세무서,115000946,16024,37.5601606335,126.8228597284
화원중학교,115000925,16100,37.5378331474,126.8410402083
가양동탑산문화공원,115000951,16101,37.5657052436,126.8461285043
서울식물원.식물문화센터,115000940,16102,37.5683369266,126.8350580335
백석초등학교.한국임업진흥원,115000007,16103,37.5527036123,126.8616542673
등촌중학교.한국임업진흥원,115000008,16104,37.5529521864,126.8601040507
강서대학교.강서LG베스트샵,115000009,16105,37.5548452055,126.8560333678
하이웨이주유소.강서대학교,115000010,16106,37.5545340687,126.8557934761
서울식물원.숲문화학교,115000941,16107,37.5662276025,126.8341460719
LG사이언스파크,115000942,16108,37.5619785387,126.8335273253
강서송도병원,115000013,16109,37.5581926191,126.8437952791
발산역4번출구,115000015,16111,37.5586270014,126.8392815106
발산역5번출구,115000016,16112,37.5582109717,126.8394838811
송정역,115000608,16113,37.5614188052,126.8114082502
공항중학교.송정역,115000019,16115,37.561102,126.815009
송정역4번출구,115000020,16116,37.5611760789,126.810720132
송정역,115000021,16117,37.5616789813,126.8090169265
공항시장,115000022,16118,37.5622654951,126.8088328704
공항시장,115000023,16119,37.5624230357,126.8087504097
공항시장역3번출구,115000024,16120,37.5638248877,126.8109493938
공항시장역.공항성산교회,115000025,16121,37.5647464984,126.8113840134
방화주유소,115000026,16122,37.566695,126.812731
방화2동청성아파트앞,115000027,16123,37.5669761672,126.8116149845
방신전통시장입구,115000028,16124,37.5699529318,126.8128627805
마곡우촌아파트,115000029,16125,37.5700234331,126.8114748571
방신전통시장정문.방화사거리,115000030,16126,37.5727187792,126.8115903308
방신전통시장정문.방화사거리,115000031,16127,37.5726571076,126.8113414217
한서고등학교.보람아파트,115000032,16128,37.57483,126.811733
한서고등학교.보람아파트,115000033,16129,37.574816243,126.8114186211
방화역2번출구,115000034,16130,37.576742,126.812627
방화역3번출구,115000035,16131,37.5769118737,126.8123587027
방화3동주민센터.국립국어원,115000036,16132,37.57913,126.813513
방화7단지.국립국어원,115000037,16133,37.5793082749,126.8133544706
가양역4번출구.가양8단지아파트,115000038,16134,37.5618621425,126.8559123678
가양역7번출구.마포중고교,115000039,16135,37.5589275113,126.8542038866
가양역8번출구.마포중고교,115000040,16136,37.5595591647,126.8541936005
경복비즈니스고등학교,115000041,16137,37.5575280794,126.8534482519
경복비즈니스고등학교,115000042,16138,37.557662838,126.8531220051
강서구청.한국건강관리협회,115000043,16139,37.552627948,126.8505841855
강서구청.한국건강관리협회,115000044,16140,37.552784,126.850232
우장초등학교,115000045,16141,37.5503532252,126.8481814428
우장초등학교,115000046,16142,37.549406,126.847753
한국폴리텍1.서울강서대학교,115000047,16143,37.5460872756,126.8452748106
한국폴리텍1.서울강서대학교,115000048,16144,37.5458432676,126.8447320961
화곡본동시장,115000049,16145,37.5431786479,126.8426281976
화곡본동시장,115000050,16146,37.5433434761,126.8432514003
화곡역6번출구,115000051,16147,37.5410376002,126.8387505747
화곡역7번출구B,115000052,16148,37.5408730247,126.8370055717
강서구청소년상담복지센터,115000053,16149,37.5401952775,126.8355643823
화곡푸르지오,115000054,16150,37.5401506396,126.8344789776
외발산신광명마을,115000055,16151,37.5460645834,126.8215259396
외발산신광명마을,115000056,16152,37.545958,126.821132
강서면허시험장.메이필드호텔,115000057,16153,37.5496838966,126.8194959796
강서면허시험장.메이필드호텔,115000058,16154,37.5477976201,126.820225595
강서농수산물도매시장,115000059,16155,37.55187,126.81998
영인운수.차고지,115000916,16156,37.5453351183,126.8179353333
대한항공.메이필드호텔,115000915,16157,37.5497227693,126.8168175473
공항동송정중학교,115000061,16158,37.5527773034,126.8149361014
공항동송정중학교,115000062,16159,37.55313,126.815368
국립항공박물관.공항동천주교회,115000063,16160,37.555638,126.811917
국립항공박물관.공항동천주교회,115000064,16161,37.555152,126.811943
공항동지하도입구,115000065,16162,37.559087,126.808185
영인운수.차고지,115000917,16163,37.5452133046,126.8182939748
방화중학교,115000067,16164,37.564621397,126.8059168195
방화동도시개발11단지,115000069,16166,37.570852,126.804202
개화119안전센터,115000070,16167,37.575195,126.8026
개화119안전센터,115000071,16168,37.575128,126.802225
개화역1번출구.개화검문소,115000072,16169,37.578455,126.800345
개화역1번출구.개화검문소,115000073,16170,37.5784942626,126.7997884498
부석마을.상사마을입구,115000074,16171,37.5824925499,126.7985641294
부석마을.상사마을입구,115000075,16172,37.58182,126.798335
영일고등학교.강서도서관,115000076,16173,37.5489885793,126.8633553696
아이파크아파트.백석중학교.실로암안과,115000077,16174,37.5451448999,126.8621412863
등촌2동주민센터.등촌동대림아파트,115000078,16175,37.542088,126.862957
대일고교.임광아파트.배광교회,115000079,16176,37.539924,126.863587
용문사.시립화곡청소년센터,115000080,16177,37.5370972069,126.8633458107
목동사거리,115000081,16178,37.5331985949,126.8635224048
목동사거리,115000082,16179,37.5316337661,126.863608811
화곡동남부시장,115000083,16180,37.5318363326,126.858853902
성석교회,115000084,16181,37.5315122234,126.8575906388
서울신정초등학교,115000085,16182,37.5311293183,126.8529083134
서울신정초등학교,115000086,16183,37.530930626,126.8525296973
화곡8동주민센터,115000087,16184,37.5308233051,126.8495911999
화곡8동주민센터.까치산시장,115000088,16185,37.5305885107,126.8488200647
KT강서지사,115000089,16186,37.5299722869,126.8475167279
KT강서지사,115000090,16187,37.5299538337,126.8478810975
화곡동유림아파트,115000091,16188,37.530479,126.844302
화곡동유림아파트,115000092,16189,37.5303526005,126.8444275174
황외과앞,115000093,16190,37.5309632183,126.8378394153
까치산역2번출구,115000094,16191,37.5317706703,126.8468455507
까치산역4번출구,115000095,16192,37.5322386315,126.8461927843
화곡동백구사,115000096,16193,37.5326003237,126.8425221182
화곡동백구사,115000097,16194,37.5323817672,126.8407943889
화곡대림아파트,115000098,16195,37.5330031766,126.8389262692
화곡동대림아파트.화곡중앙시장,115000099,16196,37.5341804114,126.8383240895
강서문화원.강서K병원,115000100,16197,37.5367734994,126.8371920237
강서문화원.강서K병원,115000101,16198,37.5374398713,126.8368737328
강서문화원.강서K병원,115000102,16199,37.5369060331,126.8366700411
강서문화원.강서K병원,115000103,16200,37.5371786505,126.8362926723
다운어린이공원.화곡동교회,115000945,16201,37.5325644788,126.8437952234
화원중학교,115000105,16202,37.537977,126.840433
신월초등학교,115000106,16203,37.5386348969,126.8389691102
신월초등학교,115000107,16204,37.5389654088,126.8394911995
화곡역5번출구,115000108,16205,37.5406479194,126.8409451288
화곡역4번출구,115000109,16206,37.540952728,126.8411221475
화곡역1번출구,115000110,16207,37.5427978434,126.8395162317
화곡역8번출구,115000111,16208,37.5429294084,126.8388885788
대원시장,115000112,16209,37.5440629818,126.8382263704
대원시장,115000113,16210,37.5445248902,126.8373132333
화곡중고등학교,115000114,16211,37.5472239799,126.8362222507
화곡중고등학교,115000646,16212,37.5474202914,126.8364707757
우장산역1번출구,115000116,16213,37.549241001,126.8365028309
우장산역4번출구,115000117,16214,37.5497942598,126.8362284945
명덕고등학교.서울스타병원,115000118,16215,37.5530943921,126.8365206219
명덕고등학교.서울스타병원,115000119,16216,37.5532912365,126.8363717464
발산역.우장산힐스테이트,115000120,16217,37.5560385988,126.8376254994
발산역.우장산힐스테이트,115000121,16218,37.5567655856,126.8374835698
발산역2번출구,115000122,16219,37.56009,126.838558
발산역3번출구,115000123,16220,37.5601701491,126.8389703128
서울호서전문학교.등촌주공3단지아파트,115000124,16221,37.562868,126.839465
서울호서전문학교.등촌주공3단지아파트,115000125,16222,37.562662,126.839755
서울강서우체국,115000126,16223,37.5645670875,126.8403693809
서울강서우체국,115000127,16224,37.5645673439,126.8400518125
양천향교역.휴먼빌아파트,115000128,16225,37.5692156291,126.8416017657
양천향교입구,115000129,16226,37.57003,126.841425
가양한강타운아파트,115000130,16227,37.570402906,126.8434528337
가양한강타운아파트,115000131,16228,37.5705058666,126.8438103417
가양2단지성지아파트.동양고등학교,115000132,16229,37.5696275978,126.8465390121
가양2단지성지아파트.동양고등학교,115000133,16230,37.5696444144,126.84734832
한보구암마을아파트,115000134,16231,37.5687703572,126.8490281961
가양동천주교영등포공업고등학교,115000135,16232,37.5684832895,126.8496502756
서울서진학교.우체국앞.허준박물관,115000136,16233,37.5668487184,126.8513309956
탑산초등학교.허준박물관,115000137,16234,37.5666981923,126.8517605558
가양4단지아파트,115000138,16235,37.5652618508,126.8532911497
대림경동아파트,115000139,16236,37.5655880638,126.8532162499
가양5단지아파트,115000140,16237,37.564242,126.85513
가양2동강변아파트,115000141,16238,37.5641799397,126.8556380616
가양6단지아파트,115000142,16239,37.5629463904,126.8579043717
가양초등학교,115000143,16240,37.561717,126.85982
강서구청별관,115000144,16241,37.5611994625,126.8597589765
가양3동주민센터,115000145,16242,37.5614125205,126.8607529864
가양9단지아파트,115000146,16243,37.559812,126.863307
가양9단지아파트.세현고등학교,115000147,16244,37.5598119345,126.8636096929
염창동아3차아파트.나이아가라호텔,115000148,16245,37.5491222747,126.877626568
염창동아3차아파트,115000149,16246,37.5488168686,126.8776893136
염창동새마을금고,115000150,16247,37.5502350947,126.8733240118
염창동새마을금고,115000151,16248,37.5501570313,126.8727944748
염창동한마음.관음삼성아파트,115000152,16249,37.5530470916,126.8697189477
염창동관음삼성아파트,115000153,16250,37.5529295507,126.8693581039
태영.삼성한사랑아파트,115000154,16251,37.5550652684,126.8654574304
금호.한솔아파트,115000155,16252,37.5554473635,126.8654850398
블루나인비지니스센터,115000156,16253,37.5562428349,126.8637439355
블루나인비지니스센터,115000157,16254,37.5565070571,126.8639188939
증미역1번출구.강서소방서,115000158,16255,37.5578632495,126.861434589
하나마트,115900279,16909,37.5524473101,126.8531946162
증미역3번출구.강서소방서,115000159,16256,37.557230783,126.8617194697
가양역6번출구.현대프린스텔,115000160,16257,37.5602196054,126.8563497598
가양역5번출구.현대아파트,115000161,16258,37.5604119558,126.8567272077
가양역9번출구.우성아파트,115000162,16259,37.5614520887,126.8539737105
가양역1번출구.우성아파트,115000163,16260,37.562223,126.853228
SBS공개홀,115000164,16261,37.5634890953,126.85080021
SBS공개홀,115000165,16262,37.563659097,126.8498490115
가양4.5단지상가앞,115000927,16263,37.5640845262,126.8526273202
서울서진학교,115000167,16264,37.565616,126.849851
등촌동대림아파트,115000168,16265,37.5644051441,126.8483940429
강서한강자이아파트,115000169,16266,37.5650145106,126.8478709578
가양동문화공원,115000170,16267,37.5666541126,126.844935221
가양동문화공원,115000171,16268,37.5668132495,126.8440630854
양천향교역1번출구.양천초교,115000172,16269,37.569105,126.840356
양천향교역8번출구.양천초교,115000173,16270,37.568749,126.840489
겸재정선미술관.서울식물원,115000174,16271,37.5697783342,126.8385690451
겸재정선미술관.서울식물원,115000175,16272,37.5707733354,126.8372947297
마곡실내배드민턴장,115000176,16273,37.5726185461,126.82984731
마곡실내배드민턴장,115000177,16274,37.5726747685,126.8319558638
서남물재생센터,115000178,16275,37.5730045551,126.8273192464
서남물재생센터,115000179,16276,37.5727700614,126.8271584787
서남환경공원.마곡청구아파트,115000180,16277,37.5732822116,126.8233293081
서남환경공원.마곡청구아파트,115000181,16278,37.573136622,126.8222079622
방화2단지아파트,115000182,16279,37.573256,126.81844
방화2단지아파트,115000183,16280,37.573514,126.818829
방화동동부센트레빌아파트,115000186,16283,37.5733225126,126.8138643735
방화동동부센트레빌아파트,115000187,16284,37.573528,126.814217
한서고등학교.방화사거리,115000188,16285,37.573128,126.810512
한서고등학교.방화사거리,115000189,16286,37.573162,126.809421
개화산역2번출구,115000190,16287,37.572521,126.806172
개화초교.개화산역2번출구,115000191,16288,37.572655,126.805346
한강버스마곡선착장,115000953,16289,37.573494,126.842988
등촌3동천주교회,115000194,16291,37.5600812481,126.8457975984
등촌3동천주교회,115000195,16292,37.5599579041,126.8460350791
등촌3동5단지아파트.등촌고등학교,115000196,16293,37.561745,126.84519
등촌3동5단지아파트.등촌고등학교,115000197,16294,37.561949377,126.8452050542
등촌3동주공4단지아파트,115000198,16295,37.5624287385,126.8431809018
등촌동부영아파트,115000199,16296,37.562722,126.84275
등촌3동주공10단지아파트,115000200,16297,37.5619664289,126.8474153204
등촌3동대림아파트,115000201,16298,37.5625898053,126.8474900471
마곡13단지힐스테이트아파트,115000935,16301,37.5566960084,126.8179661823
서울디지털콘텐츠고등학교,115000206,16303,37.5755292328,126.8166269967
방화1.2단지아파트,115000207,16304,37.5752232916,126.8168824539
서울백영고등학교,115000208,16305,37.5695169119,126.8168322544
서울백영고등학교,115000209,16306,37.569091,126.816406
공항중학교.신성교회,115000210,16307,37.5631891761,126.8162655595
공항중학교.마곡엠밸리9단지,115000211,16308,37.562458,126.81676
양천향교역7번출구,115000212,16309,37.5670001354,126.8407487895
방신전통시장입구,115000224,16321,37.5700525655,126.812660348
방화주유소,115000225,16322,37.5666910754,126.8125292434
제과점앞,115000229,16326,37.5602109477,126.8099418283
공항동천주교회,115000230,16327,37.557387,126.811612
강서한방병원,115000231,16328,37.5301259278,126.8390315329
강서한방병원,115000232,16329,37.5299929864,126.8393407089
강서한강자이아파트,115000233,16330,37.5663646057,126.8500718716
강서구청별관,115000234,16332,37.561162,126.859807
우장산동주민센터,115000241,16339,37.5479250527,126.8415761023
블리스빌,115000242,16340,37.5469149557,126.8442261922
우장산투웨니퍼스트오피스텔,115000243,16341,37.5471985703,126.8457900497
가양7단지상가,115000244,16342,37.560708,126.861713
등촌주공9단지,115000246,16344,37.561643,126.850602
강서구민올림픽체육센터,115000247,16345,37.559912,126.850182
등촌주공6단지,115000248,16346,37.560553,126.848477
등현초등학교,115000249,16347,37.5611028771,126.847269544
가양7단지상가앞,115000250,16348,37.560749155,126.8618310381
우장산휴먼빌아파트,115000251,16350,37.5474383521,126.8434782256
우장산동주민센터,115000252,16351,37.5480757415,126.8414060402
우장산아이파크이편한세상,115000253,16352,37.548002196,126.8370211691
우장산파크빌,115000258,16361,37.5466528685,126.8453328761
강서힐스테이트아파트,115000259,16364,37.547853051,126.836963084
등촌주공6단지앞,115000261,16366,37.560355,126.848447
강서구민올림픽체육센터,115000262,16367,37.559795,126.850322
등촌주공8단지상가,115000263,16368,37.561875,126.850932
가양4.5단지상가앞,115000264,16369,37.563943,126.852823
삼정그린코아아파트,115000267,16373,37.5715960686,126.8117011886
강서농협,115000268,16374,37.56832217,126.8128866692
강서농협,115000269,16375,37.568388,126.812767
서울방화초등학교,115000270,16376,37.568165,126.805304
공항동주민센터,115000272,16378,37.55883,126.810557
공항동성당,115000273,16379,37.556398,126.812261
마곡나루역4번출구.서울식물원,115000936,16385,37.5652544127,126.8277729117
마곡나루역5번출구.서울식물원,115000937,16386,37.5653688926,126.8275009964
마곡역4번출구,115000938,16387,37.5593495514,126.828573099
이대서울병원,115000939,16388,37.5587395873,126.8348300457
김포공항국내선(6번홈),115000280,16389,37.5587417798,126.804207227
김포공항국내선(2번홈),115000281,16390,37.5583911194,126.8046467079
김포공항국제선,115000282,16391,37.56531,126.801112
김포공항국제선,115000283,16392,37.5649980309,126.8010312835
발산역7번출구,115000284,16393,37.557738,126.837903
신방화역5번출구,115000897,16394,37.567394529,126.8174477684
마곡엠밸리6.7단지.마곡중학교,115000912,16395,37.5671078261,126.8214497647
마곡나루역1번출구,115000898,16396,37.5667539271,126.8257999476
마곡역,115000900,16397,37.56108,126.826863
마곡역,115000901,16398,37.560522,126.827203
마곡나루역1번출구.웰튼병원,115000899,16399,37.5669558738,126.8265562889
마곡동로사거리,115000933,16400,37.5594674923,126.8314960803
마곡엠밸리11.12단지,115000913,16401,37.5600644793,126.8215712653
마곡13단지힐스테이트후문,115900271,16402,37.5566341229,126.8187359229
공진초등학교,115900272,16403,37.5584322785,126.8216428956
김포공항국내선(4번홈),115000955,16405,37.558517,126.804569
송정역,115000295,16407,37.5613155651,126.8122789838
외발산동기점,115000296,16408,37.5452091516,126.8213321956
김포공항국내선(7번홈),115000639,16409,37.559077,126.803805
한국공항공사,115000297,16410,37.562433,126.798872
한국공항공사,115000298,16411,37.5625221156,126.7987623811
개화동상사마을종점,115000300,16413,37.588697,126.80181
마곡수명산파크7단지,115000302,16416,37.5492187282,126.8230654224
마곡수명산파크5단지6단지,115000303,16417,37.5513079456,126.8253549438
마곡수명산파크2단지,115000304,16418,37.5549071083,126.8264227097
마곡수명산파크2단지,115000305,16419,37.554787,126.826058
마곡수명산파크3단지4단지,115000306,16420,37.55168483,126.8252225589
마곡수명산파크7단지,115000307,16421,37.549322,126.822762
마곡역6번출구,115000308,16422,37.559571,126.825491
마곡역2번출구,115000309,16423,37.559992,126.825875
화곡2동주민센터,115000310,16424,37.5313768831,126.8552226927
화곡2동주민센터,115000311,16425,37.5311763199,126.854483648
마곡엠밸리14단지아파트,115000313,16427,37.557467,126.826412
마곡엠밸리15단지아파트,115000314,16428,37.5574387588,126.8267496101
발산역9번출구,115000315,16429,37.5589193253,126.8365135554
공항동주민센터,115000316,16430,37.558964,126.810619
신방화사거리,115000317,16431,37.572868,126.816922
신방화사거리,115000318,16432,37.5727855639,126.8165346746
마곡우촌아파트,115000319,16433,37.5701349,126.8117126614
개화역광역환승센터,115000320,16434,37.57845,126.797811
개화역광역환승센터,115000321,16435,37.57822,126.797978
방화2동청성아파트,115000322,16436,37.5665639113,126.8118933674
핑크힐병원,115000609,16450,37.5493147499,126.8755585298
롯데몰.김포공항역,115000617,16451,37.5623798325,126.8030234261
송정중학교정문,115000624,16453,37.5543372118,126.8162290783
염창동주민센터,115900241,16462,37.5536800855,126.871126909
세븐일레븐강서메인점,115900231,16463,37.5351492517,126.8561330678
강원슈퍼,115900232,16464,37.5356611094,126.856929141
화곡보람3차아파트,115900233,16465,37.5364948584,126.858238059
에이엔케슬,115900234,16466,37.5371360581,126.859168675
한광고,115900235,16467,37.5377930358,126.8584805675
서울신정고등학교,115900236,16468,37.5372836881,126.8575411898
명지해드는터아파트,115900237,16469,37.5366359765,126.8564710571
동우아트빌,115900238,16470,37.5364692205,126.8559329287
미주아파트,115900239,16471,37.5374138804,126.8549371793
방송인아파트,115900240,16472,37.5370334682,126.85410904
곰달래약국,115900230,16473,37.5315199743,126.858040957
중앙하이츠빌라,115900229,16474,37.5307641322,126.8581894818
곰달래아파트,115900228,16475,37.5296584451,126.8565795811
삼성아파트,115900227,16476,37.5292192105,126.8541282205
은창아파트,115900226,16477,37.5289352735,126.8518828439
화곡전화국,115900225,16478,37.5294764061,126.8479082078
까치산역4번출구,115900224,16479,37.5326432888,126.8460661003
까치산시장,115900223,16480,37.533742673,126.8462779542
화곡탑건진선미아파트,115900222,16481,37.5361805507,126.8467094083
GS화곡개나리점,115900221,16482,37.536642,126.848008
빨래터세탁소,115900220,16483,37.5371687836,126.8491623939
공작세탁소,115900218,16484,37.536591509,126.8545741382
주영렉스빌,115900217,16485,37.5360470216,126.8551479825
세븐일레븐강서메인점,115900216,16486,37.5348425483,126.855997887
국민약국,115900215,16487,37.5317540263,126.8578470281
주영렉스빌,115900219,16488,37.5358982526,126.855045849
약수터,115900214,16489,37.5387776474,126.85163932
신광명마을,115900209,16490,37.5471082621,126.8240687003
수명중고등학교,115900210,16491,37.549302466,126.8240952322
마곡.수명산파크4단지,115900211,16492,37.550615042,126.8244871379
방화중학교,115000066,16493,37.5642674199,126.8065584409
한마음아파트,115900212,16494,37.5551078122,126.8680232498
우성아파트앞,115900206,16495,37.5555155833,126.8708997
우성아파트,115900208,16496,37.5555615934,126.8709494221
봉제산정상,115900207,16497,37.53667,126.851795
생태공원,115900023,16498,37.5834338969,126.8185407653
NC백화점앞,115900184,16499,37.5594762964,126.8402472565
염창역1번출구.강서평생학습관,115900022,16500,37.5472979883,126.8737556441
명지해드는터아파트,115900001,16501,37.5367635901,126.8563584043
하이웨이주유소,115900021,16502,37.5544691407,126.8542799286
서광아파트,115900020,16503,37.5788332307,126.8194426148
마곡엠밸리7단지앞,115900243,16504,37.5654207293,126.8244646004
대림아파트,115900019,16505,37.5483303142,126.8751414211
하나마트,115900018,16506,37.5524923381,126.8531015943
정곡초교,115900017,16507,37.5760007418,126.8186173155
등명중학교,115900016,16508,37.5590951148,126.8429614647
동아3차아파트,115900002,16509,37.5494621232,126.8760290974
미주아파트,115900015,16510,37.5375050938,126.8551022133
백연공원,115900014,16511,37.5506285112,126.8520877836
방화4단지,115900202,16512,37.5767450272,126.8134033207
등촌3동성당사거리,115900013,16513,37.5588259101,126.8458653593
새마을금고,115900166,16514,37.5502377469,126.8732764729
방송인아파트,115900012,16515,37.5371967258,126.8540561396
강서대학교,115900011,16516,37.5494785312,126.851224259
방화3동주민센터,115900203,16517,37.578176,126.813948
등촌6단지,115900010,16518,37.5595698622,126.8476782843
관음삼성.보람더하임아파트,115900009,16519,37.5524224634,126.8703832733
공작세탁소,115900008,16520,37.536466022,126.8543808707
골목시장,115900181,16521,37.5486194397,126.850235687
등촌9단지,115900003,16523,37.5614067814,126.8487623402
염창중학교,115900006,16524,37.5533520946,126.8709339914
세븐일레븐강서메인점,115900005,16525,37.5350565116,126.8558560931
SK브로드밴드강서방송,115900182,16526,37.5478099476,126.849284385
정곡초교,115900004,16527,37.5758468665,126.8195723539
강서세무서.공항초교,115900244,16528,37.5620054578,126.8206089735
남부시장,115900047,16529,37.5325197799,126.857698479
수정빌딩,115900046,16530,37.5458083822,126.8475437164
다솔마을,115900245,16532,37.555154,126.816664
화곡유치원,115900175,16533,37.5444216025,126.8461326678
마곡엠밸리14단지,115900273,16534,37.5580357905,126.8256703019
등촌7단지아파트,115900044,16535,37.5612633649,126.8530358421
삼천리아파트,115900043,16536,37.5561740306,126.8698493274
화곡중앙하이츠빌라,115900042,16537,37.5307477357,126.8580424207
본동시장,115900041,16538,37.5428311336,126.8442200427
마곡엠밸리14단지,115900274,16539,37.5583235271,126.8247274121
한서고등학교.보람아파트,115900246,16540,37.5748665364,126.8114926908
한마음아파트,115900039,16541,37.5550445028,126.8678151019
곰달래아파트,115900038,16542,37.5297942783,126.8572148649
본동사무소,115900037,16543,37.5427020909,126.8477354184
볏골어린이공원,115900036,16544,37.5409676275,126.841975539
방신전통시장앞,115900247,16545,37.5733423192,126.8125870322
마곡엠밸리11.12단지상가,115900275,16546,37.5586626221,126.8210370123
삼성아파트,115900035,16547,37.5294337746,126.8542115306
거성빌라,115900034,16548,37.5421787361,126.8490739183
마곡13단지힐스테이트상가,115900276,16549,37.5583639272,126.8201379646
겸재정선미술관입구,115900033,16550,37.572225,126.837411
한국건강관리협회,115900032,16551,37.5538251223,126.8509971757
증미역2번출구,115900031,16552,37.557180458,126.8626080867
은창아파트,115900030,16553,37.5291208041,126.8518066697
오류동역,116000086,17172,37.4956023105,126.842536958
강서구립봉제산어르신복지센터,115900029,16554,37.5417729905,126.8502912541
본동시장.새마을금고본점,115900028,16555,37.5428192627,126.8427421191
금호APT,115900027,16556,37.5743399784,126.8371204609
강서구청입구,115900026,16557,37.5532043177,126.8496141991
등촌강변샤르망오피스텔,115900025,16558,37.558624739,126.8571485471
대영마트,115900178,16560,37.5405745983,126.851055235
우체국,115900072,16561,37.5441939263,126.8459320265
벽산아파트,115900071,16562,37.5755640607,126.8367589013
우장산꿈에그린아파트,115900070,16563,37.5532921022,126.8477997172
등촌현대아파트,115900069,16564,37.5566172929,126.8550855865
까치산역1번출구,115900068,16565,37.5326055625,126.8463346005
정은파크빌,115900067,16566,37.540005562,126.8514173531
화곡초교,115900066,16567,37.543584805,126.8465565086
벽산아파트,115900164,16568,37.5757388784,126.8366805582
롯데3차APT,115900065,16569,37.5528724125,126.8465770816
하이웨이주유소,115900064,16570,37.5555906416,126.8540853499
까치산시장,115900063,16571,37.5335405699,126.8460803531
약수터,115900062,16572,37.5387720758,126.8515080655
금호APT,115900061,16573,37.574293801,126.8369597981
강서구민회관,115900060,16574,37.5530658323,126.8442711774
선교교회,115900058,16576,37.5343420215,126.8477612943
겸재정선미술관입구,115900057,16577,37.5718308684,126.8374304603
발산어린이집,115900056,16578,37.554367135,126.8416539309
화곡탑건진선미아파트,115900055,16579,37.5359934136,126.8468187447
삼거리,115900054,16580,37.5373877789,126.850132431
롯데1차,115900053,16581,37.554512744,126.8409792491
GS화곡개나리점,115900052,16583,37.5365674526,126.848043724
내발산복합복지센터,115900049,16586,37.5545324812,126.8399795935
빨래터세탁소,115900097,16588,37.5369625024,126.8492383261
안골공원,115900096,16589,37.5359315073,126.8512590982
우장산월드메르디앙아파트,115900198,16591,37.5547901531,126.8378891311
방화동동부센트레빌아파트,115900248,16592,37.5733691977,126.8138107751
삼거리,115900094,16593,37.5373368223,126.8502333606
강남슈퍼,115900093,16594,37.5351941142,126.8510240698
프라임마트,115900249,16595,37.5728737933,126.8182381117
태창아파트,115900092,16597,37.5375766335,126.8508560508
신정초교,115900091,16598,37.5325973854,126.8512080132
정은파크빌,115900090,16599,37.5400282017,126.851506706
마곡한솔솔파크,115900250,16601,37.5700446393,126.8226596037
가양역,115000610,16602,37.5604501553,126.8566507375
길훈아파트,115900251,16603,37.5686840065,126.8225722751
마곡중학교,115900252,16604,37.5689619652,126.8205580115
김포공항국내선(9번홈),115000601,16605,37.5595105337,126.803278818
마곡나루역,115000921,16606,37.5672228992,126.8277919292
롯데R&D센터,115000920,16608,37.5713190587,126.8284268111
마곡나루역,115000918,16609,37.5671626962,126.8280656444
대한항공,115000620,16612,37.5499834076,126.8150621212
LG사이언스파크,115000943,16613,37.5627653003,126.8339839711
마곡엠밸리1단지,115900253,16615,37.5678091263,126.8191530122
마곡나루역1번출구,115900254,16616,37.5666863778,126.8258170834
마곡나루역5번출구,115900282,16617,37.5653148,126.8274784835
대한항공.메이필드호텔,115000924,16618,37.549888549,126.8164830974
서울식물원.숲문화학교,115000944,16619,37.5663159615,126.8345109127
마곡역2번출구,115900256,16621,37.559962965,126.8259968474
강서세무서.공항초교,115900257,16622,37.5619017064,126.8209337487
강서세무서,115900258,16623,37.5623562752,126.8213948607
마곡엠밸리7단지입구,115900259,16624,37.565172,126.824676
마곡엠밸리7단지,115900260,16625,37.5671695854,126.8235747774
마곡엠밸리3단지입구,115900261,16627,37.5674567613,126.8199974298
마곡중학교후문,115900262,16628,37.5686373065,126.8208224938
길훈아파트,115900263,16629,37.5688328966,126.8227000401
마곡한솔솔파크,115900264,16630,37.5696732566,126.8228444257
프라임마트,115900265,16631,37.5729863387,126.8181868983
방화동동부센트레빌아파트,115900266,16632,37.5735236112,126.8142022387
방신전통시장앞,115900267,16633,37.5736123014,126.8129196261
한서고등학교.보람아파트,115900268,16634,37.575012494,126.8117492228
동아1.2차아파트,115900269,16636,37.5546674977,126.8718806325
약수터,115900089,16637,37.5382837732,126.8515195211
동아1.2차아파트,115900270,16638,37.5546585833,126.8720632484
화곡역7번출구A,115000604,16639,37.5413298067,126.8387731991
마곡우림필유아파트,115900284,16640,37.5720190366,126.8206647683
마곡우림필유아파트,115900283,16641,37.572048799,126.8202678013
대영마트,115900179,16677,37.540598138,126.851143455
롯데R&D센터,115000919,16700,37.5703123695,126.828545146
마곡엠밸리7단지.712동,115000644,16702,37.5671761267,126.8235218525
신방화역4번출구.마곡중학교,115000643,16703,37.5674501387,126.8199236939
신방화역7번출구,115000642,16704,37.56661,126.816377
마곡엠밸리4단지,115000641,16705,37.5689315825,126.8249811399
신방화역6번출구.마곡엠밸리5단지,115000647,16706,37.566192,126.816778
화곡중앙골목시장,115000648,16707,37.5347017814,126.837775875
송화벽화시장,115900086,16718,37.5479822354,126.8352516144
삼천리아파트,115900168,16721,37.5561118066,126.869805293
LG주유소,115900085,16722,37.5315297061,126.8577463741
오쇠동꽃단지,115000607,16725,37.5382211674,126.7978638462
오쇠동꽃단지,115000606,16726,37.5382088192,126.7974938496
강서구립봉제산어르신복지센터,115900084,16727,37.5417776236,126.8503919612
화곡중.고등학교,115900082,16729,37.5480159963,126.8332770001
증미역,115000615,16730,37.5566900109,126.8636351888
삼거리,115900081,16732,37.5371798683,126.850104675
남부시장,115900080,16734,37.5325361304,126.8578070724
송정역,115000449,16745,37.5613442157,126.8091452122
거성빌라,115900079,16778,37.542196174,126.8495909865
김포공항국내선(10번홈),115000602,16781,37.5596781071,126.803041627
강서면허시험장,115000640,16800,37.55027309,126.8188279446
염창역.골든서울호텔,115000950,16801,37.5472565064,126.8761933239
덕원여자고등학교.덕원예술고등학교,115900078,16812,37.5492511475,126.8321738366
증미역,115000616,16813,37.5562870508,126.8638396373
봉제산정상,115900077,16814,37.5366775541,126.8516122813
성우빌딩,115900076,16818,37.5336266685,126.8575558378
발산초등학교,115900075,16820,37.550788238,126.8314177559
김포공항국내선(5번홈),115000603,16829,37.5586440368,126.8043612446
로미오이발클럽,115900074,16836,37.5360346554,126.8530365707
강서면허시험장메이필트호텔,115000538,16839,37.5502477813,126.8181908181
강서구의회,115000540,16841,37.5451836495,126.8621434783
강서구의회,115000541,16842,37.5463487525,126.8629063713
대일고등학교,115000542,16843,37.5390090878,126.8634754278
목동사거리,115000543,16844,37.5306750816,126.8636807084
김포공항국제선,115000547,16848,37.5658713092,126.8021756851
강서면허시험장.강서농수산물시장,115000558,16849,37.5500977258,126.8184684663
염창역2번출구,115000557,16851,37.547248,126.87631
태영송화아파트,115000587,16855,37.5538754466,126.867513837
김포공항국제선,115000600,16857,37.565706006,126.801935005
세븐일레븐강서메인점,115900180,16858,37.5349246412,126.8562745177
화곡초교,115900073,16859,37.5434282911,126.8467695833
수명산근린공원,115900120,16861,37.552012862,126.8308140121
관음삼성.보람더하임아파트,115900119,16862,37.5520520784,126.8703510926
청송평화아파트,115900118,16863,37.5352999067,126.853736191
아람마트,115900117,16864,37.5344073361,126.85496215
마곡수명산파크1단지앞,115900116,16867,37.5534189491,126.8298250178
새마을금고,115900115,16868,37.5503900089,126.8724183295
성심사,115900114,16869,37.5336888926,126.854174736
성심사,115900113,16870,37.5338305389,126.8540194871
마곡.수명산파크2단지,115900112,16873,37.5536179453,126.8278597199
아람마트,115900111,16875,37.5342796302,126.8550585442
현대빌라,115900110,16876,37.5344375855,126.8539118795
화곡역7번출구,115000638,16878,37.5412701723,126.8386545056
마곡.수명산파크3단지,115900109,16879,37.5531861489,126.8258981428
청송평화아파트,115900108,16882,37.5352210016,126.8538280474
마곡수명산파크3단지.4단지,115900191,16885,37.5517452299,126.8252405265
화곡보람3차아파트,115900107,16887,37.5363953179,126.8583824999
로미오이발클럽,115900106,16888,37.5361571618,126.8531190695
푸르지오APT,115900105,16890,37.5418579682,126.8311221371
염동초교.염창보람더하임아파트,115000614,16891,37.5520575345,126.8704365479
에이엔케슬,115900104,16892,37.5372263113,126.8593609075
염동초교.염창보람더하임아파트,115000613,16893,37.5522739597,126.870605926
화곡유치원,115900103,16894,37.544243872,126.8462317879
나이아가라.골든서울호텔,115000612,16895,37.5488578739,126.8778401388
한광고,115900102,16896,37.5378900911,126.8586511192
수정빌딩,115900101,16897,37.5456801149,126.8476445823
마곡수명산파크7단지정문,115900100,16898,37.5479699462,126.8242285136
서울신정고등학교,115900099,16899,37.5374602675,126.8574726323
SK브로드밴드강서방송,115900098,16900,37.5475872477,126.8491829775
나이아가라.골든서울호텔,115000611,16902,37.5491259759,126.877893454
골목시장,115900144,16903,37.5484752506,126.850224658
서울자동차학원,115900192,16905,37.5469045098,126.8215963672
강서대학교,115900143,16907,37.5494011485,126.85131269
백연공원,115900278,16908,37.550627,126.852199
강서구청후문,115900142,16910,37.5504558566,126.8502252218
화곡보람2차아파트,115900280,16911,37.553885432,126.8540264306
화곡6동주민센터,115900141,16912,37.5515729471,126.850726634
본동사무소,115900140,16914,37.5428084269,126.8477220074
황제참치,115900139,16915,37.5527741489,126.8514757606
청과시장2,115900137,16917,37.551853645,126.8212167365
콘티넨탈호텔,115900183,16918,37.5540907066,126.8522416609
강서면허시험장,115900205,16920,37.5495010493,126.8191068363
등촌역1번출구,115900281,16921,37.5521998321,126.8628059244
발산역3번출구,115900135,16922,37.5592460652,126.8386304653
마곡수명산파크7단지상가,115900134,16923,37.547383,126.821878
마곡수명산파크7단지정문,115900132,16925,37.5478510746,126.8242774574
수명중.고등학교,115900131,16927,37.5500676051,126.8241692626
기업은행,115900130,16928,37.5660884052,126.8408606746
마곡수명산파크5단지.6단지,115900194,16929,37.551408453,126.8253974999
김포공항국내선(11-2번홈),115507770,16930,37.5599570433,126.8027048253
마곡수명산파크상가,115900129,16931,37.5533409393,126.8261989751
2.8공원,115900128,16932,37.5707078403,126.8378902625
마곡수명산파크5단지아파트,115900127,16933,37.5534721595,126.8281310522
김포공항국내선(11-3번홈),115507760,16934,37.5600161723,126.8026139532
수명산파크1단지아파트앞,115900126,16935,37.5532575299,126.8297393667
수명산근린공원,115900125,16937,37.5515705602,126.8309080194
발산초등학교,115900193,16939,37.5496273238,126.8318357277
2.8공원,115900213,16940,37.5707472783,126.8377373459
화곡중.고등학교,115900124,16941,37.5478756223,126.8331241842
송화벽화시장,115900195,16943,37.5478714943,126.8353186306
우장산월드메르디앙아파트,115900200,16946,37.5546252214,126.8379443491
내발산복합복지센터,115900199,16948,37.5544705711,126.8395111456
롯데1차,115900121,16950,37.5543709679,126.8404847373
김포공항국제선(1경기),115507730,16951,37.5652767853,126.8013316631
발산어린이집,115900163,16952,37.5542696867,126.8415567994
강서구민회관,115900161,16954,37.5528837238,126.8442047794
방화3동주민센터,115900160,16955,37.578386307,126.8136547657
롯데3차APT,115900159,16956,37.5527406972,126.8464573797
방화동삼익아파트,115900158,16957,37.5768069244,126.8132284757
공영주차장,115900157,16958,37.5531867241,126.8478384134
강서구청입구,115900156,16960,37.553128,126.849806
서광아파트,115900155,16961,37.5788326481,126.8196509419
생태공원,115900204,16962,37.5834824238,126.8185765185
등촌7단지,115900154,16963,37.561277084,126.8531999292
등촌10단지,115900153,16964,37.5615336843,126.8486443616
등촌미주.진로아파트,115900152,16965,37.5599069591,126.8477466451
등촌3동성당사거리,115900171,16966,37.5589634783,126.8456364312
등촌5단지,115900151,16967,37.5591423356,126.8439155633
원당근린공원앞,115900189,16968,37.5593503403,126.8417735551
발산역.NC백화점,115900190,16969,37.5597454044,126.8394594755
동우아트빌,115900150,16970,37.5365679159,126.8560740901
태창아파트,115900149,16971,37.5377535138,126.8507879488
김포공항역3번출구,115000948,16972,37.562537698,126.801792135
강서농수산물도매시장,115900201,16975,37.553498,126.818103
강서농수산물도매시장종점,115900148,16976,37.5545167694,126.8226727076
등촌동주공9단지,115900172,16977,37.5629182758,126.8497520174
등촌주공9단지,115900173,16978,37.5627349056,126.8499826351
등촌동주공8단지,115900174,16979,37.5621012565,126.8513904609
국립항공박물관,115000580,16983,37.5563306325,126.8076813957
등촌주공8단지,115900147,16986,37.5616236673,126.852100007
대한항공화물청사,115000574,16987,37.5514321709,126.8132205142
대한항공훈련센터,115000573,16988,37.5462877526,126.8131745021
김포공항화물청사,115000572,16992,37.5534204714,126.8112608986
김포공항세관.국립항공박물관,115000571,16993,37.5556608484,126.8080679474
강원슈퍼,115900146,16994,37.5355160159,126.8570263026
대한항공,115000568,16995,37.5507341466,126.8145690738
대한항공.메이필드호텔,115000563,16996,37.5495780042,126.8168535705
김포공항국제선,115000562,16997,37.564885922,126.800809711
신도림역,116000001,17001,37.5096755487,126.8892229203
신도림역,116000002,17002,37.509108047,126.8884638807
신도림동.구로역,116000003,17003,37.5060021376,126.8839791469
신도림동.구로역,116000004,17004,37.5053435935,126.883227988
구일역.중앙유통상가,116000005,17005,37.4998806283,126.8746997523
구일역.제일제당,116000006,17006,37.499702506,126.8745360708
동양미래대학.구로성심병원,116000007,17007,37.4996343963,126.8679976691
동양미래대학.구로성심병원,116000008,17008,37.4993764843,126.8670186731
개봉역.영화아파트,116000009,17009,37.496906783,126.8601789687
개봉역.한마을아파트,116000010,17010,37.4964773551,126.8620566339
경인중학교.개봉사거리,116000011,17011,37.4973830961,126.8554228318
경인중학교.개봉사거리,116000012,17012,37.4971710251,126.8551315518
구로디지털단지역,116000013,17013,37.4830994287,126.9015481288
신도림역,116000015,17101,37.5065457613,126.8921156954
신도림역,116000016,17102,37.5070158798,126.8915707873
서울미래초등학교,116000017,17103,37.505102,126.889452
서울미래초등학교,116000018,17104,37.505305,126.889449
한국SGI,116000019,17105,37.5024770437,126.889782059
거리공원.구로신협본점앞,116000020,17106,37.502779976,126.8885488917
거리공원,116000021,17107,37.4999741464,126.8918354857
구로도서관.대성스카이렉스,116000022,17108,37.4995635433,126.8910758305
구로고등학교,116000023,17109,37.4965681073,126.8915774772
영림중학교,116000024,17110,37.4969140891,126.8916231394
구로구청,116000025,17111,37.4945619511,126.8879268367
구로구청,116000026,17112,37.4947508763,126.8876042378
고대구로병원후문,116000027,17113,37.4932322453,126.8845657252
대림역,116000028,17114,37.4909457511,126.8939771601
대림역,116000029,17115,37.491137055,126.8937987946
영서중학교,116000030,17116,37.4898314022,126.8922034695
영서중학교,116000031,17117,37.4902009359,126.8923358014
구로두산아파트,116000032,17118,37.488807,126.890072
구로종합사회복지관,116000033,17119,37.487893,126.889168
남구로역2번출구,116000034,17120,37.485278,126.886787
남구로역5번출구.구로4동자치회관,116000035,17121,37.48531,126.886453
지밸리비즈플라자.이마트구로점,116000036,17122,37.4841410978,126.8967540585
고용노동부관악지청.이마트구로점,116000037,17123,37.4836510446,126.8980497122
디지털산업1단지,116000038,17124,37.4838512637,126.8950386925
디지털산업1단지,116000039,17125,37.4839658982,126.8947643486
하이엔드1차·보건지소·치매센터,116000040,17126,37.4817477698,126.8929302011
지하이시티·보건지소·치매센터,116000041,17127,37.4816976566,126.8926352264
디지털단지오거리,116000042,17128,37.4800217989,126.8908838882
디지털단지오거리,116000043,17129,37.479933,126.890398
퀸즈빌,116000044,17130,37.487516,126.833311
가리봉시장,116000045,17131,37.4830082864,126.8871282217
가리봉시장,116000046,17132,37.4824285977,126.8869928718
남구로역3번출구,116000047,17133,37.48418,126.886268
남구로역,116000048,17134,37.4860984011,126.8856450789
구로시장,116000049,17135,37.4879909258,126.884862123
구로시장,116000050,17136,37.48798,126.88461
구로4동우체국.고대구로병원정문,116000051,17137,37.4902484188,126.8842398696
구로4동우체국.고대구로병원정문,116000052,17138,37.4899022236,126.8840651203
구로119안전센터,116000053,17139,37.4937842571,126.8832312859
구로119안전센터,116000054,17140,37.4938362491,126.8829563911
우리유앤미아파트,116000055,17141,37.4967741772,126.8823840611
구로변전소.구로초등학교,116000056,17142,37.4977886895,126.8840766793
구로2동성당,116000057,17143,37.4995738531,126.8823344295
구로역·NC신구로점,116000058,17144,37.5000384326,126.8828494432
구로역·NC신구로점,116000059,17145,37.5008460428,126.88258057
구로역.구로기계공구상가,116000060,17146,37.5035680895,126.8793093405
구로역.구로기계공구상가,116000061,17147,37.5034172875,126.8789985402
기업은행구로중앙지점,116000062,17148,37.5051655805,126.8774020097
기업은행구로중앙지점,116000063,17149,37.5048734598,126.8772441351
두암빌라,116000619,17150,37.4950860911,126.8257158995
항동우남퍼스트빌,116900306,17151,37.476616334,126.8190130591
신도림중학교,116000066,17152,37.5064944251,126.8849526908
신도림중학교,116000067,17153,37.506772,126.884705
구로역,116000068,17154,37.50455,126.882277
구로역,116000069,17155,37.5048451046,126.8821395273
초롱타운회전교차로,116000618,17156,37.4957030464,126.8798378767
솔길공원,116000616,17157,37.4892906662,126.8803654599
GS25,116000617,17158,37.4928832739,126.8802099004
한일유앤아이아파트,117000928,17159,37.4856462135,126.8760349245
항동우남퍼스트빌,116000627,17160,37.4766823207,126.8187528849
구로SKV1지식산업센터,116000645,17161,37.4776891435,126.8171864748
구로SKV1.제일풍경채포레스트,116000649,17162,37.4775798985,126.817092711
하늘도서관,116000654,17163,37.486117,126.880881
개봉사거리,116000078,17164,37.4971447123,126.8572965027
경인중학교,116000080,17166,37.496895371,126.8563001796
개봉치안센터,116000082,17168,37.4981960239,126.8518576272
오류1동주민센터.오류문화센터,116000083,17169,37.4968379665,126.8461421452
오류1동주민센터.오류문화센터,116000084,17170,37.4965314426,126.844651036
오류동역,116000085,17171,37.4956918469,126.8433601337
씨티월드,116000087,17173,37.4944628984,126.8406826769
오류지구대.텃골,116000088,17174,37.4942645442,126.8394647757
서울가든빌라앞,116000089,17175,37.4912029363,126.8311075695
서울가든빌라앞,116000090,17176,37.4915630038,126.8316708345
성공회대학교.유한공고앞,116000091,17177,37.4894469463,126.8250439465
소공원사거리.영풍마드레빌아파트,116000647,17178,37.4911309317,126.8395380549
연세중앙교회,116000093,17179,37.4931082751,126.8354231175
궁동청소년문화의집,116000094,17180,37.4933235239,126.8328204225
궁동청소년문화의집.구로검사소,116000095,17181,37.493133206,126.8336321895
우신중고등학교,116000096,17182,37.4933,126.830847
우신중고등학교,116000097,17183,37.4930633974,126.8304506092
온수역,116000098,17184,37.492802,126.82376
온수역,116000099,17185,37.492777021,126.8244009171
온수동새마을금고,116000100,17186,37.4960559471,126.8243871935
정진학교.온수힐스테이트아파트,116000101,17187,37.4969745872,126.8221461174
수궁동주민센터,116000102,17188,37.494651,126.830866
수궁동주민센터,116000103,17189,37.4943591334,126.8308533319
수궁119안전센터,116000104,17190,37.496815,126.829596
수궁119안전센터,116000105,17191,37.4967842434,126.8293338512
예림디자인고.오류고.서울공연예술고,116000106,17192,37.498605,126.829242
예림디자인고.오류고.서울공연예술고,116000107,17193,37.4984,126.82904
서서울생활과학고.궁동도서관,116000108,17194,37.5028393881,126.8289709829
서서울생활과학고.궁동도서관,116000177,17195,37.5022044887,126.8291844801
오남중학교.삼미주택,116000605,17196,37.4885327485,126.8367978524
오남중학교,116000606,17197,37.4881037428,126.8371570428
구로2동지하차도입구,116000652,17198,37.4901970753,126.8812544782
구로우체국.이펜하우스5단지후문,116000111,17201,37.48194555,126.8422808239
천왕역4번출구,116900276,17202,37.4859413996,126.8393714866
오류2동주민센터,116000113,17203,37.4886434308,126.8397819774
오류2동주민센터,116000114,17204,37.488887,126.839681
오류2동새마을금고,116000115,17205,37.4905229687,126.8406511512
오류2동새마을금고,116000116,17206,37.4906222096,126.8405721054
대원주유소,116000117,17207,37.4869343975,126.8565297879
대원주유소,116000118,17208,37.4873583985,126.8561852068
현대아파트.개봉중앙시장,116000119,17209,37.4907570595,126.8561310188
현대아파트.개봉중앙시장,116000120,17210,37.4905337369,126.8558657202
덕의초등학교,116000121,17211,37.5063377311,126.8594403333
덕의초등학교,116000122,17212,37.5061580205,126.858358201
고척근린공원,116000123,17213,37.5047224619,126.8552979346
고척근린공원.고척도서관,116000124,17214,37.5046337292,126.854469381
세곡초등학교,116000125,17215,37.5026683511,126.8498423009
세곡초등학교,116000126,17216,37.5031820473,126.8506070009
개봉푸르지오아파트,116000127,17217,37.5021368312,126.8478312344
개봉푸르지오아파트,116000128,17218,37.5019938418,126.8480532092
고척근린시장,116000129,17219,37.5011232856,126.8508090334
용두연립,116000130,17220,37.4990015306,126.8517949619
우리유엔미아파트,116000622,17221,37.497215043,126.8826343167
구로2동성당,116000621,17222,37.4998375728,126.8825792166
고척파크푸르지오아파트,116000133,17223,37.5075421206,126.8593137054
매봉초등학교,116000656,17224,37.50415,126.845109
고척시장,116000134,17225,37.5038511025,126.8619416162
고척시장,116000135,17226,37.5031371138,126.8619909959
고척중학교,116000136,17227,37.5004655551,126.8638647293
고척중학교,116000137,17228,37.5009671461,126.8632418182
구로디지털단지역,116000138,17229,37.4834896886,126.9016459933
삼부르네상스.효성아파트,116000139,17230,37.4787444391,126.8946360021
구일우성아파트,116000140,17231,37.4894975873,126.875700839
구일우성아파트,116000141,17232,37.49013,126.875812
개봉역,116000142,17233,37.4939788787,126.8567241653
개봉역,116000143,17234,37.4934843485,126.8575703808
개봉1동사거리.개봉푸르지오아파트,116000144,17235,37.5014132308,126.8467946502
개봉1동사거리.호반써밋개봉,116000145,17236,37.5004695107,126.8469150982
구로1동우체국,116000146,17237,37.4915682929,126.8745025992
구일우성아파트,116000147,17238,37.4887147629,126.8762607392
디지털단지입구,116000148,17239,37.4864236935,126.8764578415
구로보건소,116000149,17240,37.5002307166,126.8891718481
궁동삼거리,116000453,17241,37.5064013211,126.8284511846
구일우성아파트,116000151,17242,37.4897430284,126.8758256916
개봉역,116000609,17243,37.4934472423,126.8570002311
웰크론,116000650,17244,37.4829060991,126.8938547373
남구로역2번출구,116000153,17245,37.4849321706,126.8873712478
개봉고가,116000612,17246,37.493656008,126.8555849791
구로남초등학교,116000155,17247,37.4839895253,126.891010543
연세중앙교회,116000156,17248,37.4933027885,126.8359813615
가리봉파출소,116000648,17249,37.4792463871,126.8917410052
동양빌라,116000157,17251,37.4951898369,126.8315970998
남구로역6번출구,116000158,17252,37.4877324957,126.8885673801
궁동입구,116000159,17253,37.4934389034,126.8340799962
신도림현대아파트,116000160,17254,37.504635,126.886618
롯데아파트,116000161,17255,37.502823088,126.8847254607
구로역1번출구.NC신구로점,116000162,17256,37.501827,126.882557
롯데아파트,116000163,17257,37.5027211681,126.8847503711
제중요양병원,116000164,17258,37.5036149757,126.8866148382
구로역1번출구,116000586,17259,37.5020712449,126.8827750112
화원복지관.구로중앙하이츠아파트,116000584,17260,37.4982866627,126.8798196011
신동아미래지움아파트,116000585,17261,37.5001207745,126.8803764558
초롱타운아파트,116000596,17262,37.4958292381,126.8800116763
한양수자인아파트앞,116000653,17267,37.478107152,126.824629467
온수동종점,116000194,17289,37.491642,126.821273
온수동종점,116000195,17290,37.4919683896,126.8212178349
구로구청,116000198,17293,37.4959285478,126.8884812232
대림역3번출구,116000200,17296,37.4935009845,126.8943735141
구로중학교,116000201,17297,37.4930931479,126.8908083287
우신중고등학교후문,116000202,17298,37.4960440674,126.8249030466
동양빌라,116000203,17299,37.4953170918,126.8313006741
궁동입구,116000204,17300,37.4934553153,126.8342168006
동부골든아파트,116000445,17304,37.4987307095,126.8401618889
거성푸르뫼아파트,116000288,17305,37.5003224419,126.8433197716
거성푸르뫼아파트,116000287,17306,37.5006160982,126.8435534104
오류동삼거리,116000448,17307,37.4953703071,126.8408783505
오류동삼거리,116000447,17308,37.495268,126.840776
동부골든.한신플러스타운,116000446,17309,37.4986318974,126.84038262
구로역.신구로자이나인스에비뉴,116000563,17310,37.4998227914,126.8834797536
개봉1동사거리,116000614,17311,37.5012109084,126.8453708568
개봉1동사거리,116000613,17312,37.5010678452,126.8455328891
동부골든아파트후문,116000611,17314,37.50008,126.842311
동부골든아파트후문,116000591,17315,37.4995684704,126.8419150635
항동하버라인3단지,116000633,17359,37.4787466063,126.8229434162
항동하버라인3단지,116000634,17360,37.4791611089,126.8230450799
푸른수목원,116000628,17361,37.4814946582,126.8244378246
항동복합행정센터,116000629,17362,37.47963057,126.8220933898
푸른수목원,116000630,17363,37.4811903562,126.8245517616
항동복합행정센터,116000631,17364,37.4795204776,126.8222801975
푸른수목원후문.저수지앞,116000296,17365,37.4842895838,126.8224245449
매화빌라,116000305,17366,37.4766543306,126.8231546765
그린빌라정문,116900208,17367,37.4860432475,126.8234321788
매화빌라,116000304,17368,37.4767123949,126.8233185065
푸른수목원후문.저수지앞,116000297,17369,37.4837822633,126.8222927163
항동중흥S클래스,116000638,17370,37.4810835927,126.8216009197
항동하버라인2단지,116000637,17371,37.4812765042,126.8216570282
디지털단지오거리,116000635,17389,37.4801153252,126.8887534687
연지타운2단지,116000598,17397,37.4837306939,126.8408329321
연지타운2단지,116000597,17399,37.4838000329,126.8412297964
원각사입구,116000624,17400,37.500556585,126.829525707
삼각공원,118000603,17401,37.5018533676,126.892519811
고척고교.한일유앤아이.삼익아파트,116900257,17404,37.5082359497,126.8524610449
삼덕마을입구,116900258,17405,37.5074796322,126.8500803806
삼덕마을입구,116900259,17406,37.5073408903,126.8501021495
그랜드아파트.홍진연립,116900260,17407,37.5080832696,126.8479514122
그랜드아파트.홍진연립,116900261,17408,37.5079066695,126.8479004502
오류중학교,116900262,17409,37.5079749478,126.8469113077
연지마을,116000583,17410,37.4827630327,126.8422699115
경남아너스빌아파트,116000646,17456,37.4908457534,126.8394522242
서울남부교정시설,116900268,17457,37.476880812,126.8397337562
오류남초등학교후문,116900264,17458,37.4893156441,126.8371911609
서울남부교정시설입구,116900265,17459,37.4767954359,126.8416444106
천왕이펜하우스6단지후문,116000593,17460,37.4772612987,126.8419539928
미래여성병원,116900263,17461,37.4912852444,126.8402025104
동부그린아파트,116900266,17462,37.4900476268,126.8322991004
오류동푸르지오아파트.송기산내과의원,116900267,17463,37.4912984558,126.8415590556
1호선구일역,116900255,17464,37.4954759601,126.8722335954
SK허브수.한신아파트,116900256,17465,37.4954827267,126.8733862133
그린빌라정문,116900246,17468,37.4858461022,126.8234378684
경서농협앞,116900248,17469,37.5026744371,126.8639481068
고척고교.한일유앤아이.삼익아파트,116900247,17470,37.5080362968,126.8526426081
개봉소공원.호반써밋개봉아파트,116900245,17471,37.5003117758,126.8468826207
구로디지털단지역,116900093,17472,37.4844843828,126.9014954263
천왕역3번출구,116900242,17473,37.4871929928,126.8386190723
대림역4번출구,116900094,17474,37.4944080607,126.8941899471
동아1차아파트105동,116900095,17475,37.5100830194,126.882003406
오류동역.시장입구,116900096,17476,37.4934669594,126.843811445
개봉한진아파트.기점,116900106,17477,37.4860467262,126.8520772506
개봉역,116900107,17478,37.4951118049,126.8586855509
개봉역,116900097,17479,37.495033642,126.8581281453
구.사조참치,116900098,17481,37.4831747617,126.9000463797
신도림중학교,116900091,17483,37.5106973286,126.8844435798
개봉사거리,116900238,17484,37.4974414153,126.8559170573
우리은행앞,116900110,17485,37.4922658527,126.8434599895
123전자타운.2001아울렛,116900099,17486,37.4970967423,126.8623393681
개봉3동주민센터,116900100,17488,37.4861608749,126.8540163564
국민은행.구로구민회관.구로아트밸리,116900101,17489,37.4958206432,126.8896835849
1호선구일역,116000651,17490,37.4953053758,126.8722280634
용두연립,116900092,17491,37.4987991162,126.8520611459
남부종합상가,116900103,17492,37.4916654326,126.8424808884
고척공구상가,116900104,17493,37.4985058366,126.8606650829
개봉전화국,116900105,17494,37.4863577406,126.8560065996
세븐일레븐편의점,116900090,17497,37.4916515773,126.8557099187
대림6차.태영프라자,116900088,17499,37.5062518631,126.8831869844
고척초등학교,116900086,17501,37.4996410325,126.8580364886
개봉1동주민센터,116900085,17502,37.5003864446,126.851015214
보람아파트,116900084,17503,37.4862853517,126.8968737126
개봉역.림괄아파트,116900281,17504,37.4938820371,126.8586839524
덕의초등학교.고척동성당,116900294,17505,37.5056424974,126.8576518404
이마트,116900083,17506,37.4915710921,126.8540092198
구로고대병원정문,116900082,17507,37.492350833,126.8834653518
대림5차아파트.신도림주민센터,116900215,17508,37.5074485074,126.8813606125
세곡초등학교,116900081,17509,37.5027164013,126.8493637685
새마을금고사거리,116900079,17511,37.501699289,126.8590429861
삼환로즈빌아파트,116900078,17512,37.4988849269,126.8567826449
낙원할인마트,116900077,17513,37.4999783857,126.8495365977
오류고등학교.수궁동복지회관,116900076,17514,37.4987611751,126.828651886
경북슈퍼마켓,116000620,17515,37.4881783244,126.856838177
오류동삼거리,116900311,17516,37.4956760571,126.8404273128
대림5차아파트702동,116900213,17517,37.5076585727,126.879686208
서울가든아파트,116900073,17520,37.5010736844,126.8603584192
성화단지앞,116900072,17521,37.5004598987,126.8557461282
현대별장맨션타운4차.덕성교회,116900070,17524,37.498153468,126.8265496413
구로2동지하차도입구,116900068,17526,37.4901642749,126.8811730911
대림3차아파트,116900067,17527,37.5068806092,126.8784997827
고척1동주민센터.한효아파트,116900065,17529,37.5007747419,126.8620826591
대우아파트,116900064,17530,37.5023562812,126.8561270364
개봉1치안센터,116900230,17532,37.5033774485,126.8469792868
우신중고후문,116900062,17533,37.4960073153,126.8255107353
항동중학교,116900308,17534,37.4832367515,126.8220254808
항동중학교,116900307,17535,37.4827584773,126.8215347891
한일유엔아이APT.현대로얄APT,116900060,17536,37.4859901255,126.8765437603
신도림미성아파트,116900216,17537,37.5060035465,126.8764810511
금강수목원아파트정문.동도아트빌,116900059,17539,37.489296446,126.8324990347
청구아파트후문,116900058,17540,37.501145848,126.8635070759
경남아파트앞,116900057,17541,37.5039155326,126.8564113368
삼원목욕탕,116900231,17543,37.5047237058,126.8462944948
온수초교후문,116900055,17544,37.4943446088,126.8247851552
월드아파트,116900052,17547,37.5053880289,126.8768478866
서해그랑블아파트.금강수목원아파트후문,116900051,17549,37.4883202706,126.8309460994
고척시장,116900050,17550,37.5031035319,126.8623769754
양우아파트,116900049,17551,37.5048737044,126.8559186097
경북슈퍼마켓,116900235,17552,37.4881090525,126.8569162913
오류중학교,116900232,17554,37.5064968072,126.8454006743
온수역,116900047,17555,37.4929546615,126.8250914854
센츄리아파트,116900043,17558,37.5049657103,126.861266221
고척2동주민센터.고척지구대,116900042,17559,37.5066044971,126.8585085869
철산교앞,116900041,17560,37.4880930845,126.8594179846
우신중고후문,116900038,17563,37.4958721554,126.8255144427
오류동교회,116900036,17566,37.4967301913,126.8396347971
리가아파트,116900035,17568,37.5060594811,126.8608037353
덕의공원,116900034,17569,37.5068789765,126.8557620049
현대IPARK후문,116900033,17570,37.488916585,126.8600859026
건강약국,116900032,17572,37.502795896,126.8446459743
현대별장맨션타운4차.덕성교회,116900031,17573,37.4981049614,126.8266538041
항아리,116900220,17575,37.498675859,126.8864311689
한일유앤아이아파트,117900141,17576,37.4856182438,126.8759503543
럭비구장,116900029,17577,37.4912788599,126.8269979954
세양청마루아파트,116900228,17578,37.5067232768,126.8623952149
진성아파트,116900028,17579,37.5070726009,126.8550887704
현대IPARK정문,116900027,17580,37.4910441607,126.8609086066
개봉전화국,116900026,17581,37.486443343,126.8560120887
개봉중학교,116900025,17582,37.5022999322,126.8429598212
오류중학교,116900024,17583,37.5064984287,126.8452626754
오류고등학교.수궁동복지회관,116900023,17584,37.4986707024,126.8284021432
온수역,116900020,17588,37.4920372556,126.8238225007
경남1차.중앙하이츠아파트,116900226,17589,37.5053633498,126.8630129852
구민체육센터후문,116900019,17590,37.5075268453,126.8539611844
현대2차APT,116900018,17591,37.4918808558,126.8605440388
개봉3동주민센터,116900017,17592,37.4862735028,126.8540082216
건강약국,116900016,17593,37.5026653155,126.8447061907
삼원목욕탕,116900015,17594,37.5047100465,126.8461848075
거성아파트,116900014,17596,37.4898606654,126.8507701923
GS25.한신아파트,116900013,17597,37.4957338159,126.8740426758
구로고.구로도서관,116900012,17598,37.4985698798,126.8908027614
천왕역1번출구,116000565,17600,37.4857661404,126.839174728
오류동역2번출구,116900277,17601,37.4936291139,126.8437913183
미래빌라,116900278,17602,37.4927076915,126.841989635
우림필유아파트,116900279,17603,37.4942450511,126.8471890485
동부에이스,116900280,17604,37.4949027142,126.8497169806
개봉푸르지오후문,116900282,17605,37.5001701123,126.8491644859
개봉푸르지오정문,116900283,17609,37.5010457523,126.8487500846
개봉1동사거리,116900284,17610,37.5014161085,126.8455449816
신도림역.아이파크아파트,116900285,17612,37.5106073682,126.8884580806
동아2차아파트상가,116900286,17613,37.5086078017,126.8867871382
동진빌라.오정초등학교,116900011,17615,37.4906689295,126.8253388224
마젤란아파트.예인학원앞,116900227,17617,37.5044086255,126.86329633
개봉한진아파트.기점,116900010,17619,37.486149449,126.8520747864
정도주택,116900291,17620,37.4941055704,126.8516946619
신세기아파트,116900292,17621,37.4939095368,126.8534477948
브라운스톤,116900287,17622,37.4908930422,126.853145557
개웅어린이공원,116900288,17623,37.4899561133,126.8532406776
거성슈퍼,116900289,17624,37.4899576833,126.8526922638
대림그린빌라,116900290,17625,37.4899621316,126.8518549807
에덴맨션,116900293,17626,37.49271774,126.851471249
구로보건소.금호새솔아파트,116000233,17629,37.5003559042,126.8905654986
구로공구상가,116000235,17631,37.5047168446,126.8774140543
한화비즈메트로,116900295,17632,37.4806468628,126.8935677367
한국산업기술시험원.디지털탑프라자,116900296,17633,37.4816125117,126.8973623264
구로디지털단지우체국,116900297,17634,37.482986979,126.898151636
JNK디지털타워,116900298,17635,37.4820919266,126.8974691724
에이스하이엔드타워2차.G밸리산업박물관,116900299,17636,37.4808110245,126.8957891455
대륭포스트타워8차,116900300,17637,37.480603,126.894584
에이스하이엔드타워1차,116900301,17638,37.4812229151,126.8929111643
천왕이펜하우스6단지후문,116000581,17647,37.4779067636,126.8427844029
천왕이펜하우스6단지후문,116000580,17648,37.4782066848,126.8426740981
연지타운2단지,116900274,17650,37.4819347512,126.8448667042
연지타운2단지,116900275,17651,37.482105537,126.8452304506
남부교도소,116000573,17652,37.4764324674,126.840700296
남부교도소,116000572,17653,37.4762796029,126.8409403196
지타워.G밸리산업박물관,116900313,17655,37.4805579915,126.894941545
작은굴다리,116900009,17673,37.5029616981,126.8455401063
개봉1치안센터,116900233,17675,37.5032887727,126.8466955709
하이츠.영화.우방.한국현대,116900008,17677,37.4968524879,126.8748540294
영림중학교,116900007,17678,37.4976740286,126.8915080266
유한공고.성공회대앞,116900006,17682,37.4884799619,126.8246023937
우성꿈동산.산업인아파트,116900005,17684,37.5035347914,126.8636135714
거성푸르뫼아파트입구,116900004,17686,37.5013221734,126.8463908198
삼성그린빌라,116900003,17689,37.4904850642,126.8516794789
SK허브수.구로우성APT,116900002,17690,37.4956839983,126.8738018673
구로구민회관,116900001,17694,37.4962991173,126.8905572831
KEB하나은행,116900273,17695,37.4844929907,126.8957736653
동삼빌라,116000592,17697,37.4872651448,126.8239106044
천왕이펜하우스2단지,116000568,17700,37.4856524684,126.8379747224
구로우체국.이펜하우스3단지후문,116000579,17701,37.4818958135,126.8421452538
금강수목원아파트,116000590,17704,37.4892937423,126.8343982965
덕성빌라,116900212,17706,37.4911148827,126.8516375218
현대상선.구일중학교,116900211,17707,37.4953252995,126.8745918696
구로구청,116900210,17708,37.4946872845,126.8891800402
오류동교회,116900209,17709,37.4969772246,126.8397315321
한일한의원,116900207,17711,37.5019399059,126.8644523136
항동하버라인10단지,116000632,17712,37.4797625072,126.8256919615
굴다리.호반써밋개봉아파트,116900234,17713,37.4993066553,126.8472760003
항동제일풍경채,116900312,17715,37.4758934433,126.8168720063
선경아트빌라,116900206,17716,37.4920015162,126.8515320329
구로중학교,116900222,17717,37.4932861016,126.8901809694
항동생활체육관,116900310,17718,37.4773996567,126.822706461
디지털단지오거리,116000444,17723,37.4799956176,126.8908071842
디지털1단지,116000441,17725,37.4837488039,126.8948983529
포포인츠바이쉐라톤서울구로,116000440,17726,37.4835182533,126.89918654
포포인츠바이쉐라톤서울구로,116000439,17727,37.4833030198,126.8992002295
유풍약국,116900204,17728,37.5012731714,126.8653108421
구민체육관후문,116900203,17729,37.5074094044,126.8537204834
개봉교입구,116900202,17730,37.4859598389,126.856147179
크로바마트,116900200,17733,37.4935475792,126.8514133118
동구로새마을금고,116900223,17734,37.4911085369,126.8921564037
동양미래대학교.구로성심병원,116900198,17737,37.500294065,126.8664492745
진성아파트,116900197,17738,37.5069198246,126.8549532265
대원카센터,116900196,17739,37.4851235277,126.854604124
낙원할인마트,116900195,17740,37.4998367818,126.8496002799
개봉사거리,116900194,17741,37.4971205133,126.8558271962
구로주공APT,116900192,17743,37.4915573877,126.8759201764
구로시장.남구로시장,116900191,17744,37.4892915192,126.8909461726
푸른수목원후문,116900189,17746,37.4842022996,126.8225267529
청구아파트.동아한신아파트,116900188,17747,37.500508084,126.8644775225
덕의공원,116900187,17748,37.5065732115,126.8559436211
한진APT후문,116900186,17749,37.4838124632,126.853907849
개봉1동주민센터,116900185,17750,37.5003180166,126.8510594597
롯데시티호텔구로,116000603,17751,37.4850904855,126.8979936634
롯데시티호텔구로,116000604,17752,37.4854004746,126.8970039008
구일우성아파트,116900183,17772,37.4899012173,126.8758107584
구로3동주민센터.삼성래미안아파트,116900182,17773,37.4874106408,126.8905108892
신도림역,116000576,17775,37.5085478746,126.887720324
고척1동주민센터.한효아파트,116900180,17792,37.5008337327,126.8624422171
금강수목원아파트,116000589,17801,37.4894582587,126.834457297
항동하버라인4단지,116000639,17802,37.4819037911,126.8254007227
고척2동주민센터.고척지구대,116900179,17803,37.5064024799,126.8585760434
별장쉐르빌앞,116000640,17804,37.487055,126.832939
덕일전자공업고등학교,116000641,17806,37.4898476996,126.8375264019
개명초교,116900178,17807,37.482280857,126.852674925
푸른수목원.항동하버라인4단지,116000643,17808,37.4827177694,126.825955666
항동하버라인3단지아파트,116000644,17809,37.4797321396,126.8252503196
우성아파트,116000358,17831,37.5115844827,126.8856063291
신도림역,116000361,17834,37.5105577543,126.8897750974
도림천역2번출구,118000606,17835,37.5145732142,126.883116065
구로3파출소,116900175,17838,37.4861491173,126.8916518401
동삼빌라,116900174,17846,37.4871985611,126.8239763483
천왕이펜하우스3단지입구,116900252,17848,37.482418,126.838209
신도림동아3차아파트,116000381,17855,37.5102108312,126.8836884687
구로보건소,116000389,17863,37.5003597239,126.8889643647
서울가든아파트,116900173,17864,37.5011612274,126.8604736214
구로역(NC백화점),116000390,17865,37.4996998999,126.8831338556
구로역(NC백화점),116000391,17866,37.5004801132,126.8829912618
구로구청,116000392,17867,37.4957878963,126.8903214893
구로구청,116000393,17868,37.4958700328,126.8885412507
오류동입구,116000394,17869,37.500478642,126.8469520588
개봉역입구,116000402,17877,37.4912252269,126.8558389494
개봉역입구,116000403,17878,37.4910330573,126.8561510204
개봉교,116000404,17879,37.4876466919,126.8561360285
개봉교,116000405,17880,37.4865803318,126.8565858749
대림역,116000406,17881,37.4933532412,126.894415566
고척사거리.고척파크푸르지오,116900172,17886,37.50682458,126.8596543326
대상APT,116900171,17887,37.4820568521,126.8499684334
구로시장.남구로시장입구,116900170,17888,37.4901745492,126.8815338211
에이스테크노타워,116900169,17889,37.485021781,126.8941494791
구로공구상가,116000417,17897,37.5033556976,126.8795720894
보성운수기종점,116000587,17899,37.4901585853,126.8928277373
새마을금고사거리,116900168,17900,37.5015032543,126.8586282642
양우아파트,116900167,17901,37.5048176486,126.8557648896
영화APT,116900166,17902,37.4824144309,126.8485710025
천왕역,116900251,17903,37.4862992199,126.8386352471
대우자동차정비소,116900165,17904,37.4915421241,126.8821344238
고척초등학교,116900164,17906,37.499467,126.85815
경남아파트,116900163,17907,37.5038737235,126.856354663
남부주유소,116900162,17908,37.4823440417,126.8472688866
신도림역2번출구,116900161,17909,37.5076372392,126.891883808
구로고대병원후문,116900160,17910,37.4934775322,126.8856372215
구로3동현대아파트,116900159,17911,37.4869892353,126.8978497443
공구상가,116900158,17912,37.498625004,126.860117912
대우아파트,116900157,17913,37.5023525197,126.855998104
123전자타운.2001아울렛,116900154,17917,37.497292563,126.861808582
성화단지앞,116900153,17918,37.5005796345,126.855655416
구로디지털단지입구,116900151,17920,37.4829265654,126.9006494039
삼환로즈빌아파트,116900149,17922,37.4987023023,126.8566416342
문성골,116900272,17923,37.4814923556,126.8999954764
에이스테크노타워,116900147,17925,37.4852697727,126.8937835226
구로3파출소,116900145,17927,37.4861834877,126.8917920104
구로3동주민센터.삼성래미안아파트,116900143,17929,37.4873871314,126.8905621992
구로시장.남구로시장,116900141,17931,37.4891691976,126.8911940068
구로구청후문,116900269,17932,37.4960354761,126.8880500392
동구로새마을금고,116900140,17933,37.4914076166,126.8922617076
구로구청,116900139,17935,37.4947318776,126.8894341189
강서수도사업소.민원센터,116900138,17936,37.4960920442,126.8908356291
영림중학교,116900137,17937,37.4976174721,126.8916635467
구로고.구로도서관,116900136,17938,37.4986205714,126.890871533
항아리,116900221,17940,37.4988532421,126.8862917876
미성아파트,116900134,17942,37.5058198494,126.8774688058
대림1.2차아파트,116900133,17943,37.5063468892,126.8782393614
대림5차아파트702동,116900214,17944,37.5074731027,126.8798403389
대림5차아파트.신도림주민센터,116900132,17945,37.5073421413,126.8813245848
대림6차.태영프라자,116900131,17946,37.5062202183,126.8830795784
신도림역,116900130,17947,37.510724,126.890041
현대우성아파트,116900129,17948,37.5117462798,126.8854408047
동아1차아파트102동,116900218,17949,37.510818,126.884131
동아1차아파트105동,116900128,17950,37.5100023717,126.8824062916
1호선구일역,116900126,17954,37.4952173233,126.8722148101
금강수목원아파트정문,116900125,17955,37.4892057882,126.832990173
고척근린시장,116900124,17956,37.5009847732,126.8510128941
구로시장.남구로시장입구,116900219,17958,37.4907661875,126.8838670127
구로주공.구일우성APT,116900123,17959,37.4913781266,126.8759758863
구로1동주민센터.연예인APT,116900122,17960,37.4929561503,126.8761587458
천왕이펜하우스5단지입구,116900249,17961,37.4794432441,126.8421807801
구일고교.구일초등학교,116900121,17962,37.4931929794,126.874764638
구로1동주민센터.연예인APT,116900120,17963,37.4930726409,126.8759945742
구로디지털단지역,116900118,17967,37.4840575744,126.9018279896
구일초등학교.구일고등학교,116900117,17970,37.4932644329,126.8748030066
개봉역,116900239,17971,37.4952658606,126.858658118
개봉역,116900240,17972,37.4950163829,126.8587648964
KEB하나은행,116900116,17974,37.4849571278,126.8958510449
천왕이펜하우스3단지입구,116900250,17975,37.4827070928,126.838419099
천왕역2번출구,116900113,17982,37.4863641705,126.8383395625
천왕이펜하우스4단지,116900112,17984,37.4810441145,126.838628024
천왕이펜하우스6단지,116900111,17985,37.4793763374,126.8406703019
천왕이펜하우스5단지,116000594,17986,37.4798931085,126.8403094283
천왕이펜하우스3.4단지,116000595,17987,37.4812334148,126.838693244
온수남부역,116000459,17989,37.4918431942,126.8242097211
온수남부,116000458,17990,37.4919749011,126.8243078
궁동삼거리,116000451,17997,37.5060968631,126.8279100818
유한공고.성공회대학교,116000449,17999,37.4895452697,126.8247409544
문성초등학교.금천가족문화센터,117000001,18001,37.475363705,126.8986660928
문성초등학교.금천가족문화센터,117000002,18002,37.474034,126.89833
금천우체국,117000003,18003,37.4689782185,126.8980296913
금천우체국,117000004,18004,37.470136,126.898003
말미고개.금천소방서,117000005,18005,37.463603277,126.897553768
말미고개.금천소방서,117000006,18006,37.4648331091,126.8974983974
금천구청.금천경찰서,117000007,18007,37.4592088301,126.8988721519
금천구청.금천경찰서,117000008,18008,37.4578405569,126.8993022307
시흥사거리,117000009,18009,37.4522224011,126.9015701148
시흥사거리,117000010,18010,37.4530892573,126.9011282051
박미삼거리.국립전통예술중고,117000011,18011,37.4478432162,126.9032727409
박미삼거리.국립전통예술중고,117000012,18012,37.449067,126.902663
시흥유통센터,117000013,18013,37.4401933055,126.9036255139
시흥유통센터,117000014,18014,37.4409634671,126.9033730997
한일유앤아이아파트,117000320,18101,37.4854590227,126.8762259351
디지털3단지.롯데이노베이트,117000016,18102,37.484867474,126.8767176309
에이스하이엔드타워5차,117000017,18103,37.4856968409,126.8793253119
디지털3단지.영창실업,117000018,18104,37.4832548561,126.8790776714
디지털3단지운동장,117000019,18105,37.4821627292,126.8778930341
가산디지털단지역9번출구,117000020,18106,37.4812926525,126.8810424482
가산디지털단지역9번출구,117000021,18107,37.4808039116,126.8814807737
디지털3단지.월드벤처센터,117000022,18108,37.4789011065,126.8794436456
디지털3단지.(주)로옴코리아,117000023,18109,37.4796069353,126.8802197911
디지털3단지사거리,117000024,18110,37.4766714335,126.880577117
디지털3단지사거리,117000025,18111,37.4758449905,126.880449538
디지털3단지사거리,117000026,18112,37.4757765035,126.8813405986
금천패션아울렛사거리.마리오,117000027,18113,37.4782633716,126.8883365872
금천패션아울렛사거리.W몰,117000028,18114,37.4776616914,126.8878763257
금천패션아울렛사거리.현대아울렛,117000927,18115,37.4781148494,126.8884894345
디지털단지오거리.가산로입구,117000030,18116,37.4782104216,126.8907157886
디지털단지오거리.가산로입구,117000031,18117,37.4782928619,126.8909707678
가산동우체국,117000032,18118,37.4785564027,126.8934350329
가산초등학교,117000033,18119,37.4782346236,126.895556221
가산동주민센터.금천글로벌센터,117000034,18120,37.4766122299,126.8920986539
가산동주민센터.금천글로벌센터,117000035,18121,37.4762442423,126.8927187826
세일중학교.구립가산도서관,117000036,18122,37.4746216515,126.8938871725
세일중학교.구립가산도서관,117000037,18123,37.4740996738,126.8945662137
독산사거리,117000038,18124,37.4720150736,126.895962451
독산사거리,117000039,18125,37.4717836217,126.8965996871
독산주공13단지,117000040,18126,37.4568440695,126.8876203011
독산1동한신코아,117000041,18127,37.4567130685,126.8882116765
독산주공14단지,117000907,18128,37.4611353257,126.886862144
독산주공14단지,117000906,18129,37.461371633,126.8870890048
독산근린공원,117000044,18130,37.4641790663,126.8844154205
독산근린공원,117000045,18131,37.4645544555,126.884406111
독산동우시장.금천50플러스센터,117000046,18132,37.4665936596,126.895025251
독산동우시장.금천50플러스센터,117000047,18133,37.4664171291,126.8954897932
시흥사거리.시흥대교,117000048,18134,37.454485357,126.8995917841
시흥사거리.금천파출소,117000049,18135,37.4542966797,126.8996880795
벽산아파트1단지.호압사입구,117000050,18136,37.4527573711,126.9207601084
벽산아파트1단지.호압사입구,117000051,18137,37.4530773052,126.9211862504
벽산아파트5단지,117000052,18138,37.4467664432,126.918946809
벽산아파트5단지,117000053,18139,37.4463472934,126.918687341
시흥동은행나무.은행나무시장,117000054,18140,37.4510305202,126.909045481
시흥동은행나무.은행나무시장,117000055,18141,37.450843,126.909058
은행나무입구사거리,117000056,18142,37.4517842218,126.9072078502
은행나무입구사거리,117000057,18143,37.451855,126.906735
독산한신아파트,117000929,18144,37.4569220085,126.889949441
금하마을,117000930,18145,37.454121488,126.891508805
독산고개.금천구가족문화센터,117000060,18146,37.4755154205,126.898464542
독산고개.금천구가족문화센터,117000061,18147,37.4764416088,126.8989324633
독산사거리.한국전력구로금천지사,117000062,18148,37.4720755034,126.8981017909
남문시장.청춘삘딩,117000063,18149,37.47296493,126.8986308908
금천우체국.독산1동주민센터,117000064,18150,37.4701921186,126.8977849964
디지털단지오거리.가산파출소,116000636,18151,37.4798243646,126.8883314379
홈플러스금천점,117000066,18152,37.468925363,126.897692832
시흥사거리,117000074,18160,37.452863,126.900957
문일고입구,117000076,18162,37.451115,126.90173
문일고입구,117000077,18163,37.450803,126.902328
남서울힐스테이트.국립전통예술고,117000078,18164,37.4468088009,126.9033768834
금천폭포공원.천주교시흥성당,117000079,18165,37.4477127549,126.9035170378
박미마을,117000080,18166,37.4413530192,126.903205922
박미마을.금천고등학교,117000081,18167,37.4430092334,126.903941138
기아대교,117000082,18168,37.4394878782,126.9029828892
시흥3동주민센터,117000083,18169,37.4401670279,126.9036271602
석수역,117000084,18170,37.4355241561,126.9033111984
백산초.금천청소년문화의집,117000085,18171,37.4487629236,126.9039779583
백산초.금천청소년문화의집,117000086,18172,37.4487264597,126.9043011183
은행나무입구사거리,117000087,18173,37.4511117717,126.9057879216
은행나무입구사거리,117000088,18174,37.4514263505,126.9059900996
경남아파트,117000089,18175,37.4536154301,126.9062606441
시흥초등학교.금천구보훈회관,117000090,18176,37.4545675549,126.9058231484
시흥초등학교.금천구보훈회관,117000091,18177,37.4553525174,126.905944241
동산교회앞,117000092,18178,37.4573470454,126.9052838667
동산교회앞,117000093,18179,37.457026515,126.9056143381
현대시장.시흥4동주민센터,117000094,18180,37.4596021512,126.9048243385
현대시장.시흥4동주민센터,117000095,18181,37.4592401831,126.9051695693
남부여성발전센터,117000096,18182,37.46245548,126.904105597
남부여성발전센터,117000097,18183,37.4624573826,126.9043527136
독산동정훈단지,117000098,18184,37.4655263109,126.9021319938
독산동정훈단지,117000099,18185,37.464452239,126.9030060331
금천평생학습관.독산초등학교,117000100,18186,37.4665939751,126.8994091824
금천평생학습관.독산초등학교,117000101,18187,37.466401,126.899878
독산4동주민센터,117000102,18188,37.4675797473,126.9020379059
독산동성당앞,117000103,18189,37.4689156821,126.9022258423
독산동성당앞,117000104,18190,37.4697072815,126.9027437373
독산동쌈지공원,117000105,18191,37.4712654618,126.9029463536
독산동쌈지공원,117000106,18192,37.471408536,126.9031982668
독산3동주민센터,117000107,18193,37.4753270832,126.9033549166
독산3동주민센터,117000108,18194,37.4758229255,126.9036414631
모두의학교.금천문화예술정보학교,117000109,18195,37.4788389714,126.9036963865
모두의학교.금천문화예술정보학교,117000110,18196,37.4786589447,126.9039351937
모두의학교.금천문화예술정보학교,117000111,18197,37.4799497631,126.9055934267
관악구보훈회관.신림푸르지오,117000112,18198,37.4806395906,126.9091389897
독산고등학교,117000113,18199,37.4773256419,126.9114634643
독산고등학교,117000114,18200,37.4771297022,126.9115032647
금천진로진학지원센터독산센터,117000115,18201,37.4767659875,126.9071878356
금천진로진학지원센터독산센터,117000116,18202,37.4765368492,126.9073310231
금천우체국.독산1동주민센터,117000117,18203,37.4697576129,126.8972649852
진도아파트,117000118,18204,37.4704156228,126.8924286434
수출의다리.퍼블릭가산,117000119,18205,37.4745287985,126.8860924252
금천구노동자종합지원센터,117000120,18206,37.4767219052,126.8852129244
마리오아울렛,117000121,18207,37.4785459121,126.8843811699
국민연금공단구로금천지사앞,117000122,18208,37.4806919368,126.8840197169
가산디지털단지역2번출구,117000123,18209,37.4811414007,126.8829647271
마리오아울렛,117000124,18210,37.4788200801,126.8840084777
금천구노동자종합지원센터,117000125,18211,37.476226285,126.8851458502
수출의다리.퍼블릭가산,117000126,18212,37.4745060933,126.8859059252
진도아파트,117000127,18213,37.4701992555,126.8923170276
현대지식산업센터,117000128,18214,37.469904088,126.895544287
가산디지털단지역입구,117000129,18215,37.4814378839,126.8867150826
가산동기점,117000130,18216,37.4852270318,126.8752549755
가산동종점,117000131,18217,37.4852149815,126.875162385
가산디지털단지역2번출구,117000935,18218,37.4817545466,126.8834301518
범일운수종점,117000132,18219,37.4504126336,126.9117325247
삼익아파트앞,117000133,18220,37.462545,126.909455
삼익아파트,117000921,18221,37.462425,126.909395
디지털3단지.영창실업,117000134,18222,37.4833271564,126.8789631022
디지털3단지.가산비즈니스센터,117000135,18223,37.4796109464,126.8797336317
디지털3단지운동장,117000136,18224,37.4825262036,126.8780188781
남문시장입구,117000137,18225,37.4712411911,126.9008468962
가산디지털단지역4번출구,117000138,18226,37.481417,126.883117
스타밸리앞,116000615,18227,37.4811590318,126.8848613006
독산보건지소.별빛남문시장,117000140,18228,37.4737444042,126.9031980805
독산보건지소.별빛남문시장,117000141,18229,37.4733474011,126.9034139964
금빛공원앞,117000911,18232,37.4531074327,126.9042968029
금빛공원앞,117000910,18233,37.4532796733,126.9044559572
삼화약국,117000918,18234,37.4502786838,126.9040103136
삼화약국,117000919,18235,37.450172246,126.9040551782
대우당약국,117000915,18236,37.4507504041,126.9065092253
화인전자산업,117000916,18237,37.4508696683,126.9061589552
은행나무로입구,117000917,18238,37.4509918205,126.9079435086
시흥대교,117000924,18239,37.4532803888,126.8972682538
가산디지털단지역11번출구,117000926,18240,37.4816756914,126.8811520763
가산한화비즈메트로2차,117900163,18499,37.4725342446,126.8821620179
RSM타워.르노코리아서부사업소,117900224,18500,37.471015,126.883112
롯데캐슬,119900315,20526,37.4898234441,126.9712716065
시흥1동공영주차장.금천노인종합복지관,117900121,18501,37.451425,126.897101
독산한신코아.한신아파트,117900120,18502,37.4565792288,126.8877099959
가산디지털단지역2번출구,117900140,18503,37.4813170887,126.8829559735
벽산3단지,117900119,18504,37.4533811369,126.9175043258
성지아파트,117900118,18506,37.4511851351,126.8986162093
롯데캐슬1차서문.해가든아파트,117900117,18507,37.4600870492,126.8924496344
무지개아파트,117900116,18508,37.4568567561,126.8986616803
벽산3단지앞,117900114,18510,37.4529820233,126.9169114156
독산역,117900113,18511,37.4670001721,126.889226261
문성중학교,117900112,18512,37.4756246737,126.905866831
문일중고입구.기아금천지점,117900111,18513,37.4509197575,126.9002034735
금천현대아파트.청소년문화의집,117900109,18514,37.4627137448,126.8913946671
독산주공1319동,117900110,18515,37.4584615691,126.8876303149
아톰주식회사,117900225,18517,37.4707730549,126.8829837206
시흥동향나무.삼층석탑,117900107,18518,37.452221692,126.9151830871
남문교회,117900106,18519,37.4737106004,126.9059678481
탑동초등학교.청담종합사회복지관,117900103,18524,37.4520537227,126.9144662534
태영빌라,117900102,18525,37.4718196531,126.9063091413
무지개아파트,117900101,18526,37.4570880833,126.8985727429
두산초등학교,117900147,18527,37.4664902534,126.8916463628
독산주공14단지,117900100,18528,37.4593983202,126.8858271569
온누리아파트.가산비전파크,117900099,18530,37.4734920619,126.8867089769
어울샘.동산중앙교회,117900098,18531,37.4520508795,126.9118509343
구민문화체육센터,117900097,18532,37.4701790336,126.906683145
독산현대아파트.금천50플러스센터,117900096,18533,37.4671220994,126.8944524695
시흥유통상가.금천고,117900157,18534,37.4432485828,126.9035255453
에이스하이엔드타워클래식,117900095,18535,37.4735790442,126.8893157842
은행나무시장입구동편,117900094,18536,37.4513577639,126.9104910601
해찬아파트,117900093,18537,37.4682464727,126.9070812349
진도3차아파트,117900092,18538,37.4684083858,126.8939000889
박미마을,117900091,18540,37.440931611,126.9031686259
가산테라타워,117900090,18541,37.4739704302,126.8899360299
시흥동은행나무,117900089,18542,37.4514540858,126.9079384209
시흥사거리.대명시장,117900088,18543,37.454725,126.901265
구립독산도서관,117900087,18544,37.4671936204,126.9077732858
유창슈퍼,117900086,18545,37.4685449644,126.8924720236
구립가산도서관.두산위브아파트,117900083,18548,37.4735235187,126.8924060994
은행나무입구사거리,117900082,18549,37.4526253772,126.9054638874
시흥초등학교.시흥1동주민센터,117900081,18550,37.4535492973,126.9035830113
산기슭공원,117900037,18552,37.4639767337,126.9067112027
독산역,117900148,18553,37.4660500537,126.8898143938
진도2차아파트,117900080,18554,37.4701338936,126.8917891479
시흥초등학교.금빛공원,117900078,18556,37.4533678073,126.9042399555
한울중학교.금강아파트,117900077,18557,37.4627729841,126.9068259879
두산로입구,117900076,18558,37.4718560099,126.8872683557
빅마켓.청광아파트,117900075,18559,37.470518615,126.8937184762
대륭테크노타운2차,117900074,18560,37.468945,126.884404
두산위브아파트정문,117900073,18561,37.474880117,126.8938818954
길상마트,117900071,18564,37.4720209133,126.8938893297
대륭테크노타운12차,117900070,18565,37.4694900501,126.8837224396
가산동주민센터.금천글로벌센터,117900069,18566,37.4760757114,126.8936891244
대륭테크노타운19차,117900220,18569,37.4742699142,126.88166688
에이스태세라타워,117900142,18570,37.472455257,126.8824730566
고원약국,117900067,18571,37.4766992467,126.8947462752
꿈나래어린이집,117900066,18572,37.4548280098,126.8972130692
우방아파트.범일운수종점,117900065,18573,37.4499835235,126.9132502452
가산초교,117900063,18577,37.4770824972,126.8965101242
STXV타워,117900061,18581,37.476776835,126.883254362
독산고개입구.금천구가족문화센터,117900162,18582,37.4759060291,126.8977000347
벽산아파트5단지,117900060,18583,37.4500584604,126.921018114
빅마켓,117900059,18585,37.4700299236,126.8954116204
한신IT타워,117900058,18586,37.4799300143,126.8862424501
가산동주민센터,117900215,18587,37.4769075492,126.8909586486
가산아스크타워,117900216,18588,37.4763040335,126.8894662101
가산로데오거리,117900217,18589,37.4783936947,126.887811468
호압사입구,117900057,18590,37.4517227734,126.9205758327
이앤씨드림타워7차,116900302,18592,37.4798002515,126.8866638518
현대아울렛,117900056,18593,37.4769117974,126.8886451685
가산디지털단지역9번출구,117900055,18594,37.4809146873,126.8814206702
금천육교앞,117900054,18595,37.4554158552,126.8915243807
벽산1단지입구,117900053,18596,37.4501429977,126.9198492816
시흥모터스,117900052,18598,37.4705765464,126.8894417351
문성초등학교,117900212,18600,37.473974397,126.8981181055
섭리의집,117900213,18601,37.4463421176,126.908761999
섭리의집,117900214,18602,37.4462280579,126.9087889887
가산디지털단지역3번출구,117900218,18603,37.4802047061,126.88331005
KCC웰츠밸리,117900050,18617,37.4835533313,126.8798436042
독산고개입구,117900049,18618,37.4771618769,126.8984628392
벽산6단지입구,117900048,18639,37.4499598725,126.9181165746
독산역2번출구,117000181,18643,37.4663102404,126.8876524834
독산역2번출구,117000182,18644,37.4665025176,126.8878906214
남부여성발전센터앞,117000195,18657,37.4626344076,126.90531765
남부여성발전센터앞,117000196,18658,37.462753,126.90515
BYC하이시티,117000209,18671,37.4770089899,126.8829204538
에이스하이엔드10차,117000225,18688,37.4684956743,126.886968628
대륭테크노타운17차,117000226,18689,37.468514365,126.8866426914
금천패션아울렛사거리.마리오,117000931,18699,37.4778165267,126.8874417824
범일운수종점,117000920,18708,37.4502773846,126.9116027167
한울중학교,117000276,18740,37.462674,126.907201
한울중학교,117000277,18741,37.462522,126.907302
STXV타워,117000278,18742,37.4770470579,126.8831442668
서울시립금천청소년센터,117900226,18755,37.44832,126.916104
서울시립금천청소년센터,117900227,18756,37.448241,126.915964
탑스빌아파트.벽산6단지아파트,117900228,18757,37.449201,126.916113
가산초교,117900036,18763,37.4771655122,126.8964859843
동일여고.금천사이언스큐브,117900035,18764,37.449982,126.916816
두산로입구,117900034,18772,37.4719100442,126.8870629531
석수역,117000310,18776,37.4348585994,126.9027764439
가산디지털단지역,117000314,18778,37.4807822232,126.8842089539
가산디지털단지역,117000299,18779,37.4812118523,126.8829676509
패션단지,117000312,18780,37.4784904864,126.8885942062
패션단지,117000313,18781,37.47823922,126.8887449605
디씨아이(데이터센터),117000937,18782,37.483105,126.877977
벽산디지털밸리2차,117900144,18783,37.4839499569,126.8773484856
고원약국,117900033,18784,37.4768694128,126.8946699691
안천중학교,117900149,18785,37.45865644,126.8873428503
제일교회,117900032,18786,37.450134,126.913499
청년취업사관학교금천캠퍼스,117900150,18787,37.4723731984,126.895861725
대륭테크노타운8차,117900031,18788,37.4848785249,126.8768957838
가산동주민센터.금천글로벌센터,117900029,18790,37.4761462878,126.893528898
범일운수종점,117900160,18791,37.450593,126.911085
벽산디지털밸리6차,117900028,18792,37.4856403517,126.8791529742
두산위브아파트정문,117900026,18794,37.4748870849,126.8936139249
독산한신아파트,117900025,18795,37.4571907673,126.889287077
길상마트,117900024,18796,37.4720667742,126.8937829891
가산디지털단지역9번출구,117900023,18797,37.4809685316,126.8812832163
한국건설생활환경시험연구원,116900305,18798,37.4833144645,126.880092378
빅마켓.청광아파트,117900021,18800,37.4705095093,126.8936133461
롯데캐슬2차,117900222,18801,37.4580268804,126.8934387396
구립가산도서관.두산위브아파트,117900019,18803,37.4736405707,126.8923053067
롯데캐슬2차,117900223,18804,37.4576642489,126.8934675106
진도2차아파트,117900151,18805,37.4702475167,126.8917002882
한진택배,117900018,18806,37.4750869917,126.8810805476
가산테라타워,117900017,18807,37.4741297901,126.8902581746
금천구종합청사.금천구청역,117900016,18808,37.456079,126.895347
유창슈퍼,117900015,18809,37.4684945707,126.8927663012
마이크로오피스사거리앞,117000914,18810,37.4721139214,126.8826578779
에이스하이엔드타워클래식,117900014,18812,37.4736059632,126.8891970422
시흥모터스,117900152,18814,37.4704163658,126.8891734892
문일중고입구.기아금천지점,117900013,18815,37.4509297326,126.8996929387
진도3차아파트,117900012,18816,37.4685947359,126.8937008503
대륭테크노타운12차,117900011,18817,37.469837,126.883396
온누리아파트.가산비전파크,117900010,18818,37.4736650982,126.8874164194
성지아파트,117900008,18820,37.4512627351,126.8987381748
독산현대아파트.금천50플러스센터,117900007,18821,37.4670373288,126.8943779746
대륭테크노타운2차,117900145,18822,37.4688296905,126.8847974797
시흥1동공영주차장.금천노인종합복지관,117900006,18824,37.451388,126.896631
두산초등학교,117900153,18825,37.4666374319,126.8916076535
교학사,117900005,18826,37.4692410639,126.8862111673
홈플러스금천점,117900003,18828,37.4694911309,126.8975479886
독산역,117900002,18829,37.4660003578,126.8896697625
청년취업사관학교금천캠퍼스,117900045,18833,37.4723792747,126.8955994178
은행나무시장입구동편,117900043,18836,37.4512100674,126.9105225388
금천구종합청사.금천구청역,117900042,18838,37.4561717653,126.8945113914
어울샘.동산중앙교회,117900041,18839,37.451830181,126.9117005818
한울중학교.금강아파트,117900040,18840,37.4628624021,126.9070673867
탑동초등학교.청담종합사회복지관,117900039,18841,37.4518750005,126.9140493801
산기슭공원B,117900038,18842,37.4639317515,126.9068039573
안천초등학교,117900139,18843,37.4575384027,126.8881256699
시흥동향나무.삼층석탑,117900138,18844,37.4522114153,126.9157184402
구립독산도서관,117900137,18845,37.4672144587,126.9079179668
벽산3단지앞,117900136,18847,37.4530226799,126.917069597
해찬아파트,117900135,18848,37.4682411948,126.9072451691
구민문화체육센터,117900134,18850,37.4701485004,126.906815459
한일유앤아이아파트,117900146,18851,37.4855289741,126.8760098705
태영빌라,117900133,18852,37.471726987,126.906495804
남문교회,117900132,18853,37.4736343111,126.9060943201
문성중학교,117900131,18854,37.4756346993,126.9060092799
난곡중학교,117900130,18856,37.477082032,126.9110143579
산기슭공원,117900193,18857,37.4638496339,126.906717753
하안주공1317동,117900129,18858,37.4576070259,126.8882725165
금천현대아파트.청소년문화의집,117900128,18859,37.4625198481,126.8912791685
롯데캐슬1차서문.해가든아파트,117900127,18860,37.4599253406,126.8922978284
금빛공원,117900126,18861,37.4527253788,126.9051351851
시흥사거리.대명시장,117900125,18863,37.4547643438,126.9018203929
시흥동은행나무,117900161,18864,37.4506837601,126.909262913
시흥2동주민센터.동일여고,117900124,18865,37.449962,126.914014
두산어린이공원,117900123,18866,37.4736278101,126.8941391855
금천구종합청사.금천구청역,117900122,18867,37.456374558,126.8954899439
두산어린이공원,117900154,18868,37.473619,126.894257
롯데캐슬3차,117900209,18869,37.4599718531,126.8962925927
롯데캐슬1차정문.해가든아파트,117900211,18871,37.4608040223,126.894248153
롯데캐슬1차동문,117900210,18872,37.4591670967,126.8964634478
롯데캐슬1차정문.해가든아파트,117900208,18873,37.4610024925,126.8940923871
백운한비치.금광포란재아파트,117900174,18959,37.4512655226,126.9117159329
시흥5동주민센터,117900173,18960,37.4513528541,126.9087037456
삼성산자연공원.삼성체육공원,117900172,18961,37.4548245367,126.9094952807
시흥아파트앞,117900171,18962,37.4564310534,126.9081188294
신흥초등학교,117900170,18963,37.4593571341,126.9082692514
한빛무궁화아파트,117900169,18964,37.4604705729,126.9079251069
금천폭포공원,117900178,18967,37.447211891,126.9037052975
영일빌라,117900177,18968,37.4473501248,126.9064018284
시흥계곡앞,117900176,18969,37.4466449121,126.9103494029
시흥5동성당,117900175,18970,37.4483281695,126.9115228397
한울중학교앞,117900192,18972,37.4623255009,126.9077736775
한빛무궁화아파트,117900191,18973,37.4606136948,126.9079227192
신흥초등학교,117900190,18974,37.4593209089,126.9081362324
시흥아파트앞,117900194,18975,37.4566174024,126.9078868775
삼성체육공원.삼성산자연공원,117900196,18976,37.454675697,126.9092908701
시흥5동주민센터,117900207,18977,37.4516321,126.9085768142
금광포란재.백운한비치아파트,117900189,18978,37.4511323266,126.9113929457
관악우방아파트,117900188,18979,37.4499083635,126.912257908
시흥5동성당,117900187,18980,37.4486202245,126.9116502129
시흥계곡앞,117900186,18981,37.4469398097,126.9103556871
영일빌라,117900185,18982,37.4475057487,126.9060636976
금천문화원.국립전통예술중고,117900195,18983,37.4464155627,126.9045526814
금천고등학교,117900184,18984,37.4447220355,126.9047098297
시흥3동공영주차장앞,117900183,18985,37.4428790713,126.9044714442
기아대교앞,117900182,18987,37.4379594347,126.9027904886
석수역,117900181,18988,37.4349735461,126.9028582142
석수역,117900180,18989,37.4350042057,126.9033005669
시흥사거리,117900166,18992,37.4526734399,126.9016076387
안양천로입구,117900165,18993,37.4524815093,126.8931359029
남문시장입구.청춘삘딩,117000922,18994,37.4712256795,126.9000105994
LG전자,117000319,18995,37.4710628529,126.885863639
LG전자,117000318,18996,37.4702518143,126.8859089046
구로세관,117000317,18997,37.4724228188,126.8852249843
구로세관,117000316,18998,37.4724874213,126.8849399744
가산디지털단지역7번출구,117000315,18999,37.4795024072,126.8820730575
문래동남성아파트,118000001,19001,37.511828,126.893705
문래동남성아파트,118000002,19002,37.511202,126.892312
남부지방법원등기국.구로세무서(에이스하이테크시티),118000003,19003,37.5144838858,126.9011873627
남부지방법원등기국.구로세무서(에이스하이테크시티),118000004,19004,37.5140403403,126.8997458122
영등포역,118000005,19005,37.5158657465,126.90509208
영등포역,118000006,19006,37.516587933,126.9070303774
여의도환승센터,118000007,19007,37.5255225645,126.9242437485
여의도환승센터,118000008,19008,37.526058119,126.9242066145
서울영림초등학교,118000009,19009,37.4871457304,126.904836994
강남성심병원.대림성모병원,118000010,19010,37.490982282,126.9080013569
경남아너스빌아파트,118000011,19011,37.4955867471,126.9115745553
보라매공원,118000012,19012,37.4970612966,126.9163819913
보라매역.동작세무서,118000013,19013,37.4989718729,126.9202813984
서울지방병무청,118000014,19014,37.5043933307,126.9219621952
대방역,118000015,19015,37.5126573835,126.9248245911
여의도환승센터,118000512,19016,37.5261696974,126.9243412576
여의도환승센터,118000513,19017,37.5253174941,126.924099718
당산역광역환승센터,118000620,19018,37.5364586522,126.9030904155
당산역광역환승센터,118000621,19019,37.5365735046,126.9031762461
신길영신로삼거리,118000016,19101,37.5122856218,126.9099270612
영등포공원.영등포문화원,118000017,19102,37.5138042027,126.9114184502
영등포공원.영등포문화원,118000018,19103,37.5149507944,126.9119431216
영등포시장역3번출구,118000019,19104,37.5218552056,126.9051989835
영등포시장,118000020,19105,37.5197345469,126.9066538832
영등포로터리,118000021,19106,37.519063,126.909852
영등포로터리,118000023,19107,37.5189144362,126.909290557
영등포시장,118000024,19109,37.5194457626,126.9064498646
경방타임스퀘어.신세계백화점,118000025,19110,37.5183837379,126.9057837283
영등포역.신세계백화점타임스퀘어,118000027,19112,37.5175082319,126.9062396031
영등포역.패어필드호텔,118000618,19113,37.5169264132,126.9075990645
영등포역5번출구,118000029,19114,37.5170626873,126.9090467727
경방타임스퀘어.신세계백화점,118000032,19117,37.51849,126.905437
김안과병원,118000033,19118,37.5200710672,126.9030257176
김안과병원,118000034,19119,37.5204160307,126.9028340777
영등포시장역4번출구,118000035,19120,37.521318,126.904785
신화요양병원,118000036,19121,37.5245305326,126.9051548683
신화요양병원,118000037,19122,37.5248948852,126.9055402111
영동초교,118000038,19123,37.5251590221,126.9068194848
영동초교.영등포평생학습관,118000039,19124,37.5254970147,126.9073622386
삼환아파트,118000040,19125,37.529082,126.905597
당산푸르지오아파트,118000041,19126,37.529032,126.905958
하이서울유스호스텔,118000042,19127,37.525637672,126.903657754
국회의사당,118000044,19129,37.5298980961,126.9180241528
KBS,118000045,19130,37.5246535111,126.9181131549
국회의사당,118000046,19131,37.5294106436,126.9178873435
국회의사당역.KB국민은행,118000047,19132,37.5284793584,126.9180683792
국회의사당역5번출구,118000048,19133,37.5279936051,126.9175806125
양평동한솔아파트,118000619,19134,37.544408,126.89024
여의도순복음교회,118000051,19136,37.5309108798,126.924753069
여의도순복음교회,118000052,19137,37.5316913231,126.9229307724
여의도공원9번출입구,118000053,19138,37.5295296763,126.9278920215
여의나루역1번.한강버스선착장,118000054,19139,37.5274578013,126.9314780831
여의나루역2번.한강버스선착장,118000055,19140,37.527387513,126.9320237959
여의도중학교,118000056,19141,37.5244095933,126.9356353384
여의도중학교,118000057,19142,37.5244595611,126.9359647299
63빌딩.가톨릭대학교여의도성모병원,118000058,19143,37.5194039511,126.9376069307
63빌딩.가톨릭대학교여의도성모병원,118000059,19144,37.5191618125,126.9377092728
시범아파트,118000060,19145,37.5210428541,126.9351904947
시범아파트.대교아파트,118000061,19146,37.5210349091,126.9344292065
여의동주민센터,118000062,19147,37.5187056997,126.9342191488
여의동주민센터,118000063,19148,37.518518604,126.933973282
진주아파트,118000064,19149,37.5192462487,126.9323106146
KBS별관,118000065,19150,37.5191952505,126.9315858844
샛강역3번출구.KBS별관,118000066,19151,37.51810879,126.9303001713
여의도공원1번출입구,118000067,19152,37.523605,126.920262
샛강역1번출구.여의도자이,118000068,19153,37.5188169961,126.9272111083
샛강역4번출구.여의도자이,118000069,19154,37.5186769123,126.9267431365
여의도역6번출구,118000070,19155,37.5206144242,126.9249200821
여의도역5번출구,118000071,19156,37.5213350582,126.9248852134
한국거래소,118000072,19157,37.5233529273,126.927068407
한국거래소,118000073,19158,37.5236693289,126.9270706296
삼부아파트,118000074,19159,37.5251264453,126.9301171862
여의도공작아파트,118000075,19160,37.5259920176,126.9309977447
한국경제인협회,118000076,19161,37.5218906273,126.9188836862
당산동진로아파트,118000077,19162,37.5213255961,126.8968775442
당산동진로아파트,118000078,19163,37.5210022006,126.8969911224
필립메디컬센터,118000079,19164,37.5206987975,126.8952459024
양남사거리,118000080,19165,37.522120309,126.8917785954
영등포교보생명,118000081,19166,37.5217213888,126.8920699266
현대아파트,118000082,19167,37.5230559785,126.8961601415
영등포구청,118000084,19169,37.5254134463,126.8963808906
영등포구민회관.영등포경찰서,118000085,19170,37.5267409499,126.8997280516
당산동삼익아파트,118000086,19171,37.5281841492,126.8959624246
당산역13번출구,118000087,19172,37.5347289688,126.900525529
당산119안전센터.당산역,118000088,19173,37.534925387,126.8994545764
당산역.삼성래미안아파트,118000089,19174,37.533022,126.903388
당산역삼성래미안아파트,118000090,19175,37.5331897116,126.9035824119
당산역2번출구,118000091,19176,37.5348629874,126.9024102445
당산역11번출구,118000092,19177,37.5328062968,126.9008638878
당산역10번출구,118000093,19178,37.5328262574,126.9013030592
페어몬트앰배서더,118000617,19180,37.5249760771,126.9292812936
당산삼성2차아파트,118000096,19181,37.5288298776,126.8981321136
당산유원제일1차아파트,118000097,19182,37.5287170417,126.8976084675
서울영등포우체국,118000098,19183,37.5284831639,126.8960123192
도림생활문화센터,118000099,19184,37.509542599,126.9074865803
도림새마을금고,118000101,19186,37.5084285334,126.9003200973
도림새마을금고,118000102,19187,37.5082587788,126.9000627119
신길3동주민센터,118000595,19188,37.5065149631,126.9111162984
문래역3번출구,118000107,19192,37.5192330216,126.8942227741
문래역3번출구,118000108,19193,37.5190642533,126.8944124856
서울지방노동위원회.대림아파트,118000109,19194,37.5169082251,126.8896944058
국화아파트,118000110,19195,37.5156543708,126.8923755969
현대6차아파트,118000111,19196,37.518198,126.884328
문래롯데캐슬,118000112,19197,37.5184108268,126.8845693693
문래중학교,118000113,19198,37.5197635659,126.8847214778
문래중학교,118000114,19199,37.5199519089,126.8849459462
문래동국화아파트,118000115,19200,37.515779821,126.8913940766
서울지방노동위원회.대림아파트,118000116,19201,37.5168588434,126.8892688603
양평1동주민센터,118000117,19202,37.5226964057,126.8882760563
양평신동아아파트,118000118,19203,37.5224802186,126.8873567458
관악고등학교,118000119,19204,37.5229942584,126.8840591861
관악고등학교,118000120,19205,37.523161734,126.8848486189
당중초등학교,118000121,19206,37.526998,126.890987
당중초등학교,118000122,19207,37.5269046476,126.8912931843
남부고용노동지청,118000123,19208,37.5238199685,126.8902116552
남부고용노동지청,118000124,19209,37.5236879845,126.890544267
선유도역1번출구.한신아파트,118000125,19210,37.5383576111,126.8932341248
선유도역8번출구.한신아파트,118000126,19211,37.5380360687,126.8932768999
선유도역.롯데웰푸드,118000127,19212,37.5371966691,126.8948754336
선유도역.롯데웰푸드,118000128,19213,37.53714501,126.8955567144
양평한신아파트.선유도공원입구,118000129,19214,37.5416485864,126.8944278421
영등포아리수정수센터,118000130,19215,37.547524111,126.8841131456
양평한신아파트.선유도공원입구,118000131,19216,37.5420309939,126.894662988
안양천입구,118000132,19217,37.547469263,126.8834636891
양평동한솔아파트,118000133,19218,37.5439165302,126.89034721
신풍역3번출구,118000579,19219,37.4999832177,126.9080213793
선유도역2번출구.당산초등학교,118000135,19220,37.5388210381,126.8945006101
영등포세무서.선유고등학교,118000136,19221,37.5342386203,126.8962877577
영등포세무서.선유고등학교,118000137,19222,37.5344087772,126.8967008179
선유중학교,118000138,19223,37.532051991,126.8945217072
선유중학교,118000139,19224,37.530961,126.894106
신길역1번출구,118000140,19225,37.516815,126.916956
신길1동새마을금고,118000141,19226,37.5136409433,126.9200351486
신길1동새마을금고,118000142,19227,37.5140830291,126.9195131812
대신시장,118000143,19228,37.5118665222,126.9164620153
대윤병원,118000144,19229,37.5145262639,126.9181496713
대신시장,118000145,19230,37.5120674779,126.9162973886
영등포농협.신길2동새마을금고,118000146,19231,37.5113759569,126.9131764145
우신초등학교,118000147,19232,37.509355,126.910608
신길책마루문화센터.포레나신길,118000148,19233,37.5034133163,126.9101490426
성락교회,118000149,19234,37.5045853868,126.902587137
성락교회,118000150,19235,37.5047495305,126.9028724835
도림생활문화센터,118000151,19236,37.5092940284,126.9076717402
우신초등학교,118000153,19238,37.50958,126.910838
신길힐스테이트클래시안아파트,118000154,19239,37.5049891763,126.9108112918
신길동홍어거리,118000155,19240,37.5108205742,126.9114719863
신풍역4번출구.베뉴비안,118000156,19241,37.5014308216,126.9097782155
신길5동주민센터,118000157,19242,37.5009593596,126.9053855538
신길5동주민센터,118000158,19243,37.5010548825,126.9049278277
영등포제1스포츠센터.신풍역,118000159,19244,37.5000120734,126.9068971154
영등포농협도림로지점.우리시장,118000160,19245,37.4981782693,126.9045627731
영등포농협도림로지점,118000161,19246,37.4986738862,126.9045757143
KT대방지사.썬프라자,118000162,19247,37.4950914986,126.9088076812
신길주유소,118000163,19248,37.4984011732,126.9083965467
신풍역5번출구.베뉴비안,118000164,19249,37.5013238443,126.9100850037
신길중학교.래미안에스티움북문,118000598,19251,37.501245,126.916458
도림초등학교,118000599,19252,37.507364,126.90639
대방역,118000168,19253,37.5127693585,126.9237905553
공군호텔,118000170,19255,37.5098706868,126.9240536702
서울지방병무청,118000171,19256,37.5051747159,126.9221593231
대방초등학교,118000172,19257,37.5023841407,126.9210085488
썬프라자,118000173,19258,37.4961497424,126.9082409755
대림동우체국,118000175,19260,37.4894382828,126.9054525686
흰돌교회,118000176,19261,37.4913161222,126.9029549092
대동초등학교,118000177,19262,37.4941811504,126.9006322883
대림역12번출구,118000179,19264,37.4925216728,126.8966231256
대동초등학교.명지성모병원,118000180,19265,37.4942998541,126.8992448194
대동초등학교,118000181,19266,37.4936614284,126.9006611965
흰돌교회,118000182,19267,37.4905430612,126.9032572847
대림동우체국,118000183,19268,37.4896278351,126.9047297114
대림동우성아파트,118000184,19269,37.495996096,126.9020385312
대림역9번출구,118000185,19270,37.49288,126.896585
대동초등학교.명지성모병원,118000186,19271,37.4941715864,126.8986961015
대림동우성아파트,118000187,19272,37.4965119007,126.9023480929
YDP미래평생학습관,118000188,19273,37.5037864503,126.8955055827
대림동현대3차아파트,118000189,19274,37.504569,126.89654
신영초등학교,118000190,19275,37.5016789973,126.8971101446
YDP미래평생학습관,118000191,19276,37.5030128151,126.8961720728
선유도공원,118000192,19277,37.542245,126.902595
선유도공원,118000193,19278,37.542025,126.902915
신길역5호선,118000194,19279,37.51855816,126.9148309222
국회의사당,118000195,19280,37.5306422804,126.919153684
산업은행본점,118000196,19281,37.5279671701,126.9208525949
더현대서울,118000197,19282,37.5250045778,126.9281836353
유진투자증권,118000198,19283,37.5255310516,126.9269899252
파크원타워.LG트윈타워,118000199,19284,37.5270921709,126.9272061799
신길파크자이아파트,118000610,19285,37.5050599658,126.9132459329
여의도한양아파트,118000200,19286,37.5209203503,126.9320647349
하나은행여의도지점,118000201,19287,37.5213281189,126.9311455901
여의도수정아파트,118000202,19288,37.5224629956,126.9304856028
신풍역6번출구,118000577,19289,37.5003168268,126.9104304773
여의도역3번출구,118000203,19290,37.523355,126.923253
영진시장.신길새마을금고,118000576,19291,37.5001550045,126.9154974818
문래우체국.문래예술공단,118000204,19292,37.5142585924,126.8951938185
문래우체국.문래예술공단,118000205,19293,37.5141627048,126.8947765295
대림3동주민센터,118000206,19294,37.4978471953,126.8988103256
대방역,118000208,19296,37.512907,126.923495
신길3동주민센터,118000209,19297,37.5063691885,126.9109089196
대길초등학교,118000210,19298,37.4989132022,126.9122243497
미보빌딩,118000211,19299,37.4984175455,126.9167140863
신길역1호선,118000563,19300,37.5167591036,126.9166368877
신길보라매SK뷰아파트,118000611,19301,37.504066,126.919256
여의도순복음교회비전센터,118000213,19303,37.5300112247,126.9241543204
래미안에스티움,118000597,19304,37.5001649059,126.912773792
문래역.문래자이아파트,118000214,19305,37.5166249423,126.8945855945
대방역7번출구,118000215,19306,37.513747861,126.9265562252
대방역,118000216,19307,37.5135876259,126.9259750871
대길초등학교,118000218,19309,37.4985891868,126.9145708821
대방천사거리.동작세무서,118000219,19310,37.498862,126.919402
대방천사거리,118000220,19311,37.4984887613,126.9197990982
대림코오롱아파트정문,118000221,19312,37.5069073568,126.8942967179
영등포로터리,118000222,19313,37.5186134846,126.9103719734
신길주유소교차로.신풍역3번출구,118000223,19314,37.4993499174,126.9074086857
신길주유소교차로.신풍역3번출구,118000224,19315,37.4995770969,126.9069956306
영문초등학교,118000225,19316,37.520197,126.887835
영문초등학교,118000226,19317,37.520047157,126.887957615
문래역1번출구,118000227,19318,37.5166312538,126.8942560751
양화중학교.홈플러스,118000228,19319,37.5193690011,126.8952832738
기계회관,118000229,19320,37.5290992579,126.9226786966
신동아아파트,118000230,19321,37.4980725102,126.8946317256
신영초교,118000231,19322,37.4989309377,126.8963032658
우성5차아파트,118000232,19323,37.5076045335,126.9032049179
우성5차아파트,118000233,19324,37.5073405785,126.9030359596
현대3차.성원아파트,118000234,19325,37.5042942428,126.8966160437
래미안에스티움(신길파크자이),118000616,19326,37.5021832508,126.9128986736
대림3동사거리.명지춘혜병원,118000236,19327,37.5004765901,126.8976368647
현대2차아파트,118000237,19328,37.5033510946,126.8952038884
성원아파트.한국상하수도협회,118000238,19329,37.5025756986,126.8967569528
베뢰아국제대학원대학교.수정교회,118000239,19330,37.5010729304,126.8989671275
성원아파트입구,118000241,19332,37.5049661894,126.8979949457
신길우성1차.건영아파트,118000242,19333,37.5060560163,126.8995852828
건영아파트,118000243,19334,37.5063544176,126.9008515938
신길바다마을아파트.보라매sk뷰,118000601,19336,37.502859,126.916049
성애병원,118000246,19337,37.5115127712,126.9230916275
신길보라매sk뷰.바다마을아파트,118000602,19338,37.5029041708,126.9161719065
신길우성2차아파트,118000608,19341,37.499257657,126.9104508793
보라매역4번출구,118000255,19346,37.4998464533,126.9193169475
신길새마을금고.영진시장,118000256,19347,37.4998909378,126.9170658543
신길광장공원,118000259,19350,37.4999373494,126.9039926579
대성아파트.건영아파트후문,118000260,19351,37.5032308592,126.9003306899
대성유니드아파트,118000261,19352,37.5008368106,126.9027078981
신길중학교.래미안에스티움북문,118000600,19353,37.5014200855,126.9166259326
건영아파트후문,118000263,19354,37.5026893321,126.900562942
대림동코오롱아파트,118000266,19357,37.5076981532,126.8945682049
문래동종점,118000267,19358,37.5156735527,126.8864003638
문래동시점,118000268,19359,37.5155477112,126.8867116154
KT&G영등포지사.문래동종점,118000596,19360,37.5154220985,126.8872632303
신길1차우성아파트,118000270,19361,37.5058715996,126.8998713446
보라매역5번출구,118000578,19362,37.500051,126.91905
영등포동.영등포푸르지오아파트,118000273,19364,37.5101417818,126.9046723569
우신초교앞사거리,118000274,19365,37.5108880833,126.9100169726
도림초교사거리,118000276,19367,37.508301905,126.905380142
고추말,118000295,19386,37.511947326,126.9062761886
코끼리할인마트,118000298,19389,37.505854886,126.9070387375
대영고등학교.신길센트럴아이파크,118000299,19390,37.504783,126.904153
동양볼링장,118000301,19392,37.5167682627,126.8884241986
평화교회,118000302,19393,37.4985706187,126.9165753842
현대2차아파트후문,118000311,19402,37.5030100625,126.8940864024
도림초교사거리,118000312,19403,37.509135311,126.9051712916
도림초등학교,118000313,19404,37.5069671974,126.9064944778
고추말,118000314,19405,37.511958456,126.9061093409
SG메디피움,118000315,19406,37.505080073,126.9047285685
도림사거리,118000316,19407,37.5070505173,126.9012712286
기림약국,118000325,19416,37.4997728852,126.9008725167
신길광장공원,118000326,19418,37.4999670445,126.9045015227
코사마트,118000331,19423,37.4984017729,126.9020269071
성락빌딩,118000332,19424,37.500908,126.89948
대림119안전센터,118000333,19425,37.4974634886,126.9032579405
두산위브진주아파트,118000335,19427,37.5164206155,126.885309553
현대3차아파트,118000336,19428,37.516298,126.884898
CM병원,118000524,19429,37.5183527655,126.9027079039
대방역6번출구,118000525,19430,37.513045,126.924159
타임스퀘어.영등포소방서,118000536,19434,37.5180119835,126.9045916481
당산신동아파밀리에,118000537,19435,37.5196779796,126.9008141712
영등포청과시장,118000546,19436,37.5236699556,126.9018127545
영등포청과시장,118000530,19437,37.522484979,126.9017747101
서울시립청소년성문화센터,118000541,19438,37.5251517776,126.9023142827
서울시립청소년성문화센터,118000542,19439,37.5246798544,126.9023884969
한강아파트,118000540,19450,37.5277478405,126.9034083876
롯데마트맥스영등포점,118000543,19451,37.5280663072,126.903872998
당산센트럴아이파크아파트,118000538,19452,37.5300905669,126.9043580631
영등포농협당산역지점,118000539,19453,37.5308155244,126.9049656612
신풍시장,118000535,19454,37.5057447122,126.9101667964
신길건영아파트,118000531,19455,37.503440464,126.9015875459
신길건영아파트,118000532,19456,37.5037354455,126.9016891344
수정교회.베뢰아국제대학원대학교,118000534,19457,37.5011447492,126.8986616843
대림3동주민센터,118000533,19458,37.4981672477,126.89831
대영중학교.신길센트럴아이파크,118000607,19483,37.5033158892,126.9037578728
당산역11번출구,118900001,19501,37.5333218119,126.9013080631
대림역5번출구,118900002,19502,37.4941881707,126.8949855085
현대2.3차아파트,118900003,19503,37.5317408698,126.8962827493
한국환경수도연구원,118900004,19504,37.5439176005,126.8895618243
성애병원,118900166,19505,37.5117534209,126.9218040841
당산우편물취급소,118900005,19506,37.5295966069,126.8987624869
기아자동차서비스센터,118900006,19507,37.5415448626,126.8913397384
신일어린이공원,118900007,19508,37.5102387979,126.9219968319
대림역7호선,118900008,19509,37.4929638313,126.8973315956
효성아파트,118900009,19510,37.5309951483,126.8998637918
한신아파트.선유도공원,118900010,19511,37.5406104569,126.892357296
돈보스코.홈플러스,118900011,19512,37.4966558275,126.913235866
창의나라어린이집,118900167,19513,37.5088147597,126.9215458547
우성2차아파트,118900012,19515,37.495363567,126.8998625176
당산역.삼성래미안APT,118900013,19516,37.5332251433,126.90153447
경남아너스빌,118900015,19518,37.4946517549,126.9108450745
골프장,118900016,19519,37.509504,126.919979
코스트코,118900017,19520,37.5283666153,126.8916609531
대림3동주민센터,118900187,19521,37.4983606603,126.8985174011
삼성래미안4차아파트북문,118900018,19522,37.5332286177,126.9030109389
선유도역.롯데홈쇼핑,118900161,19523,37.537024567,126.893134081
강남성심병원.대림성모병원,118900184,19524,37.4913065278,126.9080614234
대신시장.기업은행,118900019,19525,37.5118632601,126.9173777932
당중초등학교.노동부남부지청,118900020,19526,37.5253866305,126.8906255086
대림3동사거리,118900021,19527,37.4995406902,126.898036257
당산중학교.한국소방안전원,118900148,19528,37.5318890724,126.9065022141
영등포동.영등포푸르지오아파트,118900197,19529,37.511019637,126.9053948102
신대림한솔솔파크아파트.충심교회,118900022,19530,37.4884697209,126.8990679328
영은교회,118900023,19532,37.5253616898,126.8882070346
강변래미안아파트,118900024,19534,37.5300982551,126.9072184064
케이카,118900025,19535,37.5342360825,126.8923381705
대림중앙시장,118900026,19536,37.4899047632,126.9007034903
양평역,118900027,19538,37.5250571864,126.8860806928
대림요양병원,118900028,19539,37.5023314067,126.9001497866
한국산업인력공단,118900029,19540,37.5287001541,126.907732684
거성파스텔아파트,118900030,19541,37.5321168067,126.8924532355
농협.대림2동주민센터,118900031,19542,37.4908121312,126.9017291244
삼성아파트.오목교아래,118900032,19544,37.523415383,126.8834600409
인구보건복지협회.제일빌딩,118900033,19546,37.5260382148,126.9087700692
선유고등학교,118900034,19547,37.533133368,126.8945892066
대림포교원,118900035,19548,37.4920558755,126.9030879611
벽산아파트,118900158,19550,37.5232854003,126.8824379434
성락교회,118900036,19551,37.5044937034,126.9029768745
한강성심병원,118900037,19552,37.5233299681,126.9105439558
대림1동새마을금고,118900038,19553,37.4930894759,126.9042356303
신동아아파트.관악고교,118900039,19555,37.5216618502,126.8852430946
도림사거리,118900040,19556,37.5063174421,126.901776669
근로복지공단.서울남부지사,118900147,19557,37.5213296596,126.9119175238
대림1동주민센터,118900185,19558,37.4950637693,126.9064554065
e편한세상문래에듀플라츠,118900041,19560,37.5203116387,126.8858598746
선의원,118900196,19561,37.5125060183,126.9092502422
태양의집.썬프라자,118900042,19563,37.4958177593,126.9073026795
영신고등학교,118900045,19568,37.4975925264,126.9083813617
신풍역.수녀원,118900047,19574,37.4994414051,126.9077008382
근로복지공단.서울남부지사,118900048,19578,37.521403714,126.9121380476
현대홈타운아파트,118900049,19579,37.5234161815,126.8958915081
삼성래미안아파트1단지,118900050,19581,37.5052062815,126.9162315361
벽산메가트리움오피스텔,118900051,19582,37.5185695277,126.8979141721
약산약국,118900176,19583,37.5113138822,126.9142968662
한강성심병원,118900052,19584,37.5233986262,126.9107746728
문래역.홈플러스,118900053,19585,37.5204548137,126.8952702414
대영초중고,118900054,19586,37.5020836656,126.9045860784
삼성래미안아파트2단지,118900055,19587,37.50671281,126.914227473
영일시장.록스,118900056,19588,37.5183513018,126.9008724859
인구보건복지협회.호텔아벤트리,118900058,19590,37.5262167779,126.9089587972
교보생명,118900059,19591,37.5206586901,126.8927264952
신길역2번출구,118000625,19594,37.518244,126.916014
한국산업인력공단,118900062,19595,37.5282975197,126.9081846411
GS홈쇼핑앞,118900157,19596,37.5210328929,126.8900548852
켄싱턴호텔.여의도,118000523,19604,37.5303964528,126.9220912543
문래힐스테이트,118000353,19619,37.518962453,126.8893961124
래미안에스티움,118000271,19628,37.4998586582,126.9137184414
강변래미안아파트,118900065,19630,37.5304101377,126.907349271
양평동서통한신아파트,118900066,19631,37.52137241,126.8879274737
당산역.지하철2호선,118900067,19645,37.5347400035,126.9023377955
당산중학교.한국소방안전원,118900068,19662,37.5322315724,126.9066070161
모랫말.도림새마을금고,118900069,19663,37.5085202288,126.90021733
삼성래미안동문,118900071,19674,37.5311163277,126.9047437209
양평역,118900072,19676,37.5253329419,126.8862550017
도림고가.영등포아트자이,118900073,19679,37.5104673394,126.8989591367
당산센트럴아이파크아파트,118900075,19684,37.5294473708,126.902510571
영은교회,118900076,19685,37.5250867538,126.888897178
도림교회,118900077,19687,37.5093467611,126.8973227342
선화약국,118900078,19688,37.510653566,126.9172405721
당산효성.현대5차아파트,118900080,19697,37.530173327,126.9009081058
노동부남부지청,118900081,19698,37.524638835,126.8917297019
도림동주민센터,118900082,19700,37.5087971934,126.8964095201
푸른숲아파트,118900083,19701,37.508143,126.91747
문래자이정문,118900084,19702,37.5169493984,126.896353001
대신시장,118900085,19703,37.5121237758,126.9165402359
현대APT후문,118900086,19707,37.524228566,126.8944184537
코오롱아파트,118900087,19708,37.5080318381,126.8948323653
대성유니드아파트,118000407,19709,37.5011675241,126.9027187793
골프장,118900088,19710,37.5088334824,126.9199045396
문래자이후문,118900089,19713,37.5168991207,126.8986416285
영등포구청.우리은행,118900091,19729,37.52549,126.896721
골프장,118900092,19730,37.5090406202,126.9202843938
문래동주민센터,118900093,19733,37.517601684,126.899351122
신일어린이공원,118900168,19740,37.5100192088,126.9224212475
금호아파트,118900096,19741,37.5187718947,126.8979309029
도림초교사거리,118900152,19742,37.5083375721,126.9049106738
도림동주민센터,118900097,19745,37.5084902631,126.8961493649
도림교회,118900099,19748,37.5092269217,126.8973308164
대림역5번출구,118000623,19749,37.4948666991,126.8948001273
건영아파트,118900146,19751,37.5057686993,126.9018101899
선유고등학교,118900145,19752,37.5332901567,126.8945867229
도림고가.동아에코빌,118900144,19753,37.5101175984,126.8988261304
선유초등학교후문,118900141,19756,37.5327075965,126.892091436
도림새마을금고,118900140,19757,37.5084857554,126.8999436394
e편한세상문래에듀플라츠,118900139,19758,37.5204494891,126.8858415635
케이카,118900137,19760,37.5343029295,126.8925202511
도림사거리,118900136,19761,37.5070907884,126.9009386259
대림요양병원,118900135,19762,37.5025321694,126.8999334882
선유도역.롯데홈쇼핑,118900133,19765,37.5370485077,126.8934442009
대림3동사거리,118900132,19770,37.4993863615,126.8977582395
당산초등학교,118900163,19773,37.5386977962,126.8947635611
대영초중고,118900131,19774,37.502528,126.904047
노동부남부지청,118900130,19775,37.5253724672,126.8909004588
대림동현대3차아파트,118000624,19776,37.504466,126.896397
대림3동주민센터,118900129,19777,37.4980793659,126.8983424791
한신아파트.선유도공원,118900164,19778,37.5406592181,126.8924692571
남성아파트,118900207,19780,37.5122034905,126.8910896456
신안인스빌아파트,118900208,19781,37.5137354671,126.8885413891
삼환아파트,118900209,19782,37.5137855121,126.8904512019
문래공원사거리,118000626,19783,37.51398,126.893088
우성2차아파트,118900126,19786,37.4955536164,126.8994440527
동양아파트,118900159,19794,37.5417610376,126.8902700202
대동초등학교.명지성모병원,118900189,19800,37.49420138,126.8987627859
샛강역1번출구.여의도자이,118000594,19801,37.5187933887,126.9273528457
샛강역4번출구.여의도자이,118000592,19802,37.5189481008,126.9264910134
여의도메리어트호텔,118000591,19803,37.521714257,126.9184613228
여의도메리어트호텔,118000593,19804,37.5210420207,126.9192874432
신길5동우체국,118900123,19806,37.4980404548,126.9080395961
한솔아파트,118900121,19809,37.5438918495,126.8880522051
문래동주민센터,118000457,19811,37.5169596562,126.8986940319
태양의집.썬프라자,118900120,19812,37.4961223744,126.9073565889
신길동오거리,118900205,19813,37.5103913564,126.9159401511
신기목련아파트.더샵파크프레스티지,118900206,19814,37.5090172393,126.9158201061
영등포역.페어필드메리어트,118000463,19819,37.516727545,126.9081071702
영등포시장전철역,118000464,19820,37.5216821884,126.905191283
영등포역.신세계백화점타임스퀘어,118000465,19821,37.517327,126.90598
당산푸르지오아파트,118000466,19822,37.5290753891,126.9059275537
영등포삼환아파트,118000575,19823,37.5288723804,126.9055996881
영등포시장전철역,118000468,19824,37.5214106275,126.9047809511
당산역9번출구,118000470,19826,37.5326565825,126.9039757313
대영고등학교.신길센트럴아이파크,118000492,19827,37.5048823685,126.904922203
대림1동주민센터,118900119,19833,37.4950914919,126.90618847
대림1동새마을금고,118900118,19834,37.4933580173,126.9042511202
대림포교원,118900117,19835,37.4924371503,126.9032197838
농협.대림2동주민센터,118900116,19836,37.4908109691,126.9014158733
신대림한솔솔파크아파트.충심교회,118900186,19837,37.4888933803,126.8992324664
대림역,118000474,19839,37.4937954158,126.8951274236
당서초교,118900114,19840,37.531111114,126.8995389009
국회의사당,118000564,19842,37.5282753148,126.9181628332
현대3차유원아파트,118900113,19844,37.5319345944,126.8973008278
양화대교전망카페,118000489,19846,37.53982,126.901182
신풍프라자,118000480,19847,37.5017864827,126.9015122861
양화대교전망카페,118000490,19848,37.539938,126.900755
문래힐스테이트아파트,118000515,19849,37.5194239626,126.8914974004
문래힐스테이트아파트,118000514,19850,37.519647,126.891508
영등포소방서.타임스퀘어,118000511,19851,37.518273873,126.9036355463
영등포구청역공영주차장,118000517,19852,37.5243137974,126.8952226639
해군호텔,118000614,19853,37.504339,126.916046
진로A,118000615,19854,37.5206127494,126.8955641344
현대2.3차아파트,118900112,19857,37.5326083,126.8969389534
신동아아파트.관악고교,118900111,19858,37.5223558864,126.8855026473
한국거래소공항방면,118000518,19861,37.5235034611,126.9269644423
당산역,118900110,19862,37.5330028905,126.9010480642
삼성래미안아파트,118900177,19865,37.5074069381,126.9130481182
골프장,118900165,19867,37.5086934741,126.9199176151
삼환아파트,118900169,19868,37.5071313862,126.9200285195
병무청,118900108,19869,37.5063656176,126.9216230712
대방동성당,118900182,19870,37.5051599656,126.9216560023
신길한성아파트,118900107,19871,37.5041513635,126.9199106731
신길새마을금고신길4동지점,118900178,19872,37.5054257948,126.9126669015
래미안영등포프레비뉴아파트,118900174,19877,37.5056353604,126.9069364632
신길힐스테이트클래시안아파트,118900105,19878,37.5055906938,126.9114530403
신길파크자이아파트,118900179,19879,37.5049340573,126.9135627503
서울해군호텔,118900104,19880,37.5042586234,126.9160026751
대방동성당,118900103,19882,37.5050446711,126.9217262504
병무청,118900102,19883,37.5063629983,126.9217497583
삼환아파트,118900170,19884,37.5074906089,126.9198821423
오거리,118900171,19885,37.5086678983,126.9215731559
서울해군호텔,118900101,19888,37.5045438605,126.9159749818
영등포역1번출구,118900210,19892,37.514679,126.907997
영등포역2번출구,118000560,19893,37.5145839767,126.9078196924
신길GS자이아파트정문,118900198,19894,37.5062985565,126.9171066208
신길GS자이아파트후문,118900199,19895,37.5061002907,126.9157992808
신길4동주민센터,118900200,19896,37.5081805356,126.911555177
신길GS자이아파트정문,118900203,19899,37.5061310478,126.91724367
63빌딩.한강유람선,119000318,19900,37.5212987463,126.940164018
여의나루역,118000604,19901,37.5272703449,126.932128085
푸른숲아파트,118900204,19911,37.5087156723,126.9176242751
공군호텔,118000529,19963,37.5100455483,126.92412815
공군호텔,119000292,19964,37.5102017522,126.9246177878
영등포푸르지오,118900193,19984,37.5117732064,126.9034753573
대우미래사랑,118900192,19985,37.5123000589,126.9009464467
영등포아트자이,118900191,19986,37.5109906474,126.8988576208
영등포아트자이,118000562,19987,37.5114597361,126.8995214906
대우미래사랑,118900190,19988,37.5118103168,126.9004176959
영등포푸르지오후문,118900195,19990,37.513267,126.904886
대한항공훈련센터,115000575,19992,37.5458862811,126.8123006952
여의나루역.한강버스선착장,118000504,19993,37.5264706671,126.9328494288
당산119안전센터.당산역,118000501,19996,37.53502216,126.8998731174
동작상떼빌아파트,119000001,20001,37.486449,126.904448
신대방경남아파트,119000002,20002,37.4902521491,126.9075951828
신대방현대아파트,119000003,20003,37.4952827397,126.9114761949
보라매공원,119000004,20004,37.4968990034,126.9162238534
보라매역.동작세무서,119000005,20005,37.4981412047,126.9201964462
강남중학교,119000006,20006,37.5037895503,126.9218983526
현대아파트,119000007,20007,37.513174,126.931437
현대아파트.유한양행,119000008,20008,37.5132368488,126.9323737344
노량진수산시장.CTS기독교TV,119000009,20009,37.513423,126.938456
노량진수산시장.CTS기독교TV,119000010,20010,37.5134800797,126.9388655754
노량진역,119000011,20011,37.513733,126.943811
노량진역,119000012,20012,37.5138325876,126.9447114504
노들역,119000013,20013,37.512825,126.949256
노들역,119000014,20014,37.512734203,126.9509621786
갯마을앞,119000289,20015,37.4975550541,126.983311749
정금마을.방배경찰서,119000288,20016,37.4942338943,126.9826144422
경문고교.배나무골앞,119000287,20017,37.4915912163,126.9826229009
총신대입구역.남성사계시장입구앞,119000286,20018,37.488365,126.982285
사당동우체국앞,119000285,20019,37.4832273743,126.9819451238
방배노인종합복지관,119000284,20020,37.4806790282,126.9818145731
서울지방병무청앞,119000020,20106,37.506935,126.923275
공군호텔,119000021,20107,37.5100106698,126.9245410607
대방역,119000022,20108,37.5125881335,126.926363433
KT동작지사,119000023,20111,37.5130395413,126.9356600816
노량진역3번출구,119000024,20114,37.5134951577,126.9418756112
노량진역2번출구,119000025,20115,37.5139058884,126.9434701519
사육신공원,119000026,20117,37.5133666069,126.9463011308
사육신공원,119000027,20119,37.513315,126.947977
노들역,119000028,20121,37.5128653113,126.9510505061
노들역,119000029,20122,37.512565,126.951007
흑석동효사정앞,119000030,20123,37.5115545148,126.9607461983
흑석동효사정앞,119000031,20124,37.5115728985,126.9612375315
흑석역.흑석동빗물펌프장,119000032,20125,37.508304935,126.9632135267
흑석역.명수대현대아파트,119000033,20126,37.5074984059,126.9650447528
흑석역.명수대현대아파트,119000034,20127,37.5075850724,126.9655921789
흑석동명수대현대아파트,119000035,20128,37.5073485306,126.96627337
비계,119000036,20129,37.50651,126.967675
비계,119000037,20130,37.5064370015,126.9685844969
흑석동한강현대아파트,119000038,20131,37.505867,126.971748
흑석동한강현대아파트,119000039,20132,37.505609,126.971971
동작역.국립현충원,119000040,20133,37.502586,126.976865
동작역.국립현충원,119000041,20134,37.503188597,126.9766525988
사당1동상점가,119000048,20141,37.476831893,126.9778214942
엔지니어링회관,119000049,20142,37.4760492272,126.972845088
서울공업고등학교,119000050,20143,37.4997751387,126.9223387688
서울공업고등학교,119000051,20144,37.500012,126.921643
대림초등학교,119000052,20145,37.4996077724,126.9264810316
대림초등학교,119000053,20146,37.4998553553,126.926127913
성대시장,119000054,20147,37.50007,126.930872
성대시장,119000055,20148,37.5002832355,126.9317049239
상도초등학교입구,119000056,20149,37.5033778878,126.9367360642
상도초등학교입구,119000057,20150,37.502959881,126.9357682657
동작구청.장승배기역4번출구,119000058,20151,37.5046761432,126.9385221188
동작구청.동작보건소건강관리청,119000059,20152,37.504993,126.94076
동작구청.동작보건소건강관리청,119000060,20153,37.5053297317,126.9417292605
상도노빌리티아파트,119000061,20154,37.5047947107,126.9459415102
상도노빌리티아파트,119000062,20155,37.5043269596,126.9468675132
상도터널.노들역3번출구,119000063,20156,37.5120566862,126.9541121628
상도터널.노들역4번출구,119000064,20157,37.5120063166,126.9536978866
상도터널.상도동,119000065,20158,37.5045988081,126.9495037012
상도터널.상도동,119000066,20159,37.5038586483,126.9495190801
상도역,119000067,20160,37.5016271328,126.9486225374
상도역,119000068,20161,37.5012490566,126.9495197061
상도동중앙하이츠빌.상도전통시장,119000069,20162,37.4988131751,126.9511850423
상도동중앙하이츠빌.상도전통시장,119000070,20163,37.4986899661,126.9517743709
숭실대입구역,119000071,20164,37.4969260383,126.9528039826
숭실대입구역,119000072,20165,37.4961666089,126.9533491547
숭실대입구역,119000073,20166,37.4964614208,126.9537334982
봉현초등학교,119000074,20167,37.4916784048,126.9562148589
봉천고개.관악현대아파트,119000075,20168,37.4917326146,126.9565953054
숭실대중문앞,119000076,20169,37.49515,126.957055
숭실대중문앞,119000077,20170,37.4953183557,126.9572808442
숭실대정보과학관앞,119000078,20171,37.4946390733,126.9602929082
숭실대레지던스홀앞,119000079,20172,37.4949847404,126.959906757
신남성초등학교,119000080,20173,37.4890277761,126.9656493194
총신대,119000081,20174,37.4887422791,126.9661798164
총신대,119000082,20175,37.4878598183,126.9664743548
사당중학교,119000083,20176,37.4863556315,126.9682728248
사당중학교,119000084,20177,37.4866369532,126.9681789127
남성역,119000085,20178,37.4849291221,126.9707465249
남성역,119000086,20179,37.4845875371,126.9710943103
남성역골목시장,119000087,20180,37.4838042897,126.9730147719
남성역골목시장,119000088,20181,37.4836762564,126.9727824251
남성초등학교,119000089,20182,37.4840745961,126.9785857201
남성초등학교,119000090,20183,37.4842992298,126.9784299949
이수역9번출구,119000091,20184,37.4844435384,126.9798968352
이수역10번출구,119000092,20185,37.4848328619,126.9801874958
신대방삼거리,119000093,20186,37.4977748671,126.9278411369
신대방삼거리,119000094,20187,37.4983305124,126.9282547192
신대방동성당.보라매병원입구,119000095,20188,37.494757,126.927191
노량진초등학교앞,119000097,20190,37.5105502162,126.9400540684
노량진초등학교앞,119000098,20191,37.510453,126.940337
장성교회,119000099,20192,37.5082110072,126.9399682084
청화병원,119000100,20193,37.5072450833,126.9400798321
중앙대학교,119000101,20194,37.5081669276,126.9613219646
중앙대학교,119000102,20195,37.508509243,126.9615071968
중앙대학교,119000103,20196,37.5083452201,126.9614382814
동작구청.장승배기역2번출구,119000104,20197,37.5041718438,126.9391355764
동작구청.장승배기역,119000105,20198,37.503934,126.939496
상도2동아이파크.포스코더샵아파트,119000106,20199,37.5014793109,126.9408309246
상도2동아이파크.포스코더샵아파트,119000107,20200,37.5015136806,126.9411384938
신상도초등학교,119000108,20201,37.4993163958,126.9435348692
중앙대후문,119000109,20202,37.5048082949,126.9536355983
중앙대후문,119000110,20203,37.5045504993,126.9534310317
중앙대정문,119000111,20204,37.506809885,126.9582944153
중앙대중문,119000112,20205,37.5066428313,126.9572653015
중앙대정문,119000113,20206,37.5072313914,126.9591141596
신대방역,119000114,20207,37.487296,126.911921
신대방역,119000115,20208,37.4874171465,126.9117427128
동작상떼빌아파트,119000116,20209,37.488253739,126.9071028224
신대방경남아파트,119000117,20210,37.4884286507,126.9072269982
사당롯데캐슬골든포레.사당해그린,119000320,20213,37.492298,126.963578
서울특별시.보라매병원,119000123,20217,37.4927554341,126.9244803976
신상도초등학교,119000124,20219,37.4993739229,126.9436736712
상도4동약수맨션,119000125,20220,37.4979423686,126.9435500396
경향렉스빌.롯데캐슬비엔,119000126,20221,37.4959295429,126.9429139957
경향렉스빌.롯데캐슬비엔,119000127,20222,37.4959853248,126.9427352625
상도4동약수맨션,119000131,20228,37.4979590401,126.9433569275
래미안상도3차중문,119000317,20233,37.4998750017,126.9538679944
금양빌딩,119000316,20235,37.4995065114,126.953501942
노량진역5번출구,119000134,20240,37.5123768448,126.9400621552
상도SH빌아파트상도패리스후문,119000135,20241,37.5026546449,126.9539708958
상도SH빌아파트상도패리스후문,119000136,20242,37.5031415122,126.9542926452
상도3차삼성래미안후문,119000137,20243,37.5010547638,126.9538226802
상도3차삼성래미안후문,119000138,20244,37.5009407383,126.9535689972
상도1동주민센터.상도3차래미안,119000139,20245,37.498406161,126.9533571784
상도1동주민센터.상도3차래미안,119000140,20246,37.4982214146,126.9532555151
노들역앞,119000290,20247,37.513521,126.952211
대방역1번출구앞,119000295,20248,37.5130975089,126.9274742701
대방역.여의교앞,119000291,20249,37.514757,126.92733
노들역4번출구앞,119000294,20250,37.5124572784,126.9533594381
동작실버센터입구.용양봉저정,119000293,20251,37.5131208822,126.956610643
사당동대아신협앞,119000296,20252,37.4833774271,126.9762903614
사당역9번출구앞,119000302,20253,37.47739263,126.9813958895
사당롯데캐슬골든포레.사당해그린,119000319,20254,37.4924365852,126.9630718231
사당솔밭도서관,119900312,20494,37.4840171336,126.9670560347
효주파크빌,119900311,20495,37.50279,126.926694
남성초등학교입구,119900310,20496,37.4837563501,126.9769232473
정금마을,119900306,20498,37.4937773108,126.9813618064
이수힐스테이트.이수푸르지오,119900307,20499,37.4940582217,126.979752481
사당역10번출구,119900083,20500,37.4786874149,126.9815810731
현대2차아파트후문,119900313,20501,37.5107012975,126.9320347501
극동상가,119900256,20502,37.491687286,126.9740958456
삼성래미안.롯데캐슬,119900082,20503,37.4896270276,126.9711491739
자이아파트정문앞,119900081,20504,37.4891368419,126.9627803005
달마사.흑석어린이집,119900080,20505,37.500332,126.960569
사자암,119900078,20507,37.4937689308,126.9363189798
노들역.노량진교회,119900156,20508,37.512451,126.954619
대림현대아파트.사당3동주민센터,119900077,20509,37.4861568443,126.9724840951
행복유치원,119900076,20510,37.4961628916,126.9408148527
이수역,119900075,20511,37.4850014413,126.9806261973
보라매공원정문,119900074,20512,37.4946211032,126.9185784927
신대방삼거리역,119900073,20513,37.4999673048,126.9281819736
현대2차아파트후문,119900314,20515,37.511078,126.932111
극동아파트110동,119900257,20516,37.4903636891,126.9746719153
극동아파트110동,119900258,20517,37.4908474626,126.9741210149
대림아파트후문.래미안로이파크,119900071,20518,37.4886519328,126.9721846371
자이아파트상가앞,119900070,20519,37.4886828031,126.963155966
삼성래미안아파트,119900069,20520,37.497718,126.95927
상도4동성문교회.상도어울마당,119900068,20521,37.499156,126.940108
당곡중.고등학교,119900067,20522,37.493045235,126.9353994727
대림프라자,119900065,20524,37.4839260244,126.9738757634
보라매공원역1번출구,119900063,20527,37.4960060597,126.9180850756
강현중학교,119900264,20528,37.5020677375,126.9278709369
구중앙슈퍼앞,119900062,20529,37.4946119215,126.935503992
흑석자이.유앤미아파트,119900061,20530,37.5007063168,126.9604578422
우리교회,119900318,20531,37.4977604263,126.9317185301
극동아파트112동,119900260,20532,37.4885987803,126.9763424207
삼일공원,119900060,20533,37.4868510064,126.9738555209
사당종합체육관,119900320,20534,37.4925240349,126.9696348409
숭실대후문,119900059,20535,37.4950952786,126.9610345638
더크는킨더어린이집,119900058,20536,37.4996265622,126.9406672593
갑을명가아파트,119900057,20537,37.4936940869,126.9345740345
사당시장,119900055,20539,37.4830900688,126.9751266748
롯데캐슬비엔,119900054,20540,37.4968433468,126.9430908619
삼거리,119900263,20541,37.4855998149,126.9683026096
대방어린이도서관,119900053,20542,37.503123,126.925483
성심슈퍼,119900052,20543,37.4951429733,126.9344155696
흑석자이.흑석한강센트레빌2차,119900051,20544,37.50209,126.960429
롯데캐슬샤인,119900319,20545,37.4909223103,126.9714963842
남성초등학교.사당청소년센터,119900050,20546,37.4860104896,126.974840744
신남성초교후문,119900049,20547,37.4890283675,126.9645998909
현대아이파크,119900047,20549,37.5008885718,126.9416027519
영은교회,119900046,20550,37.4943957803,126.9340950389
이수시너스.이수역7번출구,119900044,20552,37.4839100097,126.9818671422
갑을명가,119900043,20554,37.4825754825,126.9667508946
성남중고,119900042,20555,37.504676,126.925278
청운종합복지관,119900041,20556,37.4955668475,126.933440322
은로초등학교,119900040,20557,37.5032630745,126.9609201815
롯데캐슬샤인,119900321,20558,37.491095683,126.9712023203
동작삼일수영장,119900039,20559,37.4873936762,126.9747984396
삼거리우편물취급소,119900038,20560,37.4841645764,126.9770554226
사당인정아파트,119900037,20561,37.4899710309,126.9649635841
선재유통,119900034,20564,37.4946581742,126.9328021506
중앙대병원,119900033,20565,37.507689887,126.9607327929
밤골터널.상도역롯데캐슬파크엘,119900031,20567,37.5018651497,126.9460153285
동작고교,119900261,20568,37.4818218649,126.9664294375
대림아파트후문.성남중.고교,119900030,20569,37.505674745,126.9248146272
구동사무소,119900029,20570,37.4961096391,126.9324298965
중대부속초등학교,119900028,20571,37.5053724551,126.9610502124
국사봉중학교,119900027,20573,37.4931806671,126.9437280828
장승배기역4번출구,119900026,20574,37.5044810859,126.9377214725
빙수골공영주차장,119900025,20575,37.4952795673,126.932158087
상도역1번출구,119900023,20577,37.5027474813,126.9472102115
이수역,119900022,20578,37.4845151722,126.9799858332
동작상떼빌앞,119900021,20579,37.4877057013,126.9080420892
대방동주민센터,119900020,20580,37.5081772155,126.9261670483
빙수골마을공원,119900019,20581,37.4965518983,126.9321116975
중앙대병원후문.흑석시장,119900018,20582,37.506984,126.961766
방범초소,119900017,20584,37.4941682832,126.9437420438
주택가,119900016,20585,37.505774,126.936377
백경세탁소,119900015,20586,37.4966448723,126.930834755
중앙대중문,119900014,20587,37.5067385205,126.95728804
중대후문입구,119900013,20588,37.5043455055,126.9501363221
신대방1동주민센터,119900012,20589,37.487040971,126.9095785564
주공아파트.남도학숙,119900265,20590,37.5087023253,126.9289889124
상도3동주민센터,119900248,20591,37.4991727218,126.9312735142
삼성래미안.동작청소년센터,119900266,20593,37.5056368127,126.9345388097
하손초장교회,119900011,20594,37.4978176529,126.9300612128
중앙대후문,119900010,20595,37.5050512225,126.9535419345
이화약국,119900009,20596,37.5049512146,126.950537456
숭의여중.고교,119900008,20598,37.5079144369,126.9299522538
현대한의원,119900007,20599,37.5001592705,126.9325619694
사당문화복지관,119900006,20600,37.4853423386,126.9695707031
상도클라베뉴107동,119000322,20601,37.497246,126.938514
성대골쉼터,119000323,20602,37.497599,126.936831
안일약국,119000324,20603,37.497861,126.934694
연세동작병원,119000325,20604,37.498989,126.933543
성대약국,119000326,20605,37.499918,126.93257
흑석역.흑석동빗물펌프장,119000327,20606,37.508223,126.963333
흑석한강센트레빌1차,119000328,20607,37.506117,126.96642
흑석고등학교.큰별어린이집,119000329,20608,37.504295,126.965236
흑석고등학교.푸르지오상가,119000330,20609,37.503542,126.964981
청호아파트후문,119000331,20610,37.5019,126.96426
청호아파트정문,119000332,20611,37.5008556752,126.9636185783
서달산약수터,119000333,20612,37.500002,126.962006
보문사,119000334,20613,37.496533,126.938864
효사정앞,119000199,20659,37.5114312617,126.9607410136
효사정앞,119000200,20660,37.5103036908,126.9626136909
사회복지관앞,119900005,20673,37.506067189,126.9330780951
7호선신대방삼거리역2번출구.국민은행,119900004,20674,37.4989658209,126.928418089
대림프라자,119900003,20675,37.4838072598,126.9743794236
상도은빛어르신복지관.터널경로당,119900002,20676,37.5065716922,126.9512512508
동광교회,119900249,20681,37.5015543584,126.9344857415
남성역.남성역골목시장,119900001,20682,37.4841806903,126.9722197399
대방목욕탕,119900206,20684,37.5071048664,126.9323905778
건영아파트,119900205,20686,37.5078829377,126.9515987872
갯마을,119900204,20694,37.4962336425,126.9825370124
현대아파트,119900203,20695,37.512052615,126.9320467559
경문고등학교,119900202,20697,37.4901811137,126.9824479616
삼거리우편물취급소,119900201,20698,37.4842177829,126.9772691231
밤골.상도역롯데캐슬파크엘,119900309,20699,37.5021520208,126.9455943644
남부교회,119900200,20700,37.5089709879,126.9322870912
정금마을,119900199,20701,37.4943392794,126.9825628967
동작고등학교,119900198,20702,37.4815722629,126.9664442487
KT동작지사,119900197,20703,37.5121801399,126.9344730609
동작구청.장승배기역2번출구,119900246,20704,37.5039320639,126.9389672411
총신대역,119900196,20705,37.487347383,126.9820415707
남성초등학교.사당청소년센터,119900195,20706,37.4861375742,126.9749763981
동원베네스트,119900194,20725,37.5034539195,126.9451749249
신동아정문,119900193,20726,37.5101499659,126.9512523172
사당솔밭도서관,119900192,20727,37.4834269187,126.9670879553
해태타워앞,119900191,20728,37.4910939039,126.9246607439
경성의원.새마을금고앞,119900190,20729,37.5126188873,126.935954556
상도2동주민센터,119900189,20730,37.5050526535,126.9417827452
상도은빛어르신복지관,119900188,20731,37.5063885967,126.9505398317
삼일공원,119900187,20732,37.4869726909,126.9740160547
부강탕,119900247,20740,37.5043671116,126.9459908973
대방역1번출구,119900186,20741,37.5130699136,126.9274282269
극동아파트앞,119900185,20745,37.5110727392,126.951363704
이수역,119900184,20746,37.4865725229,126.9820869839
삼거리,119900183,20747,37.4855349747,126.9684496405
전문건설회관.보라매병원,119900272,20748,37.4923592428,126.9249580304
대림아파트후문.래미안로이파크,119900182,20751,37.4884618946,126.9725906795
상도브라운스톤,119900181,20756,37.505286117,126.9438049608
흑석동,119000279,20782,37.5076760417,126.9654484836
흑석역.명수현대아파트,119000280,20783,37.5074560685,126.965093411
노들역5번출구,119900254,20787,37.5122904513,126.9521592788
상도노빌리티,119900180,20789,37.5051800181,126.9466710231
상도역.하나은행,119900244,20790,37.5038198475,126.9473327434
봉천고개.관악현대아파트,119900179,20791,37.4921183007,126.9566324017
동작삼일수영장,119900178,20792,37.4871765076,126.9747872044
동작고교.사당5동주민센터,119900177,20794,37.4852068927,126.9675296545
건영아파트,119900175,20799,37.5069702375,126.9480050422
우성201동.극동112동,119900174,20801,37.4881461014,126.9759330153
삼호.오네뜨아파트,119900173,20802,37.4865452277,126.9656301015
동작구건강관리청(동작구보건소),119900172,20803,37.5054913714,126.9415426118
남부교회,119900171,20804,37.5091952385,126.9320719695
도시가스.두산아파트,119900170,20805,37.505053155,126.9447020905
핸드픽트호텔,119000312,20806,37.501295738,126.9334329321
핸드픽트호텔,119000313,20807,37.5016110077,126.9335301509
7호선신대방삼거리역4번출구,119900169,20808,37.4998232995,126.9267443461
우성아파트,119900168,20809,37.508454,126.947083
숭실대입구역2번출구,119900253,20810,37.4961965212,126.9535564495
시장입구,119900167,20811,37.4894721027,126.977157838
신남성초교입구,119900262,20812,37.4879028591,126.9645031705
새소망교회,119900166,20813,37.5063972057,126.9420033988
대방목욕탕,119900165,20814,37.507519,126.932239
본동초등학교,119900164,20815,37.5107266973,126.9535550176
코오롱하늘채아파트,119900163,20818,37.4991700746,126.9240090902
강남교회.오거리,119900162,20819,37.5102778468,126.9449289949
봉천고개.현대아파트,119900161,20820,37.4919019936,126.9562362162
신동아아파트,119900160,20822,37.4900072452,126.9765786726
LG아파트상가,119900159,20823,37.4886009282,126.963560848
신동아아파트701동앞,119900158,20824,37.5074809233,126.9432253093
사회복지관앞,119900157,20825,37.505716,126.933568
테니스장.우성아파트304동,119900259,20829,37.4906189658,126.9759361455
자이아파트정문앞,119900154,20830,37.4893053683,126.9628435447
신동아관리사무소.영어마루도서관,119900153,20832,37.5083076038,126.9440017764
삼성래미안.동작청소년센터,119900152,20833,37.5055356102,126.9348170675
대방역2번출구앞,119900151,20834,37.5127789562,126.9275880089
경성의원.새마을금고앞,119900150,20836,37.5127937149,126.9359804244
노량진역,119900149,20837,37.5137237868,126.941453612
신동아상가,119900148,20839,37.5079978025,126.9463253599
주택가,119900147,20840,37.5055040763,126.9364798085
예스플러스,119900146,20842,37.5039638554,126.9224942472
KT동작전화국,119900145,20843,37.5123694199,126.9345611292
노량진역5번출구,119900144,20844,37.5130148375,126.940088794
숭실대후문,119900143,20845,37.4950484626,126.9611601225
건영아파트,119900142,20846,37.5073665272,126.9476598101
장승배기역4번출구,119900141,20847,37.5044197304,126.9375688275
테니스장앞,119900140,20848,37.4981116101,126.9593670537
숭의여중고교.공군항공안전단,119900139,20850,37.5073826349,126.9296959851
동작구청.장승배기역5번출구,119900138,20851,37.5050962917,126.938975342
명창빌딩,119900136,20854,37.504496659,126.936506677
더크는킨더어린이집,119900135,20855,37.4997752435,126.9406660106
본동시장,119900134,20856,37.5122399144,126.9519737943
성원아파트,119900133,20857,37.508821774,126.925418897
상도4동성문교회.상도어울마당,119900132,20858,37.4991450337,126.9399946942
극동아파트,119900131,20859,37.511110522,126.9512098387
대방동주민센터,119900267,20861,37.5083866972,126.9261640144
쌍용아파트,119900130,20862,37.5015039566,126.93298603
삼성래미안아파트,119900129,20864,37.5103454356,126.9510847768
대림아파트후문.성남중.고교,119900128,20865,37.5058658913,126.9249920186
성대시장,119900127,20866,37.5000808511,126.9322988293
노량진역,119900126,20867,37.5135038929,126.9432478962
강현중학교.동작청소년센터,119900125,20868,37.5030004211,126.9345122587
한신아파트,119900124,20869,37.5087397453,126.95125889
대방교회,119900123,20870,37.5039714206,126.9230394173
김한욱치과의원.대륙서점,119900122,20871,37.4989754823,126.9333826454
건영아파트후문,119900121,20872,37.5078063047,126.9515026905
대방동주택가.홈타운아파트,119900268,20873,37.5039451009,126.9241422416
강남교회.오거리,119900120,20874,37.5102462423,126.9447876219
상도은빛어르신복지관.터널경로당,119900245,20875,37.5065409316,126.950953788
강남중학교앞,119900119,20876,37.502975,126.924153
사거리,119900118,20877,37.496036362,126.9367943174
우성아파트,119900117,20878,37.508537,126.946766
범한택시,119900116,20880,37.500061271,126.9240183662
제일성민교회,119900115,20881,37.4954606322,126.9371965528
신동아리버파크,119900114,20882,37.5066765081,126.9477107912
안일약국,119900113,20883,37.4977616565,126.934555783
상도역2번출구,119900112,20884,37.5029069167,126.9470766344
달마사,119900298,20885,37.4995357728,126.9606900215
동작하이슈퍼,119900111,20886,37.4950179926,126.9365045428
상도노빌리티,119900110,20887,37.5053838502,126.9466416761
밤골.상도역롯데캐슬파크엘,119900109,20888,37.5019552075,126.9459219623
상도역5번출구,119900108,20890,37.5035799614,126.9489458159
약수맨션.약수당약국,119900107,20891,37.4982526063,126.9435185194
현진빌라.고마트,119900106,20892,37.4972109542,126.9430023671
중앙대후문,119900105,20893,37.5050129803,126.9539815854
건영아파트,119900104,20894,37.5074478171,126.9476344677
중앙대중문,119900255,20896,37.5064893501,126.9573559193
신동아상가,119900103,20897,37.50813015,126.9460741526
중앙대정문,119900101,20898,37.5067437707,126.958223341
신동아관리사무소.영어마루도서관,119900102,20899,37.5084979923,126.9445445828
중앙대병원,119900100,20901,37.5075405164,126.9613764833
신동아아파트701동앞,119900099,20902,37.5075024276,126.9429719204
보라매어린이집.문창중학교,119900098,20903,37.4977191463,126.9231862171
중앙대병원후문.흑석시장,119900097,20904,37.5064627639,126.9612695829
새소망교회,119900096,20906,37.5062095609,126.9415658051
동작우체국,119900095,20907,37.4977295307,126.9245070504
중앙대부속초등학교.롯데캐슬에듀포레,119900094,20908,37.5049212013,126.9607856633
신대방삼거리역.성대시장,119900093,20909,37.4982254734,126.9279311823
은로초등학교,119900092,20910,37.5032573835,126.9607814881
신대방1동경남아파트,118900115,20911,37.489931954,126.9075610052
흑석한강센트레빌2차.흑석자이,119900091,20912,37.5022199637,126.9603298144
부강탕,119900090,20913,37.5045473263,126.9459783256
유앤미아파트,119900089,20914,37.5009247014,126.9601325904
동원베네스트,119900088,20915,37.5032059252,126.9447645304
보라매병원.전문건설회관,119900087,20916,37.492988,126.923833
동양아파트.달마사,119900086,20917,37.4995634362,126.9598585367
현대시장,120000149,21251,37.4868811315,126.947836543
밤골.상도역롯데캐슬파크엘,119900085,20918,37.5019654526,126.9455074093
아카데미타워,119900084,20919,37.4912126935,126.9244163541
신대방역,119900242,20921,37.4874991805,126.9130146621
빌라삼거리.영도교회.약수터,119900241,20922,37.4953540701,126.9436054409
신대방1동주민센터,119900271,20923,37.4872123087,126.9097457115
방범초소,119900240,20924,37.4944263836,126.9435828924
신대방현대아파트,119900327,20925,37.4951584458,126.9116914272
국사봉중학교,119900238,20926,37.4933842425,126.9435729947
신대방우성아파트앞,119900237,20927,37.4933430025,126.9103818246
교수아파트,119900236,20928,37.496296383,126.913422836
보라매공원역2번출구,119900235,20929,37.4960713855,126.9177800417
보라매공원정문,119900234,20930,37.4947672843,126.9182419159
삼일초등학교앞,119900233,20931,37.4881057301,126.9756632895
상도초등학교,119900232,20932,37.5028527874,126.9360217143
신동아상가,119900231,20933,37.5087596306,126.9514070573
현대아파트,119900230,20934,37.5123455625,126.9319173232
서달산약수터,119900297,20935,37.4998489184,126.9620217296
신대방역,120000435,20936,37.4866047302,126.9130382377
신대방역,120000427,20937,37.486768682,126.9129713295
장성교회,119900229,20938,37.50743942,126.9399010423
숭의여중고교.공군항공안전단,119900228,20939,37.5079992556,126.9301467298
대방동주공아파트,119900269,20940,37.5090527881,126.9288799898
노량진신한은행,119900227,20941,37.5121553851,126.9441708438
노량진한국법학교육원,119900226,20942,37.512353703,126.9443313266
7호선신대방삼거리역2번출구.국민은행,119900225,20943,37.4988284774,126.9285171719
하손초장교회,119900224,20944,37.4977131036,126.9300251189
백경세탁소,119900223,20945,37.4965907359,126.9307149228
빙수골공영주차장,119900222,20946,37.4952993071,126.9320110465
선재유통,119900221,20947,37.4945545203,126.9327547444
영은교회,119900220,20948,37.494379503,126.9339921386
갑을명가아파트,119900219,20949,37.4936012213,126.9344802493
당곡중.고등학교,119900218,20950,37.4929175466,126.9355630875
사자암,119900217,20951,37.493762,126.936414
동작하이슈퍼,119900216,20952,37.4949180583,126.9367296655
제일성민교회,119900215,20953,37.495337429,126.9374010926
보문사,119900214,20954,37.4961202394,126.938645622
동아아파트,119900213,20955,37.4964310253,126.9401630759
행복유치원,119900212,20956,37.4957521106,126.9412493715
사당1동주민센터입구,119900209,20959,37.484087397,126.9787425623
노들역5번출구앞,119900208,20960,37.5125403512,126.9525311749
청호아파트,119900296,20966,37.5007517363,126.9637881997
푸르지오후문,119900295,20967,37.5015927889,126.9643336036
푸르지오상가,119900294,20968,37.5034197881,126.9650367495
흑석한강푸르지오,119900293,20969,37.5042938575,126.9653558384
흑석동주민센터,119900292,20970,37.5058669213,126.9664605238
대방중학교,119900299,20971,37.4954921867,126.9144839499
상도감리교회.보건소,119900291,20972,37.5054948614,126.9413118652
수도여고.남부수도사업소,119900300,20973,37.4935547507,126.9152513015
동작구민체육센터.기상청,119900301,20974,37.4942400994,126.9172420906
동작구민체육센터.기상청,119900302,20975,37.4944139686,126.9171796976
수도여고.남부수도사업소,119900303,20976,37.4938774194,126.9148815723
대방중학교,119900304,20977,37.495531285,126.9145761544
정금마을,119900305,20978,37.4939326631,126.9811660051
경동아파트,119900290,20979,37.5094841427,126.9537175431
동양중학교,119900289,20980,37.5091142107,126.9548036777
극락정사,119900288,20981,37.5080479239,126.9518056786
흑석역,119900286,20983,37.5092011475,126.9623026038
중앙대병원,119900285,20984,37.5074356533,126.9603641787
상도역1번출구,119900284,20985,37.5025855614,126.9478369293
봉천고개.관악현대아파트,119900281,20986,37.4913451421,126.956601184
상도3동주민센터,119900282,20988,37.4995035166,126.9298933823
양녕청년주택,119900283,20989,37.4966794533,126.936166566
두산위브아파트,119900280,20990,37.484877791,126.9708754546
보라매역.동작세무서,119900278,20992,37.4992308508,126.9201906523
노량진수산시장,119000321,20994,37.51575,126.940809
보라매역.동작세무서,119900279,20995,37.4979925451,126.920229403
신남성초교입구,119900275,20997,37.4877091329,126.9645405795
삼호.오네뜨아파트,119900276,20998,37.4866037163,126.9653451099
사당5동주민센터,119900277,20999,37.4850737353,126.9674932038
구로디지털단지역,120000001,21001,37.4839345974,126.9024471276
구로디지털단지역,120000674,21002,37.4839770128,126.9024669147
사당자동차학원,120000672,21027,37.471427,126.983217
사당역,121001314,21028,37.4748233089,126.9817223705
서울미술고.인헌중고,120000002,21101,37.4764663412,126.9655544411
낙성대입구,120000003,21102,37.4779096847,126.9618756708
행운동주민센터,120000004,21103,37.4798444396,126.9568690307
서울대입구역5번출구,120000005,21104,37.4816281486,126.951014176
KT관악지점,120000006,21105,37.4820390166,126.9471913134
봉천역.관악초등학교,120000007,21106,37.4824403435,126.9431518504
KT&G관악지점,120000008,21107,37.4844754738,126.9373129096
신림사거리.신림역,120000009,21108,37.4841492836,126.9278542438
남부초등학교,120000010,21109,37.4834020208,126.922044754
호림박물관,120000011,21110,37.4827231582,126.9183765847
난곡입구,120000012,21111,37.4822370031,126.915722964
관악구보훈회관.신림푸르지오,120000013,21112,37.481361666,126.9112396639
천주교성령봉사회관.등불교회,120000014,21113,37.4807554146,126.9079578883
KT구로지사,120000015,21114,37.4802646679,126.9049986272
난곡입구,120000016,21115,37.4819399662,126.9161388018
남서울중학교.성보중고등학교,120000017,21116,37.4828195546,126.9210108639
신림사거리.신림역,120000018,21117,37.483817804,126.9280626243
KT&G관악지점,120000019,21118,37.484533,126.936125
봉천역.관악초등학교,120000020,21119,37.4820551447,126.9431153969
KT관악지점,120000021,21120,37.4814828857,126.9484610699
서울대입구역1번출구.샤로수길,120000022,21121,37.4803684653,126.9545837877
낙성대동,120000023,21122,37.4792747849,126.9573911237
낙성대입구,120000024,21123,37.4778444821,126.9608874889
인헌중고.서울미술고,120000025,21124,37.4756534429,126.9666239506
예술인마을.사당초등학교,120000026,21125,37.4759368363,126.9738846758
남서울농협남현동지점,120000027,21126,37.476370961,126.9773008972
서울대학교,120000028,21127,37.4667414611,126.9479522861
서울대학교,120000029,21128,37.4668539107,126.9488427043
서울여상.서울문영여중고앞,120000030,21129,37.4731604796,126.9533001437
관악구청,120000031,21130,37.4779819797,126.9524977507
봉천사거리.봉천중앙시장,120000032,21131,37.4828873794,126.9542258337
봉원중학교.행운동우성아파트,120000033,21132,37.4849010896,126.9559128703
관악푸르지오아파트,120000034,21133,37.4877034434,126.9581660971
성현동동아아파트,120000035,21136,37.488401645,126.957732596
봉원중학교.행운동우성아파트,120000036,21137,37.4848580279,126.955335791
봉천사거리.봉천중앙시장,120000037,21138,37.4831545464,126.9538387042
관악구청,120000038,21139,37.4793471271,126.9521875661
관악경찰서.관악소방서,120000039,21140,37.475253,126.952572
서울여상.서울문영여중고앞,120000040,21141,37.473002,126.952845
신림중.삼성고.관악아트홀·도서관,120000041,21142,37.470352,126.944412
서울산업정보학교.삼성교,120000042,21143,37.4710142867,126.941124806
신성초등학교,120000043,21144,37.4710779706,126.9374233711
서울대벤처타운역1번출구,120000044,21145,37.473206969,126.933686278
쑥고개입구,120000045,21146,37.4761917072,126.9374950813
서원역1번출구.신관중학교,120000046,21147,37.4786498144,126.9323856945
신림사거리,120000047,21148,37.4819257882,126.9300715056
신림동별빛거리입구,120000048,21149,37.4858478867,126.9296319572
당곡역.보라매공원.보라매병원,120000049,21150,37.4904418111,126.9276205633
당곡역2번출구.롯데백화점관악점,120000050,21151,37.4900092446,126.9274852912
신림동별빛거리입구,120000051,21152,37.4864151799,126.929060426
신림사거리,120000052,21153,37.482767098,126.9296377666
서원역,120000053,21154,37.4779185578,126.9327230039
서림동주민센터.신화단지,120000054,21155,37.4755291616,126.9363417324
서울대벤처타운역.삼성동시장,120000055,21156,37.4727127526,126.9329597367
대학동고시촌입구,120000056,21157,37.470538,126.938381
서울산업정보학교.삼성교,120000057,21158,37.470573816,126.9420276971
관악산입구.관악아트홀·중앙도서관,120000058,21159,37.4677578665,126.9468707158
당곡역.당곡사거리.롯데백화점,119000303,21160,37.4910041432,126.9270746638
사당역4번출구,120000059,21161,37.4755408508,126.9813590372
남현동홈플러스앞,120000060,21162,37.472373,126.98253
남태령역,120000061,21163,37.46557,126.987784
낙성대입구,120000062,21164,37.4782931407,126.9579938257
삼성동주민센터,120000063,21165,37.4700056074,126.9330211856
미림고개,120000064,21166,37.4681128919,126.9319828921
미림여고.미림마이스터고등학교,120000065,21167,37.465641,126.931333
신우초등학교,120000066,21168,37.462487,126.93169
삼성산성지,120000067,21169,37.458825,126.929865
산장아파트,120000068,21170,37.459955,126.927725
삼성산주공아파트,120000069,21171,37.461345,126.925109
산복터널.관악산휴먼시아2단지,120000070,21172,37.458697,126.922015
산복터널.관악산휴먼시아2단지,120000071,21173,37.4590812203,126.9225758449
삼성산주공아파트,120000072,21174,37.4611062672,126.9250910137
산장아파트,120000073,21175,37.4597961436,126.9275003475
삼성산성지,120000074,21176,37.4586127523,126.9298863649
신우초등학교,120000075,21177,37.4624107186,126.9319560545
미림여고.미림마이스터고등학교,120000076,21178,37.4651129483,126.9316212418
미림고개.고시촌입구,120000077,21179,37.4677922169,126.9320992763
서울대벤처타운역,120000078,21180,37.4706929498,126.9335914518
쑥고개,120000079,21181,37.478535389,126.9403975075
e편한세상서울대입구아파트,120000080,21182,37.4795321814,126.9428290096
영락고교.영락의료과학고,120000081,21183,37.4792126295,126.9456223075
생모리츠타운,120000082,21184,37.479050171,126.947758707
관악구청,120000083,21185,37.4787271125,126.9507973533
생모리츠타운,120000084,21186,37.4792461009,126.9476681239
영락고교.영락의료과학고,120000085,21187,37.4793964639,126.9456413962
e편한세상서울대입구아파트,120000086,21188,37.4797304539,126.9429334382
쑥고개,120000087,21189,37.4786269166,126.94012124
은천교,120000088,21190,37.4862741791,126.9358192432
봉일시장,120000089,21191,37.4861847891,126.9387053001
은천초등학교,120000090,21192,37.486084336,126.9424344854
두산.벽산아파트.서울관광고등학교,120000091,21193,37.4867862492,126.945256088
현대시장앞,120000092,21194,37.486735,126.947932
관악동부센트레빌아파트앞,120000093,21195,37.4862395065,126.951997229
중앙동성당앞,120000094,21196,37.4858038301,126.9546624721
중앙동성당앞,120000095,21197,37.4859234164,126.9551938213
관악동부센트레빌아파트앞,120000096,21198,37.4864744102,126.95130163
벽산.두산아파트.서울관광고등학교,120000098,21200,37.4869646301,126.9451745389
은천초등학교,120000099,21201,37.4863200172,126.942448318
봉일시장,120000100,21202,37.4862623399,126.9389872733
은천교,120000101,21203,37.4864887267,126.9355505303
신림청소년독서실.신림체육센터,120000102,21204,37.480922,126.914797
난곡우체국사거리,120000103,21205,37.4771890136,126.915601446
신일교회앞.도깨비시장,120000104,21206,37.4754531432,126.9167650134
세이브마트앞,120000105,21207,37.47385703,126.918037
남강중고등학교입구,120000106,21208,37.4722574159,126.9195218742
우림시장.난곡보건분소,120000107,21209,37.4705471261,126.9200007204
난우중학교입구,120000108,21210,37.4666919669,126.92054078
신림복지관앞,120000109,21211,37.4652824875,126.9196773902
신림복지관앞,120000110,21212,37.465357,126.919495
난우중학교입구,120000111,21213,37.467392,126.920348
우림시장.난곡보건분소,120000112,21214,37.470667112,126.9197417798
남강중고등학교입구,120000113,21215,37.4725557947,126.9191422392
세이브마트앞,120000114,21216,37.4739579362,126.9174336686
신일교회앞.도깨비시장,120000115,21217,37.475399,126.916574
난곡우체국사거리,120000116,21218,37.4769808612,126.9154305767
신림청소년독서실.신림체육센터,120000117,21219,37.480315301,126.9146624536
KT구로지사,120000118,21220,37.4812745555,126.90539986
골목시장앞,120000119,21221,37.4815094057,126.9053800168
조원동주민센터,120000120,21222,37.4834358832,126.9074141948
조원동주민센터,120000121,21223,37.483184422,126.9070563124
신대방역,120000122,21224,37.4865794735,126.9130032118
신대방역,120000123,21225,37.4866700184,126.9126962022
보라매공원입구,120000124,21226,37.4891229048,126.9174897386
보라매공원입구,120000125,21227,37.489435269,126.9178010867
보라매파크뷰아파트,120000126,21228,37.4896486343,126.9220386039
롯데관악점,120000127,21229,37.4897262326,126.9251647188
롯데관악점,120000128,21230,37.4901297758,126.9257070748
당곡역,120000129,21231,37.4892995107,126.9270622168
당곡중학교,120000130,21232,37.488084986,126.9305421031
당곡중학교,120000131,21233,37.487948574,126.9319168564
봉현초등학교,120000134,21236,37.4907157496,126.9554672808
동아아파트105동앞,120000135,21237,37.49052765,126.955414395
관악드림타운115동,120000137,21239,37.490522127,126.9527938777
관악드림타운115동,120000138,21240,37.490144527,126.9530108571
관악드림타운북문,120000139,21241,37.491600782,126.951276815
관악드림타운북문,120000140,21242,37.4915440732,126.9510801201
구암중학교,120000141,21243,37.4924641868,126.9483401995
구암중학교,120000142,21244,37.4922862923,126.9484647078
벽산아파트.적십자남부봉사관,120000143,21245,37.492953,126.946532
벽산아파트.적십자남부봉사관,120000144,21246,37.4930533731,126.9461601934
벽산블루밍벽산아파트303동앞,120000145,21247,37.4919397992,126.944368715
구로디지털단지역,120000146,21248,37.4838240234,126.9026875907
서울대입구역2번출구,120000150,21252,37.4801109505,126.9527297656
신봉초등학교입구,120000151,21253,37.4841900104,126.9468251624
구암초등학교,120000152,21254,37.4891880904,126.9461216984
은천동벽산블루밍아파트105동,120000153,21255,37.4893681933,126.9458637343
은천동두산아파트3단지,120000154,21256,37.484358827,126.9465536842
봉일시장,120000155,21257,37.4850728694,126.9372434322
봉천역,120000156,21258,37.4832362109,126.942119674
현대시장,120000157,21259,37.4876789537,126.9465909455
현대시장,120000158,21260,37.4874402599,126.9465203946
관악우체국.에이치플러스양지병원,120000159,21261,37.4848480554,126.933156959
관악우체국.에이치플러스양지병원,120000160,21262,37.4844524654,126.9331482652
보라매삼성아파트.모자원고개,120000161,21263,37.4945144044,126.9273975559
조원힐스테이트뉴포레아파트,120000162,21264,37.4835747238,126.9061605387
관악산휴먼시아.신림푸르지오2차,120000163,21265,37.460381143,126.919522697
관악산휴먼시아아파트1단지입구,120000164,21266,37.4609276261,126.9219633037
관악산휴먼시아아파트1단지입구,120000165,21267,37.4609929949,126.9216300665
난향동주민센터,120000166,21268,37.461001,126.919167
서울대정문,120000167,21269,37.4657347092,126.9483888926
법대.사회대입구,120000168,21270,37.462798,126.948992
자연대.행정관입구,120000169,21271,37.4602745925,126.9488328413
농생대,120000170,21272,37.4571629782,126.9491669695
공대입구,120000171,21273,37.4549310083,126.9498437849
신소재,120000172,21274,37.4534963067,126.9502261839
제2공학관,120000173,21275,37.4487952024,126.9520772668
유회진학술정보관.제1공학관,120000174,21276,37.451283,126.952595
유전공학연구소.반도체공동연구소,120000175,21277,37.4540103657,126.9539020813
교수회관입구,120000176,21278,37.4560708573,126.9553487986
관악사삼거리,120000177,21279,37.4607880575,126.9567262582
국제대학원,120000178,21280,37.46418,126.955263
수의대입구.보건대학원앞,120000179,21281,37.466119,126.954632
경영대.행정대학원,120000180,21282,37.466135,126.952053
경영대.행정대학원,120000181,21283,37.465863,126.951012
수의대입구.보건대학원앞,120000182,21284,37.465773,126.954672
국제대학원,120000183,21285,37.46371,126.954927
관악사삼거리,120000184,21286,37.460528,126.95666
공동기기원,120000186,21288,37.4551189492,126.9544665701
유전공학연구소.반도체공동연구소,120000187,21289,37.4537476916,126.9535516289
에너지자원신기술연구소,120000188,21290,37.4535952522,126.9522141729
공대입구,120000190,21292,37.4553640041,126.949896448
농생대,120000191,21293,37.4571128404,126.9493877458
자연대.행정관입구,120000192,21294,37.4599898135,126.9489559518
문화관입구,120000195,21297,37.4614868493,126.9494503629
법대.사회대입구,120000196,21298,37.46326,126.949075
서울대정문,120000197,21299,37.4653754725,126.9486357857
우방아파트,120000198,21300,37.489233,126.919247
은천성결교회,120000199,21301,37.4883272437,126.9214262581
남부초교후문,120000200,21302,37.4867197461,126.9226406129
봉림교,120000201,21303,37.4847770708,126.9245166934
봉림교,120000202,21304,37.4849717829,126.9246318378
남부초교후문,120000203,21305,37.4864491785,126.9222366697
청담고시원,120000207,21309,37.4716612193,126.9399508583
우리슈퍼,120000208,21310,37.4722845735,126.9393706575
명호고시원,120000209,21311,37.4733194431,126.938860909
동작마트,120000210,21312,37.4742815521,126.938356196
제일성도교회,120000211,21313,37.4748334585,126.9404392562
삼양슈퍼,120000212,21314,37.4751039806,126.9420665874
금성마트용천사,120000213,21315,37.4750292676,126.942807788
삼양슈퍼,120000214,21316,37.4749343135,126.9421136493
제일성도교회,120000215,21317,37.4746577628,126.9404789678
동작마트,120000216,21318,37.4749391205,126.9380334582
고시촌입구,120000217,21319,37.4705489387,126.9376643153
대학동치안센터,120000218,21320,37.4690418042,126.9376455022
대학동노인정,120000219,21321,37.46735,126.93757
금호타운아파트,120000220,21322,37.4657396064,126.9376595486
금호타운아파트,120000225,21327,37.4657104128,126.9378291297
대학동노인정,120000226,21328,37.4671591135,126.9376868773
대학동치안센터,120000227,21329,37.4689379452,126.9377735833
서울대입구역3번출구,120000228,21330,37.4807005941,126.9524440164
청림동현대아파트,120000230,21332,37.491334,126.957561
청림동현대아파트,120000231,21333,37.491948,126.959384
보성운수기종점,120000233,21335,37.4641267565,126.9190213265
난곡공영차고지,120000235,21337,37.463938,126.918963
제2공학관,120000238,21340,37.4480848677,126.9521425546
오리사랑,120900047,21543,37.4737417629,126.9668389441
건설환경종합연구소앞,110000654,21341,37.4472002497,126.9496963827
봉일시장,120000420,21342,37.4855325313,126.9372877479
보라매공영주차장,120000419,21343,37.4887044852,126.9342323482
당곡중고교,120000417,21344,37.4911229426,126.9340425015
연희빌라,120000415,21345,37.4925826472,126.9338080186
재넘이고개,120000413,21346,37.4928281646,126.9353672862
연희빌라,120000414,21347,37.4925289803,126.9337389141
당곡중고교,120000416,21348,37.4911375856,126.9339322377
보라매공영주차장,120000418,21349,37.4887260569,126.9341339458
신림사거리.신림역,120000421,21350,37.4841991011,126.9282759755
신사동주민센터.신사시장,120000424,21351,37.485534,126.917282
건영유치원,120000423,21352,37.4850495896,126.9145919609
신대방역,120000422,21353,37.4864484117,126.9136841115
난곡사거리,120900115,21354,37.483037,126.914462
난곡사거리,120900204,21355,37.4827675299,126.9142384082
신대방역,120000438,21356,37.4863653637,126.9134840538
신사시장.평화교회,120000437,21357,37.4844679227,126.9138803062
신사시장.선한이웃교회,120000436,21358,37.4845275146,126.9140379945
신림청소년독서실.신림체육센터,120000439,21359,37.4804433853,126.9148713746
신사동진양빌딩앞,120000446,21360,37.4876940621,126.9146115645
호림박물관,120000445,21361,37.4823672056,126.918618871
보성운수차고지맞은편,120000447,21363,37.4646708176,126.9192632133
조원아파트,120000451,21364,37.484088,126.90782
성원홈아파트,120000450,21365,37.4902310566,126.9344142103
성원홈아파트,120000449,21366,37.4902039601,126.9343000164
신림빗물펌프장,120000455,21367,37.484979,126.9084
봉천사거리.위버폴리스,120000456,21368,37.4827934095,126.9535723145
서원동승리교앞,120000457,21369,37.4815862804,126.9299073023
서울난향초등학교.난향동주민센터,120000458,21370,37.4627367836,126.9188888522
은천길입구,120000459,21371,37.4866475818,126.9336112524
대학동샘말공원,120000664,21372,37.4651382749,126.9383464994
서울대학교.치과병원.동물병원,120000665,21373,37.4692744185,126.9520815656
서울대학교.치과병원.동물병원,120000668,21374,37.470034,126.951937
신림2교,120000669,21375,37.477526,126.93678
서울대학교,120000670,21376,37.4676609636,126.9496319032
신림역2번출구,119000314,21377,37.4833220413,126.929897162
벽산블루밍아파트종점,119000315,21378,37.492105,126.944636
청림동현대아파트입구,120000673,21379,37.4910748741,126.957413445
아카시아마을.민방위교육장,120900083,21501,37.4720765376,126.9110629666
난향동공영차고지,120900082,21502,37.4634784081,126.9189072689
청림동푸르지오아파트121동앞,120900081,21503,37.4855867055,126.9606640782
보명사.법화사,120900066,21504,37.4760734942,126.9248318555
현대아파트후문,120900080,21505,37.4752551368,126.9304689235
GS편의점.소망유통,120900079,21506,37.4693187251,126.9686576958
국사봉,120900078,21507,37.491065,126.941744
봉천역,120900077,21508,37.4835902775,126.9409009883
뉴서울아파트,120900076,21509,37.4714170168,126.9111256421
푸르지오122동,120900074,21511,37.4860981959,126.9596641783
승산밝은빛교회.구무림비디오,120900065,21512,37.4757279844,126.9242273045
코사마트,120900073,21513,37.4762191632,126.9302023262
인수당약국,120900072,21514,37.4701674287,126.9681361509
벽산아파트후문.만물슈퍼,120900071,21515,37.4907882284,126.9418503621
신협,120900175,21517,37.4831950485,126.9465737839
쌍용아파트후문,120900068,21518,37.4726771928,126.9117541837
관악로입구,120900067,21520,37.4864265271,126.9580220655
한마음슈퍼,120900064,21521,37.4753175115,126.9234984545
미성빌라,120900069,21522,37.4770770731,126.9302987658
우리현대마트,120900063,21523,37.4710782857,126.9675399492
우리슈퍼,120900062,21524,37.4903837611,126.9421119066
두산아파트입구,120900061,21526,37.4847729966,126.9468248253
벽산아파트501동.적십자센터,120900060,21527,37.4929053524,126.9465804386
신라놀이터,120900059,21528,37.4732481844,126.9125494627
충남슈퍼.생각대로통신,120900058,21531,37.4749187609,126.9227888212
혜성세탁소,120900057,21532,37.4776960894,126.9303876606
동인약국.인헌중고입구,120900056,21533,37.4719720293,126.9669821806
수정슈퍼,120900055,21534,37.4898025437,126.9421010465
현대시장,120900054,21536,37.4870735721,126.9469475848
벽산아파트,120900053,21537,37.4922931588,126.9438938598
두영아파트,120900052,21538,37.474298874,126.9137749689
삼성산주공정문,120900051,21539,37.480443,126.914873
서울대입구역2호선,120900050,21540,37.4824664116,126.9538359816
제일교회입구,120900049,21541,37.4745263191,126.9220871034
GS편의점,120900048,21542,37.4785696861,126.9307709276
서울관광고등학교,120900046,21544,37.4890752374,126.9418663911
구암초등학교정문,120900045,21545,37.4881663803,126.9464345431
현대홈타운아파트,120900044,21546,37.47934,126.963367
미성중학교,120900043,21547,37.4755708036,126.9131844409
삼성산주공307동앞,120900042,21548,37.4617159167,126.9273354547
관악프라자,120900041,21549,37.4835760192,126.954733128
남강중고등학교입구,120900040,21550,37.4741455935,126.9213944256
동산교회,120900039,21551,37.4790806784,126.9298664772
인헌연세약국,120900038,21552,37.4750663629,126.9667445158
산성교회,120900037,21553,37.4886722866,126.9415478054
관악센트씨엘정문,120900035,21555,37.4899711367,126.9460928644
낙성대역,120900034,21556,37.4777900122,126.9624207194
라이프아파트,120900033,21557,37.4771733447,126.9136959114
2단지종합상가,120900032,21558,37.4635774095,126.9263183097
애동유치원,120900031,21560,37.4742691695,126.9202354038
서강약국,120900030,21561,37.4794709098,126.9281244578
인헌시장입구,120900029,21562,37.47542833,126.9657720013
경천교회,120900028,21563,37.4880274638,126.9404796696
대학원생활관,120900027,21564,37.4623361202,126.9573923129
성현동주민센터,120900026,21565,37.489861,126.947285
사랑의병원,120900025,21566,37.4796244089,126.9564304426
신림고등학교,120900024,21567,37.4776805895,126.9160901041
203동앞,120900023,21568,37.4644446975,126.9264976658
관악로입구,120900022,21569,37.4862759617,126.9577948573
세이브마트,120900021,21570,37.4741762919,126.918818829
동부아파트,120900020,21571,37.4813012413,126.9284313945
파리바게트.낙성대지하철,120900189,21572,37.4761438371,126.964376791
국회단지입구,120900019,21573,37.4865995241,126.9393194579
학부생활관,120900196,21574,37.4637506192,126.9580724931
구암어린이집.관악센트씨엘108동,120900018,21575,37.4909558362,126.9476358057
낙성대역,120900017,21576,37.4778756928,126.9626592502
난곡터널,120900016,21578,37.4779795626,126.9183861861
광신고등학교.주공1단지,120900015,21579,37.4660286495,126.927107173
우성아파트103동,120900014,21580,37.4860917446,126.9592457839
난우초등학교,120900013,21581,37.475947114,126.917730357
삼모타워앞.건강보험관악지사,120900012,21582,37.482525,126.928399
인헌초등학교,120900011,21583,37.4769842505,126.962192055
은천교앞,120900010,21584,37.4864003668,126.9358819578
BK국제관,120900009,21585,37.4654239013,126.9578693178
관악드림타운2단지,120900008,21586,37.4917149515,126.9470590155
현대홈타운아파트,120900007,21587,37.4791296644,126.9634796509
갑을아파트,120900194,21588,37.4897535048,126.9220551526
신원동치안센터,120900006,21589,37.4790908751,126.9270325662
유완약국.성림교회,120900197,21590,37.4668169248,126.9300505356
행운동우성아파트109동앞,120900005,21591,37.4852903366,126.9612178671
신림고등학교,120900199,21592,37.4778966436,126.9160754865
낙성대입구,120900200,21593,37.4778081338,126.9599795717
신림성모성당앞,120900004,21594,37.4870744065,126.9326664612
가족생활동,120900003,21595,37.4669767456,126.9577737723
롯데백화점,120900002,21597,37.4904278745,126.9244827354
삼성전자,120900001,21598,37.4676943096,126.931084151
신림청소년독서실.신림체육센터,120900084,21599,37.4804996928,126.9148759246
샤로수길입구,120900085,21600,37.4787543427,126.9575345056
관악우체국,120900086,21601,37.4851431932,126.9341383461
신림고등학교,120900207,21602,37.4779810811,126.9168167167
신림사거리.신원시장,120000241,21604,37.483709205,126.9273005902
삼성동시장,120900087,21649,37.4692039821,126.931631082
난곡사거리,120900088,21650,37.4823011931,126.9144634448
신림역,120900089,21651,37.4854883196,126.9296506944
인헌아파트,120900090,21663,37.468020748,126.9612871638
서울대벤처타운역.삼성동시장입구,120900091,21675,37.4718550422,126.9332126245
동부아파트,120900092,21677,37.4813200328,126.9282142759
낙성대역,120900093,21678,37.4763210574,126.9648557613
당곡역.당곡사거리,120900094,21686,37.4887310522,126.9287658216
서울융합과학교육원,120900095,21689,37.4687224889,126.9579991818
은천교입구,120900205,21700,37.4868362979,126.9342753266
은천교입구,120900206,21701,37.4869017998,126.9341378486
삼성아파트,120900096,21722,37.4945772872,126.9273819286
조원경로당,120900195,21732,37.4835391709,126.9082699572
서강약국,120900097,21733,37.4794735167,126.9279661565
인헌연세약국,120900098,21734,37.4748483171,126.9668226263
낙성대공원.다시가는캠퍼스,120900181,21738,37.4722000954,126.958771496
신도브래뉴.구펭귄아파트,120900099,21742,37.4842112876,126.9110454762
동산교회,120900100,21743,37.4788823374,126.9299348441
오리사랑,120900101,21744,37.4736845489,126.9666847747
봉일시장,120900179,21745,37.4861888116,126.9386238431
낙성대입구,120000430,21751,37.4787451506,126.9595878517
낙성대현대아파트,120900102,21752,37.474872947,126.9591501194
성지빌딩,120900103,21753,37.4786931419,126.931006962
펭귄시장,120900104,21756,37.4835748049,126.9123577828
동인약국.인헌중고입구,120900105,21760,37.4719152228,126.966851057
국회단지입구,120900106,21761,37.486535598,126.9394212827
인헌초등학교,120900182,21765,37.4765877555,126.959159362
난곡사거리,120900107,21766,37.4825153663,126.9140640456
우리현대마트,120900108,21768,37.4711205873,126.967356777
경천교회,120900109,21770,37.4879473031,126.9405543681
낙성대입구,120900110,21771,37.4775168997,126.9594607468
신림체육센터,120900201,21772,37.4810130771,126.914599382
서림동주민센터,120900111,21773,37.4748531074,126.9349782707
인수당약국,120900112,21774,37.4704430749,126.9677946019
산성교회,120900113,21775,37.4885912136,126.9416010182
신원동치안센터,120900114,21778,37.4792256381,126.9262096749
현대아파트109동,120900116,21782,37.4748734803,126.9333136025
개미유통,120900117,21783,37.4699868514,126.9668428641
서울관광고등학교,120900118,21784,37.4890410488,126.9419749791
낙성대역,120900119,21785,37.4770791769,126.9619751956
서울대호암교수회관,120000431,21789,37.4677295812,126.9583174158
관악세무서,120900120,21792,37.4791096883,126.9245139173
난우초등학교,120900121,21793,37.4764738791,126.9171836708
현대아파트106동,120900122,21794,37.4750977377,126.9325313553
세진아파트,120900123,21795,37.46963157,126.965980406
수정슈퍼,120900124,21796,37.489563775,126.9421498576
낙성대입구,120900183,21800,37.4775942987,126.9591814277
구로디지털단지역,120000440,21801,37.4837225722,126.9029063887
구로디지털단지역,120000441,21802,37.4843694138,126.9058131587
난곡터널,120900125,21803,37.4783629038,126.9192914361
난곡종점,120000444,21809,37.4641111686,126.9192841509
세이브마트,120900126,21810,37.4742473112,126.9185745369
봉천역,120000454,21812,37.4835908978,126.94142738
은천아파트,120900127,21817,37.469304232,126.9651699485
우리슈퍼,120900186,21818,37.4901513787,126.9423212961
인헌초등학교,120900184,21819,37.4765250104,126.9589641387
서울대벤처타운역.삼성동시장입구,120900128,21820,37.4716882063,126.9329810024
애동유치원,120900129,21821,37.4741556134,126.9202106507
인헌아파트,120900180,21823,37.4682591544,126.9616844863
롯데백화점관악점,120000390,21827,37.4897440967,126.9249187647
롯데백화점관악점,120000391,21828,37.4900916551,126.9259813186
신림역,120000392,21829,37.4844981452,126.9329881668
신림역,120000393,21830,37.484581,126.930756
봉천역,120000394,21831,37.4819948162,126.9441414845
봉천역,120000395,21832,37.4827120941,126.9415037433
서울대입구역,120000396,21833,37.4815931763,126.9514280486
벽산아파트후문.만물슈퍼,120900130,21843,37.4910691188,126.9418590704
낙성대현대아파트,120900131,21844,37.4744250546,126.9590657284
사당역4번출구A,120000676,21845,37.4750015212,126.9814839831
사당역4번출구B,120000677,21846,37.4748085963,126.9815172875
봉천역,120000412,21851,37.4833341181,126.9417119782
관악센트씨엘후문,120900132,21852,37.491838,126.946872
라이프아파트,120900133,21853,37.4771669403,126.9135636303
삼성동시장,120900134,21854,37.4691600126,126.9314562928
남강중고등학교입구,120900135,21855,37.4740843566,126.9214521515
은천아파트,120900188,21856,37.4691834753,126.9651417407
낙성대공원.다시가는캠퍼스,120900136,21858,37.472483,126.958598
구암어린이집.관악센트씨엘108동,120900137,21859,37.4910852873,126.9475270007
미성중학교,120900202,21860,37.4756040638,126.9130747297
삼성전자,120900138,21861,37.467907393,126.9310872264
제일교회입구,120900139,21862,37.4744767955,126.9221436863
세진아파트,120900190,21863,37.469516228,126.9659793277
서울융합과학교육원,120900140,21864,37.4695643624,126.9579844634
성현동주민센터,120900141,21865,37.4900204503,126.9479869626
두영아파트,120900142,21866,37.4743494227,126.9136488581
유완약국.성림교회,120900198,21867,37.4669079232,126.9300278405
충남슈퍼.생각대로통신,120900143,21868,37.4748593293,126.922852198
개미유통,120900191,21869,37.4698796222,126.966851956
호암교수회관,120900185,21870,37.4684563846,126.9583384812
현대시장,120900187,21871,37.4872239236,126.9466523339
신라놀이터,120900144,21872,37.4733130222,126.9124928566
광신고등학교.주공1단지,120900145,21873,37.4655416947,126.9268060717
한마음슈퍼,120900146,21874,37.4752553681,126.9235493967
소망유통,120900147,21875,37.4694700428,126.9684009967
두산아파트,120900148,21877,37.4847359856,126.9466789803
쌍용아파트후문,120900149,21878,37.4727366024,126.9116693186
201동.동신교회,120900150,21879,37.4642155732,126.9258566348
승산밝은빛교회.구무림비디오,120900151,21880,37.4756424004,126.9242601797
군인아파트,120900152,21881,37.4689672354,126.9686942163
호암교수회관,120900153,21882,37.4682578356,126.957812806
신협,120900176,21883,37.4832139179,126.9464550405
뉴서울아파트,120900154,21884,37.4715124546,126.9110760714
3단지종합상가,120900155,21885,37.4632446739,126.9266500465
보명사.법화사,120900156,21886,37.4759816008,126.9248624752
가족생활동,120900157,21887,37.4663611632,126.9576895289
봉천역6번출구,120900177,21889,37.4832131411,126.9435328569
아카시아마을.민방위교육장,120900173,21890,37.4720991366,126.9111579098
삼성산주공307동앞,120900158,21891,37.4618249334,126.9273070883
서울대후문.연구공원,120900159,21892,37.4651042841,126.9577778409
봉천역4번출구,120900178,21893,37.4835860833,126.9415256749
삼성산주공아파트정문,120900160,21894,37.4612183906,126.9257024646
학부생활관,120900161,21895,37.4631418278,126.957717428
대학원생활관,120900162,21897,37.461972752,126.9567820806
기숙사삼거리,120900163,21899,37.4604637077,126.9567660056
제2파워플랜트,120900164,21904,37.449338,126.949695
건설환경종합연구소,120900165,21905,37.4471691607,126.9497986982
보라매노인복지회관,120900166,21907,37.492677921,126.9258907075
신한은행앞.롯데백화점,120900167,21908,37.49052084,126.9243299957
벽산아파트,120900169,21910,37.4923224192,126.9437182326
적십자센터,120900174,21911,37.4930089788,126.9463609225
봉림교,120900170,21912,37.4836879715,126.9269360965
서원치안센터.건강보험관악지사,120900171,21913,37.4819928275,126.9291589334
노천강당,120900172,21915,37.4587949022,126.9553279623
신림역4번출구,120900192,21916,37.484025,126.92886
행정관,120000678,21917,37.461591,126.95022
서원역2번출구.서원동성당앞,120900203,21919,37.4778363867,126.9344657489
신림복지관앞,120000443,21920,37.4653036588,126.9197650564
말죽거리공원사거리,121000001,22001,37.47859,127.038482
말죽거리공원사거리,121000002,22002,37.477657,127.038748
양재역.서초문화예술회관,121000003,22003,37.48261,127.035902
양재역.서초문화예술회관,121000004,22004,37.481927,127.036827
뱅뱅사거리,121000005,22005,37.487667,127.032432
뱅뱅사거리,121000006,22006,37.486653,127.033097
래미안아파트.파이낸셜뉴스,121000007,22007,37.491895,127.030405
래미안아파트.파이낸셜뉴스,121000008,22008,37.491087,127.030987
신분당선강남역,121000009,22009,37.4958485587,127.0285365859
신분당선강남역,121000010,22010,37.494993,127.029112
지하철2호선강남역,121000011,22011,37.501795842,127.0257426414
지하철2호선강남역,121000012,22012,37.500785,127.02637
논현역,121000013,22013,37.5072264964,127.0230319441
논현역,121000014,22014,37.506367,127.023728
신사역.푸른저축은행,121000015,22015,37.5141125248,127.0200569534
신사역,121000016,22016,37.512972,127.020607
반포역,121000017,22017,37.5084114275,127.0118927078
반포역,121000018,22018,37.50799929,127.0111518264
고속터미널,121000019,22019,37.506290048,127.0051290446
고속터미널,121000020,22020,37.5058463491,127.0039245159
신반포역.세화여중고,121000021,22021,37.5034181272,126.9957193627
신반포역.세화여중고,121000022,22022,37.5030509257,126.9946930536
구반포역.세화고등학교,121000023,22023,37.5019451598,126.9900264523
구반포역.세화고등학교,121000024,22024,37.5017350708,126.9890696352
아리랑TV,121900303,22025,37.4788364163,127.0090806179
남태령역,120000671,22026,37.4656951829,126.9880882012
이수역,121000533,22027,37.4823316953,126.9820742447
사당역,121001315,22028,37.47423546,126.982118191
총신대입구역.남성사계시장입구앞,121000532,22029,37.4875478991,126.9823185463
경문고등학교,121000531,22031,37.4904372318,126.9827417832
정금마을,121000530,22033,37.4933031442,126.9827186219
염곡마을.서초50플러스센터,121001333,22035,37.4611251895,127.0508102806
염곡마을.서초50플러스센터,121001332,22036,37.4615627473,127.0494739769
탑성마을.서초포레스타입구,121001335,22037,37.4577585114,127.0586887384
탑성마을.서초포레스타입구,121001334,22038,37.4575715332,127.0587253256
안골마을.서울언남초등학교,121001337,22039,37.4557491207,127.0633098065
안골마을.서울언남초등학교,121001336,22040,37.4557109244,127.0631289377
샘마을.서울특별시어린이병원,121001339,22041,37.4571774154,127.070909122
샘마을.서울특별시어린이병원,121001338,22042,37.4568017217,127.0701062932
매헌시민의숲사거리,121001341,22043,37.472148,127.038769
매헌시민의숲사거리,121001342,22044,37.472854,127.038548
매헌시민의숲,121001343,22045,37.469286,127.039534
매헌시민의숲,121001344,22046,37.470364,127.03875
서초포레스타5단지정문,121900317,22068,37.4517781902,127.0583817453
서초종합체육관,121900331,22095,37.4585103498,127.0421755314
서울추모공원,121900299,22096,37.4541558204,127.0426979933
양재동화물터미널,121900302,22097,37.460125761,127.036776987
양재동화물터미널,121900301,22098,37.460200853,127.0370766521
서울추모공원,121900300,22099,37.4542683928,127.04288117
교대역13번출구,121000025,22101,37.4917820873,127.0141904192
서울교대사거리,121000026,22102,37.4873287224,127.0150603111
교대역2번출구,121000027,22103,37.4940242125,127.01538179
서초동유원아파트,121000028,22104,37.495456936,127.020216043
창신교회앞.서리풀노리학교,121000029,22105,37.4904680158,127.0212301612
창신교회.서리풀노리학교,121000030,22106,37.4902998844,127.0212807141
서울교대정문앞,121000031,22107,37.4889343385,127.016209575
서울교대정문앞,121000032,22108,37.488798,127.016373
남부터미널,121000033,22109,37.4833491071,127.0174997004
서울시인재개발원입구,121000034,22110,37.4831074135,127.0222227596
서울시인재개발원.한우리문화센터,121000035,22111,37.482652493,127.0217449318
서일초등학교,121000036,22112,37.4865068533,127.0213146638
서일초등학교,121000037,22113,37.486141046,127.0210850063
롯데칠성,121000038,22114,37.4966572734,127.0240035889
롯데칠성,121000039,22115,37.495077386,127.0252199753
서초포레스타2단지앞,121000986,22116,37.455488,127.063037
래미안에스티지에스,121000041,22117,37.4925355869,127.0264688183
래미안에스티지,121000042,22118,37.4931191063,127.0259403788
서초청소년도서관,121000043,22119,37.4926733807,127.0285677747
서초청소년도서관,121000044,22120,37.4926228702,127.028880248
서초동신동아아파트,121000045,22121,37.4917496945,127.0253914808
서초2동주민센터.서이초등학교,121000046,22122,37.4915942391,127.0255384282
래미안리더스원아파트,121000047,22123,37.490217554,127.0275566247
서초AICT우수기업센터,121900330,22124,37.4583208005,127.0389123105
서초문화예술정보학교후문,121000049,22125,37.489023218,127.0293961714
서초문화예술정보학교후문,121000050,22126,37.4888154264,127.0298927879
서초그랑자이아파트,121000051,22127,37.4880013621,127.0260375466
서초그랑자이아파트,121000052,22128,37.4876295809,127.0260531533
서초구청,121000053,22129,37.484274561,127.030748275
서초구청,121000054,22130,37.4838578864,127.0305869863
수협서초지점,121000055,22131,37.493517,127.029385
서초문화예술정보학교,121000056,22132,37.4880209971,127.0320161779
법조단지,121000057,22133,37.4963832763,127.012997468
교대역10번출구,121000058,22134,37.4935537463,127.0127808558
서초역.서울중앙지법등기국,121000059,22135,37.4930992018,127.0073275332
서초역1번출구,121000060,22136,37.4920156317,127.0089105135
서울중앙지방검찰청,121000061,22137,37.494768,127.006543
서울중앙지방검찰청.대검찰청,121000062,22138,37.494383,127.006115
서초아트자이아파트,121000063,22139,37.4858593343,127.0108432502
서초동삼성아파트,121000064,22140,37.4889206373,127.0093426497
서초유스센터.서초아트자이,121000065,22141,37.4854801487,127.0105005709
서초동삼성아파트,121000066,22142,37.4885115912,127.0089653123
서초3동주민센터,121000067,22143,37.4831290593,127.0116355253
서초3동주민센터,121000068,22144,37.4832218285,127.0120799291
예술의전당앞교차로,121000069,22145,37.4816857308,127.0128860369
서초중학교,121000070,22146,37.4836051072,127.0085384266
서초중학교,121000071,22147,37.4833879213,127.0088052622
서울고등학교,121000072,22148,37.4829303821,127.0050002096
서울고등학교,121000073,22149,37.4827474318,127.0055791438
상문고교,121000074,22150,37.4819049356,127.0047242402
서초동예술의전당,121000075,22151,37.4794328531,127.0112295473
서초동예술의전당,121000076,22152,37.4796986297,127.0108027917
남부터미널.기쁨병원,121000077,22153,37.4819578926,127.01686616
남부터미널.기쁨병원,121000078,22154,37.4817361133,127.0176022215
남부터미널.한일시멘트,121000080,22156,37.4847318427,127.014218486
남부터미널,121000081,22157,37.4847528138,127.0156031956
서울교대사거리,121000082,22158,37.4873846428,127.0146475713
서울교대사거리,121000083,22159,37.4880507136,127.0133427182
서울교대사거리,121000084,22160,37.4878368141,127.0131388831
교대역14번출구,121000085,22161,37.491176,127.013952
KCC사옥,121000086,22162,37.5030340451,127.0202806592
서초푸르지오써밋,121000087,22163,37.501368,127.021952
서초푸르지오써밋.롯데캐슬클래식,121000088,22164,37.5014758287,127.0221683272
진흥아파트,121000089,22165,37.497723339,127.0237030894
진흥아파트,121000090,22166,37.4980762637,127.0238285804
강남역9번출구,121000091,22167,37.4977839964,127.0266040758
서초동진흥아파트,121000092,22168,37.4965791206,127.0227753379
서초동유원아파트,121000093,22169,37.4957579984,127.0197669475
지하철2호선교대역4번출구,121000094,22170,37.4944725735,127.0158386954
법조단지,121000095,22171,37.4962850117,127.0132446587
신논현역7번출구.교보타워사거리,121000096,22172,37.5026203992,127.0251067731
강남역10번출구,121000097,22173,37.5001,127.026307
잠원한신아파트,121000098,22174,37.5165006388,127.0100874797
래미안신반포리오센트아파트,121000099,22175,37.519627,127.013905
신반포18차아파트,121000100,22176,37.5201580118,127.0141965647
롯데캐슬아파트,121000101,22177,37.519672,127.015485
롯데캐슬아파트,121000102,22178,37.520077,127.015393
신반포르엘아파트,121000103,22179,37.516687,127.01438
신반포르엘아파트,121000104,22180,37.517676,127.01457
신동중학교,121000105,22181,37.515633,127.013253
신동중학교,121000106,22182,37.5154999599,127.013019307
논현역7번출구,121000107,22183,37.5106629516,127.0193580416
신사역4번출구,121000109,22185,37.515081,127.019565
신사역5번출구,121000110,22186,37.5169785253,127.0189942083
논현역6번출구,121000114,22190,37.5102908187,127.0192130073
논현역4번출구,121000115,22191,37.5091091024,127.0219545344
신논현역2번출구,121000116,22192,37.505962,127.023498
신논현역1번출구,121000117,22193,37.504227,127.023023
제일약품사옥,121000118,22194,37.503387186,127.0202524387
사평역,121000119,22195,37.5049175628,127.0138854889
사평역,121000120,22196,37.5038158427,127.0158022515
디에이치반포라클라스,121000121,22197,37.4996628214,127.012449163
삼호가든사거리.반포도서관,121000123,22199,37.5027974539,127.0116012521
신반포역4번.래미안퍼스티지,121001326,22200,37.5028527245,126.9951595801
서초구민체육센터.심산문화센터,121000127,22203,37.4983902105,126.9905148116
잠원한신아파트,121000128,22204,37.5167954603,127.0098410017
아크로리버뷰아파트.잠원동성당,121000129,22205,37.5136804627,127.0066452278
잠원동성당,121000130,22206,37.5134704636,127.0069649098
뉴코아아울렛,121000131,22207,37.5092091078,127.0077585838
신반포자이아파트,121000132,22208,37.5094758176,127.0080006792
반포3동주민센터.청담고등학교,121001346,22209,37.511097,127.006758
반포자이아파트,121000135,22211,37.5061556046,127.0094829161
서울지방조달청.서울성모병원,121000136,22212,37.4992622494,127.0039326529
고속터미널역3번출구,121000137,22213,37.5035554381,127.0063361465
서울지방조달청.서울성모병원,121000138,22214,37.5006745712,127.0040910539
서울성모병원,121000139,22215,37.502759,127.005482
서초구민체육센터.심산문화센터,121000141,22217,37.4979605693,126.9910968933
반포미도아파트앞,121000142,22218,37.5017017153,127.0115829859
고속터미널호남선,121000144,22220,37.5053517067,127.0030788422
삼호아파트,121000145,22221,37.496634,126.987806
방배사이길,121000146,22222,37.4933287858,126.9902779847
방배동삼호아파트,121000147,22223,37.4965316814,126.9882533589
가야메디컬센터,121000148,22224,37.493391877,126.9898749163
이수교,121000149,22225,37.496977,126.983412
롯데캐슬헤론아파트,121900003,22227,37.4972742389,126.9852046016
한국제약바이오협회,121000152,22228,37.4823078119,127.0016995144
방배역.방배서리풀이편한세상,121000153,22229,37.4835892379,126.9964723757
내방역2번출구,121000154,22230,37.4867753694,126.9943843705
내방역3번출구,121000155,22231,37.4866230686,126.9940948938
방배1동주민센터.방배아크로타워,121000156,22232,37.4834494617,126.9961463518
방배역먹자골목.백석예술대학교,121000157,22233,37.481350238,126.9967155632
서울교통공사사당별관,121000158,22234,37.4767111473,126.9861651981
종로교회,121000159,22235,37.4786416232,126.9890955981
대우효령아파트,121000160,22236,37.4802035565,126.9933660869
이수중학교,121000161,22237,37.4809100052,126.9930505516
방배브라운가아파트,121000162,22238,37.484255,126.990895
사당역11번출구,121000165,22241,37.4790017977,126.9820916177
사당역3번출구,121000166,22242,37.4750794918,126.9820179252
경남임광아파트,121000168,22244,37.4772016189,127.0006312978
방배그랑자이아파트정문,121000169,22245,37.4772529436,127.000279812
서울지방법무사회,121000170,22246,37.4800397349,126.998755084
현대멤피스2차아파트,121000171,22247,37.4798144548,126.998445273
한국제약바이오협회,121000172,22248,37.482269,127.002689
매헌초교,121900190,22871,37.4704687607,127.0422086895
방배역.백석예술대학교,121000173,22249,37.4810371386,126.9967608013
방배동대우효령아파트앞,121000174,22250,37.4801667639,126.9940942526
종로교회앞,121000175,22251,37.4780946163,126.9887157676
서울교통공사,121000176,22252,37.4763264038,126.9864140138
방배동래미안아트힐.국립국악원,121000177,22253,37.4775028061,127.0063000295
방배그랑자이아파트후문,121000178,22254,37.4748187293,127.0008920712
성뒤마을.교육연수원,121000179,22255,37.4737471951,126.994632951
방배동래미안타워,121900001,22256,37.4746741807,126.990586349
대항병원,121000181,22257,37.4756416406,126.9871072248
대항병원,121000182,22258,37.4753865896,126.9867646835
방배동래미안타워.동덕여중고,121000183,22259,37.4742876115,126.9906564963
성뒤마을.교육연수원,121000184,22260,37.4733920819,126.9971426734
방배그랑자이아파트후문,121000185,22261,37.4747736656,127.0016642941
방배동래미안아트힐.국립국악원,121000186,22262,37.4772752708,127.0068455026
뒷벌어린이공원.래미안원페를라,121000187,22263,37.4902465128,126.9871369068
방배동고개,121000188,22264,37.4867535988,126.9893092646
예술의전당,121900008,22267,37.4804147333,127.0133439181
방배열린문화센터(방배4동주민센터),121000192,22268,37.4905049074,126.9920624118
방배열린문화센터(방배4동주민센터),121000193,22269,37.4906184149,126.991605527
양재역.양재1동민원분소,121000194,22270,37.484769125,127.0374188123
양재노인종합복지관,121000195,22271,37.4833239776,127.0421051056
블랙야크양재사옥,121000196,22272,37.4801407005,127.0411738713
현대빌라.에코나우,121000197,22273,37.4761397871,127.0356382501
현대빌라.에코나우,121000198,22274,37.4763036239,127.0360924585
우성아파트.양재초등학교,121000199,22275,37.4745861729,127.0318295981
우성아파트.양재초등학교,121000200,22276,37.4746647587,127.0327538269
코오롱아파트.양재1동주민센터,121000201,22277,37.4723552457,127.0281898414
우면코오롱아파트,121000202,22278,37.4720372808,127.0280952447
우면주공아파트.우면한라아파트,121000203,22279,37.4707123,127.0256888887
우면주공아파트.양재1동주민센터,121000204,22280,37.4707830522,127.0261417924
서울AI허브.한국교원단체총연합회,121000205,22281,37.4670266951,127.0276019229
서울AI허브.한국교원단체총연합회,121000206,22282,37.4669159933,127.0278540505
네이처힐3.4단지,121000207,22283,37.4653477001,127.0261568554
성촌마을입구,121000208,22284,37.4653569682,127.0249643139
송동마을.서초힐스아파트,121000209,22285,37.459029969,127.0179066267
송동마을.서초힐스아파트,121000210,22286,37.45850283,127.0178420688
식유촌우면성당.서초호반써밋,121000211,22287,37.4575011395,127.012719512
식유촌우면성당.서초호반써밋,121000212,22288,37.4572390563,127.0142946658
양재역10번출구,121000213,22289,37.4836855552,127.0347109627
양재역,121000214,22290,37.4834352902,127.0355022994
말죽거리공원사거리,121000215,22291,37.479088,127.038205
말죽거리공원사거리,121000216,22292,37.479564487,127.038595453
양재2동주민센터.양재꽃시장,121000217,22293,37.4695857229,127.0394643327
매헌시민의숲,121000218,22294,37.473135,127.038353
매헌시민의숲사거리,121000219,22295,37.4732795382,127.0389281035
매헌시민의숲.양재꽃시장,121000220,22296,37.470867,127.03836
매헌시민의숲.양재꽃시장,121000221,22297,37.471255,127.039043
AT센터.양재꽃시장,121000222,22298,37.468707,127.039655
양곡도매시장,121000223,22299,37.4603469913,127.0351946776
양곡도매시장,121000224,22300,37.4600226101,127.0352510403
하나로마트.코트라,121000225,22301,37.4638411943,127.0444478156
코트라,121000226,22302,37.4648670188,127.0442708153
구룡사앞,121000227,22303,37.470351,127.049075
구룡사,121000228,22304,37.474022,127.048132
구룡사입구,121000229,22305,37.472103,127.050237
동원산업앞,121000230,22306,37.4766473684,127.0453961106
언남고.포이성당앞,121000231,22307,37.4720326359,127.0458263366
양재119안전센터앞,121000232,22308,37.4694948049,127.0412468009
양재119안전센터앞,121000233,22309,37.4700464462,127.0418942836
꽃마을,121000234,22310,37.4606337119,127.0463678573
꽃마을,121000235,22311,37.4604305782,127.0465822876
개나리골입구,121000236,22312,37.457302,127.047578
개나리골입구,121000237,22313,37.457227,127.048131
새원마을,121000238,22314,37.4542914263,127.0507075609
새원마을,121000239,22315,37.4544761173,127.0507924603
본마을,121000240,22316,37.4532630544,127.051184988
본마을,121000241,22317,37.4534550903,127.0513419343
청계산.원터골,121000242,22318,37.4444526002,127.0577012426
청계산.원터골,121000243,22319,37.4448950615,127.0576688071
관현사입구,121000244,22320,37.4373210738,127.0632387636
관현사입구,121000245,22321,37.4371542291,127.0637037462
새쟁이마을,121000246,22322,37.4345128931,127.0661788352
새쟁이마을,121000247,22323,37.4347964213,127.0660515509
옛골,121000248,22324,37.4309469125,127.0704380789
염곡마을.서초50플러스센터,121000249,22325,37.4615900526,127.0488127592
염곡마을.서초50플러스센터,121000250,22326,37.46200197,127.0491561488
탑성마을,121000251,22327,37.4583767151,127.0566180036
탑성마을,121000252,22328,37.459472271,127.0548668871
안골마을,121000254,22330,37.4562835966,127.0623888747
서울특별시어린이병원.강동송파과학화예비군훈련장,121000255,22331,37.456646235,127.0702106955
서울특별시어린이병원.강동송파과학화예비군훈련장,121000256,22332,37.4575866482,127.0718263325
헌인릉.강남서초과학화예비군훈련장,121000257,22333,37.459744,127.079544
헌인릉.강남서초과학화예비군훈련장,121000258,22334,37.4611155017,127.0826829531
헌인농장,121000259,22335,37.4614213099,127.0847576347
헌인마을.서울농업기술센터,121000260,22336,37.463695,127.091443
헌인마을.서울농업기술센터,121000261,22337,37.4633434186,127.0895910466
서초소방서,121900004,22338,37.4983505745,126.992551994
강남역8번출구,121000262,22339,37.4975009943,127.0268505284
방배동래미안타워.동덕여중고,121000263,22340,37.4747183321,126.9905512938
옛골,121001330,22341,37.4305199435,127.0708456635
내방역8번출구,121900006,22344,37.4881286966,126.9946948569
교대역5번출구,121900007,22345,37.4937995917,127.0147370359
서초힐스아파트,121000985,22347,37.4577874974,127.016833601
강남역7번출구,121000271,22348,37.4969583114,127.0277969551
사당역1번출구,121900009,22363,37.4761745327,126.9827009681
남부시장,121900010,22364,37.4950765232,126.985816874
강남의림한방병원,121900255,22365,37.4908097066,126.9834174392
염곡동구룡사,121000289,22367,37.468475,127.047211
국제전자센터,121000290,22368,37.485159,127.017723
염곡동구룡사,121900333,22369,37.4683281101,127.0471332159
형촌마을입구(서초네이처힐1.2단지),121000294,22372,37.4636885353,127.0214455478
국제전자센터,121000297,22376,37.4854351267,127.0177580083
한국도로교통공단서울지부.코트라,121000299,22378,37.466295,127.044345
서초역3번출구,121000300,22379,37.4911256302,127.0077359676
서초구민체육센터,121900011,22380,37.4983811835,126.9903056015
반포대교남단.한강시민공원입구,121000302,22381,37.5078106042,126.9994684234
반포대교남단.한강시민공원입구,121000303,22382,37.5069439929,127.0003902363
하이브랜드,121900013,22384,37.4620911714,127.0367880249
이수역5번출구,121000304,22385,37.485489363,126.9842072627
방배초등학교,121000305,22386,37.485736,126.986988
방배고개,121000306,22387,37.4864946348,126.9901827615
방배역1번출구.서울남부보훈지청,121000307,22388,37.4814459842,126.9984233379
내방역3번출구,121900014,22389,37.4867762516,126.9939998932
방일초교,121000308,22390,37.4859520772,126.9949486673
내방역5번출구,121000309,22391,37.487533232,126.9927493333
방배고개.방배초등학교,121000310,22392,37.4863886439,126.9888061591
이수역,121000311,22393,37.4858655917,126.9846453233
방배역1번출구.서울남부보훈지청,121000312,22394,37.481444879,126.9984199634
방배역4번출구,121000313,22395,37.482323341,126.9972384369
동작대교전망카페,121000314,22396,37.5057628053,126.9802792405
동작대교전망카페,121000315,22397,37.5058583711,126.9808128467
삼성래미안아파트,121900015,22400,37.4949659925,127.0184931133
청계산입구역,121000962,22401,37.4484508233,127.0544463432
청계산입구역,121000961,22402,37.4494760752,127.053684245
서초포레스타7단지,121000981,22403,37.4475718103,127.0555729873
반포한강공원.세빛섬,121000939,22404,37.5126669883,126.9972655964
반포한강공원.세빛섬,121000938,22405,37.5122480317,126.9977548042
신논현역.주류성빌딩,121000944,22406,37.501058785,127.0257863714
신논현역.BSX빌딩,121000945,22407,37.5012831839,127.0256744762
신논현역.유화빌딩,121000947,22408,37.5015319154,127.0255490162
신논현역.서산빌딩,121000946,22409,37.5017311633,127.0255227411
신논현역.우신빌딩,121000943,22410,37.5019951314,127.0253195719
신논현역.남서울빌딩,121000942,22411,37.5021717639,127.0252427203
신논현역7번출구.교보타워사거리,121000940,22413,37.5027683529,127.0249635502
내방역1번출구,121001327,22415,37.4879838668,126.9953442808
매헌시민의숲,121900016,22416,37.4730822004,127.0389144339
동덕여중고,121900017,22417,37.4741688,126.9924723
삼호교회,121900018,22418,37.4936654408,126.9862027844
남부터미널,121900226,22419,37.4846839172,127.0155437556
동부센트레빌2,121900019,22420,37.4980323894,126.9880579276
헌인마을.서울농업기술센터,121900020,22421,37.4633816966,127.0896108732
잔디마을,121900021,22422,37.4635271111,127.0352320779
방일초등학교,121900022,22423,37.4852218926,126.9950041608
네이처힐5단지,121000956,22424,37.4633118929,127.0238954595
대법원앞,121001328,22426,37.4916688995,127.0065302002
말죽거리공원사거리,121900273,22427,37.47947,127.038677
방배래미안타워,121900266,22429,37.4746336482,126.9908068274
이수중앙시장,121900025,22431,37.4921140295,126.9889556704
국제전자센터,121900026,22432,37.485082815,127.0176222301
방배신삼호아파트,121900027,22433,37.4979488983,126.9916917922
헌인릉.꽃시장,121900288,22434,37.461503,127.08362
더케이호텔후문,121900028,22435,37.4653349981,127.0343341849
방배1동주민센터.방배아크로타워,121900259,22436,37.4834901203,126.9962575574
삼성레포츠,121900029,22437,37.4922064267,127.0208164268
원불교,121900030,22439,37.483534,127.042416
양재역7번출구.한신휴플러스,121900031,22440,37.48382,127.035091
서울교통공사사당별관,121900267,22442,37.476277741,126.9863880175
방배초등학교,121900032,22443,37.485755,126.986985
함지박사거리,121900033,22445,37.4930288433,126.9912671152
서일초등학교,121900223,22446,37.4861131293,127.0209866183
이수화학,121900034,22447,37.4980301028,126.9933543313
예비군훈련장,121900286,22448,37.455543466,127.0807710572
더케이호텔정문,121900284,22449,37.468301508,127.0341150869
방배역1번출구.서울남부보훈지청,121900035,22450,37.4814094121,126.9984655932
대림약국,121900036,22451,37.4904459771,127.0208116389
반포래미안아이파크아파트,121900037,22452,37.5009627535,127.0121585657
방배고개,121900038,22455,37.486054,126.989074
함지박사거리,121900039,22456,37.4922655561,126.9905852724
서래초교,121900040,22457,37.4952967316,126.9889993086
방배4동성당,121900041,22458,37.4936363379,126.9936238794
현대아파트.한국상담대학원대학교,121900224,22459,37.4868903084,127.0235051656
한국회관.ROTC중앙회,121900042,22460,37.4987042254,126.9954070281
신흥마을입구,121900287,22461,37.4586102133,127.0816843202
예술공원,121900043,22462,37.4699888265,127.0325353274
사당역13번출구,121900044,22464,37.4771120126,126.9826432124
서초구립반포도서관.반포리체,121900046,22466,37.5026207465,127.0124970198
서초문화예술정보학교후문,121900047,22468,37.4867142254,127.0291942381
장자터빌딩,121900048,22471,37.485312,126.990243
동부센트레빌1,121900050,22473,37.4976529669,126.9874958912
삼창골든빌리지,121900051,22474,37.4939491206,126.9958664743
서초그랑자이아파트,121900052,22475,37.4877448571,127.0263472092
신반포역4번.래미안퍼스티지,121900053,22476,37.5026950589,126.9954197057
kt연구소,121000984,22478,37.4717085715,127.0309238538
상문고등학교,121900054,22479,37.4821455353,127.0046089193
백산빌딩,121900058,22486,37.4791373946,126.9910358078
방배브라운가아파트,121900260,22487,37.48419,126.990932
방배열린문화센터.가야치과병원,121900059,22488,37.4893578225,126.9923780416
방배중학교,121900060,22489,37.495387339,126.9981113214
래미안퍼스티지중심상가,121900062,22491,37.5045840073,127.0003970105
우성아파트,121900063,22493,37.4746627796,127.0328539307
삼환아파트,121900064,22494,37.4800296953,127.0056275624
반포래미안아이파크아파트후문,121900066,22496,37.5020978707,127.0145622236
반포고교,121900067,22497,37.5017030173,127.0158854643
서초문화예술정보학교,121900069,22499,37.488062923,127.0321660498
교총회관,121900070,22500,37.4668240829,127.0277462709
대우효령아파트,121900071,22501,37.4799386393,126.9935074494
동문빌라,121900072,22502,37.483156,126.991601
효성빌라,121900073,22503,37.4966719096,126.9983320021
서초포레스타3단지정문,121900310,22504,37.4554282126,127.0593384984
호남고속터미널,121900074,22505,37.5054364064,127.0032236261
서초포레스타3단지정문,121900311,22506,37.455326281,127.0595497917
현대빌라,121900075,22507,37.4762932882,127.0360835343
방배빌딩.방배아트힐아파트정문,121900076,22508,37.4782806055,127.0064743162
반포고교,121900078,22510,37.5012857723,127.0161409896
반포리체,121900079,22511,37.5025241354,127.0142060247
언남초등학교,121900308,22512,37.4543079703,127.061421935
서초동신동아아파트,121900080,22513,37.4917135401,127.0253409803
삽준네마을,121900274,22515,37.4692693783,127.0268099021
방배역.백석예술대학교,121900269,22516,37.4809786482,126.9967265422
이수중학교,121900082,22517,37.4818561289,126.9924466481
서래마을.서래글로벌빌리지센터,121900250,22518,37.4978969161,126.9984381123
언남초등학교,121900312,22519,37.4545735009,127.0616322756
경부고속터미널,121900251,22520,37.5065337938,127.0068477606
서초더샵포레,121900309,22521,37.4544989777,127.0643010736
반포써밋아파트,121900086,22525,37.5009216068,127.0169971
서초더샵포레,121900313,22526,37.4547100295,127.0636983185
서초AICT우수기업센터,121001345,22527,37.458924,127.038748
양재시민의숲매헌역입구,121900324,22528,37.4691694309,127.0375190241
대우효령아파트,121900270,22530,37.4801576456,126.9942333499
서래마을입구,121900087,22531,37.4991809877,126.9984335615
강남역9번출구,121900088,22532,37.4977272396,127.0265475067
반포자이아파트,121000979,22533,37.5062258928,127.0094604316
임광아파트후문,121900089,22535,37.4758189221,127.0030267509
방현초교,121900090,22536,37.4758333144,126.9887116384
세탁소,121900091,22537,37.482208,126.987808
현대4차아파트,121900092,22538,37.5005700292,127.0179934519
반포자이아파트,121000976,22539,37.5056333558,127.0101482277
서초1동주민센터,121900093,22540,37.4895945167,127.01846691
매헌시민의숲,121900094,22541,37.4729579873,127.0383858588
서래마을입구,121900252,22543,37.4999036726,126.9984708699
반포4동주민센터입구,121900095,22544,37.5005416631,127.0000689924
반포미도아파트앞,121900096,22546,37.5018431861,127.0116067597
여의3교,121900321,22547,37.4525340361,127.0557998691
임광아파트정문,121900097,22548,37.4765668747,127.0010130728
대성유니드아파트,121900098,22549,37.483337,126.987107
서초래미안아파트정문,121900099,22550,37.500285166,127.0187319391
뉴코아백화점,121900100,22551,37.5093091088,127.0080753177
서울교대정문,121900101,22552,37.4889577449,127.0163712913
일동제약,121900298,22553,37.4773511613,127.0376175038
롯데캐슬클래식.사랑의교회,121900102,22554,37.4997374512,127.0229572589
반포래미안아이파크아파트,121900103,22555,37.5003518259,127.0120274955
언남중고교,121900104,22556,37.471957,127.04581
방배3동주민센터,121900105,22557,37.4784490339,126.9998162822
우리수퍼,121900106,22558,37.484584,126.986334
서초래미안아파트남문,121900107,22559,37.4974383029,127.0204175134
경원중학교,121900108,22560,37.5118733237,127.00955354
청호나이스,121900109,22561,37.4879588324,127.0130611243
구름다리(방배교),121900110,22562,37.4799007004,126.99213624
서울지방조달청.서울성모병원,121900111,22563,37.4995235403,127.0039609388
서울법원청사별관.아크로비스타,121900112,22565,37.4980458485,127.0124973884
방배(백석예술대)역1번출구,121900113,22566,37.4809786782,126.9980947232
잠원역,121900114,22567,37.5128516004,127.0115251789
도구로입구,121900265,22570,37.4786803776,126.9891702182
국립중앙도서관,121900117,22571,37.4979220747,127.0044198835
반포1동성당,121900245,22572,37.5041168276,127.0207027838
여의3교,121900322,22573,37.4522824107,127.0558843017
방배(백석예술대)역.서초프라자약국,121900118,22574,37.4822348038,126.9973009069
동덕여고,121900119,22575,37.474535574,126.9929346869
이수역4번출구,121900120,22576,37.4855775952,126.9828785969
신사역4번출구,121900121,22577,37.515341378,127.019585476
유원아파트,121900122,22578,37.4955095778,127.0178666711
서초역2번출구,121900123,22579,37.4912987658,127.0081468857
국립국악원,121900296,22581,37.478170527,127.0087096724
종로교회,121900295,22582,37.4781116779,126.9881108486
서초푸르지오써밋,121900294,22583,37.5019661186,127.0216821231
원불교,121900292,22584,37.481309,127.042206
일동제약,121900290,22585,37.4771882391,127.037054348
방일초등학교,121900261,22586,37.4858436536,126.9949735878
논현역5번출구,121900246,22587,37.5102896713,127.0214930177
청계산입구역,121900319,22591,37.448957246,127.0553027816
예술의전당,121900281,22592,37.480583233,127.0135449202
서울교통공사,121900263,22593,37.4774465285,126.9868536435
경원중학교,121900241,22594,37.5114970568,127.0068991175
대법원,121900221,22595,37.4916070459,127.0064912987
롯데캐슬클래식,121900220,22596,37.500431,127.022435
청계산입구역,121900320,22598,37.4491308269,127.0550119009
내방역2번출구,121900262,22599,37.4868492575,126.9943312166
강남역도시에빛,121000937,22600,37.4948298181,127.028862784
KT삼거리,121000957,22601,37.472187,127.03021
KT연구개발센터정문,121000958,22602,37.4704352425,127.0300162908
형촌마을입구,121000959,22604,37.4623284779,127.0221930408
서초호반써밋,121000983,22605,37.4576416633,127.0146667957
호반써밋서초파크.파크뷰,121000982,22607,37.4600431105,127.0256209436
서리풀문화광장,121001329,22608,37.4910022065,127.0054983231
서초포레스타5단지정문,121900318,22609,37.4517646373,127.0584580212
서초호반써밋,121900327,22613,37.4563449238,127.0151305788
서초포레스타3단지후문,121900316,22614,37.453804,127.059588
서초힐스아파트,121900328,22615,37.4564627414,127.0195785878
LH3.호반써밋서초파크,121900329,22616,37.4579545688,127.0229572647
신논현역2번출구,121900218,22631,37.50605355,127.023552815
강남역서초현대타워앞,121000541,22652,37.4964688083,127.0280084862
강남역우리은행,121000974,22653,37.4956209364,127.0283766361
강남역5번출구,121000973,22654,37.4946974423,127.0288669116
호반써밋서초파크뷰,121900307,22655,37.4595010532,127.0240810088
LH3.호반써밋서초파크,121900306,22656,37.4579865593,127.0227161524
서초힐스아파트,121900305,22657,37.4561419958,127.0173599771
성촌마을입구,121000960,22667,37.4642970776,127.0246982574
2호선교대역7번출구,121900217,22694,37.4940798561,127.0145663212
교대역,121000975,22711,37.4940321203,127.0143808403
서초경찰서,121900216,22742,37.4956827639,127.0059940336
원불교,121900291,22743,37.4834141055,127.0420565333
남부터미널.기쁨병원,121900215,22759,37.4818370058,127.0178114323
이수교(방배본동),121000472,22762,37.4969374974,126.9833037257
사당역,121000473,22763,37.4788660436,126.982077334
서울교통공사,121000475,22765,37.4766214216,126.9861169217
임광아파트,121000476,22766,37.4767398875,127.0009712406
방배동래미안아파트,121000479,22769,37.4757117127,126.9852744312
삼성전자서울R&D,121001309,22774,37.4658469816,127.0233096227
사당역13번출구,121900214,22776,37.4770820069,126.9831179759
KT연구개발센터,121001308,22777,37.47063109,127.0304939858
네이처힐.호반써밋서초파크.파크뷰,121001313,22779,37.4604668951,127.0241545233
서초호반써밋,121900304,22785,37.4564279225,127.0153740036
강남고속버스터미널,121000977,22793,37.5060680574,127.0039283325
내방역.제일병원,121001318,22801,37.488024411,126.9953160104
대우효령아파트,121000511,22802,37.4801666043,126.9932439729
한신2차후문,121900213,22807,37.5121623419,127.0052284159
방배역,121000516,22808,37.4811876954,126.9964065362
서울고교,121000517,22809,37.4827140991,127.0054038744
서울고교,121000518,22810,37.4830035294,127.0049917756
서초아트자이아파트,121000520,22812,37.4851556879,127.0111869156
서울교육대앞,121000521,22813,37.487895,127.014509
남부터미널,121000524,22816,37.4847444476,127.0143055588
신사동.더리버사이드호텔,122000631,22822,37.5177929823,127.0186555368
반포미도아파트앞,121000924,22823,37.501829607,127.0116569971
삼풍아파트,121000930,22824,37.496331007,127.0128918075
교대역,121000929,22825,37.494083312,127.0157243897
프로비스타호텔.서초동유원아파트,121000928,22826,37.4954313463,127.0199873728
서초아르누보호텔.유원아파트,121000927,22827,37.495707393,127.0197746625
삼풍아파트,121000926,22828,37.497139719,127.0130952786
반포래미안아이파크아파트,121000925,22829,37.5014574649,127.012098701
서초고후문,121900212,22832,37.4891146384,127.0044805259
우성아파트,121900277,22835,37.4745387859,127.031814158
내방역1번출구,121900211,22836,37.48779237,126.994581062
내방역8번출구,121900335,22837,37.4883307454,126.9951096348
교보타워앞,121900210,22838,37.50327662,127.0248806477
잠원역,121900243,22840,37.5130042435,127.0114648241
동원산업,121900293,22841,37.4765950873,127.0454401748
서울시인재개발원,121900225,22842,37.4826059016,127.0216889654
한신2차정문,121900209,22843,37.5086507521,127.0030848753
더미켈란아파트,121900208,22844,37.4862032326,127.0040324571
롯데칠성,121900207,22845,37.4954027722,127.0248050278
kt연구소,121900206,22847,37.471705038,127.0306513806
서리풀터널입구,121900205,22848,37.4884884833,126.9969385684
사당역14번출구,121900204,22849,37.4765962586,126.982757404
강남역.서초초교앞,121900203,22850,37.4998269766,127.0264996641
사당역14번출구,121001325,22851,37.4766633346,126.9829132259
경원중학교,121900244,22852,37.5119708712,127.0092995579
국립외교원,121900202,22854,37.4837943042,127.0305443725
호남고속.신세계,121900201,22855,37.5058391969,127.0032971651
서울고사거리,121900200,22856,37.4830538656,127.0041758943
문화예술공원,121900199,22858,37.4701430308,127.0321148241
강남역.삼성전자,121900198,22859,37.4970515618,127.0278698411
반포종합운동장,121900332,22860,37.5005101566,126.9965026797
반포종합운동장,121900253,22861,37.4994762451,126.996273723
언남중고교,121900197,22862,37.472038,127.045755
서초구청,121900196,22863,37.4840614372,127.0324034746
반포우체국,121900195,22864,37.5046903379,126.9998269439
제약회관,121900228,22865,37.482328536,127.001793367
진흥아파트,121900239,22866,37.4965521036,127.0226916384
더케이호텔정문,121900194,22867,37.4677292302,127.0343725873
황실자이아파트,121900193,22868,37.4892746444,126.9986374649
우성아파트사거리,121900192,22869,37.4937061909,127.0294488928
서초역4번출구,121900191,22870,37.4913844544,127.0068260214
반포2동주민센터,121900189,22872,37.5038531775,126.9970535549
방배(백석예술대)역2번출구,121900188,22873,37.4807240664,126.9980581848
서초그랑자이후문,121900187,22874,37.4897827638,127.0275420519
유원아파트,121900240,22875,37.4956521854,127.0194333246
더케이호텔후문,121900186,22876,37.4659938367,127.0341879129
서리풀터널입구,121900178,22877,37.488815095,126.996800041
현대렉시온오피스텔.파이낸셜뉴스,121900139,22878,37.4910005915,127.0307255899
서초역3번출구,121900125,22879,37.4910843274,127.0077861115
양재근린공원,121900124,22880,37.4724090919,127.0415088094
방배유스센터,121900127,22883,37.478885422,126.9991553697
서초그랑자이정문,121900128,22884,37.488003615,127.026037547
강남역10번출구,121900129,22885,37.4992095778,127.0264405862
뱅뱅사거리,121900130,22887,37.4892316317,127.030304584
언남고,121900131,22889,37.473637,127.043264
남부터미널.기쁨병원,121900230,22890,37.4819795068,127.0169521013
방배그랑자이아파트정문,121900271,22891,37.477192125,127.0004098253
풍림아이원,121900132,22892,37.4872479803,127.0238377395
하이브랜드.코스트코.이마트,121900133,22893,37.4623679984,127.036183371
서초유스센터,121900134,22894,37.4861722268,127.0101625566
예술의전당,121900231,22895,37.4811103218,127.0140414058
교대역6번출구,121900135,22897,37.494171868,127.0137373697
신중초등학교,121900232,22899,37.479771,127.010826
동덕여고,121900136,22900,37.47403997,126.9929415
국제전자센터,121900137,22901,37.4854513228,127.0179151927
양재역9번출구,121000970,22903,37.4826638191,127.0355508885
국립국악원,121900138,22904,37.4779435387,127.0073810943
래미안아파트.파이낸셜뉴스,121000920,22905,37.492482,127.029934
삼호아파트,121900140,22906,37.497427412,126.9873076156
방배배수지체육공원,121900141,22907,37.4738661248,126.9924125075
남부터미널.한일시멘트,121900233,22908,37.4847552499,127.0143960237
양재역엘타워빌딩,121000969,22909,37.4825610693,127.0356299924
서초1동사무소,121900222,22910,37.4903557536,127.0196816512
양재시민의숲매헌역입구,121900323,22911,37.4692956181,127.0373749569
방배빌딩,121900234,22912,37.478279901,127.0067664544
서래초등학교,121900142,22913,37.49573641,126.9883726975
서초구립중앙노인종합복지관,121900143,22915,37.4916789581,127.016581893
삼환아파트,121900235,22916,37.4800107592,127.0058932787
양재역커피빈앞,121000971,22919,37.4828368944,127.0353406498
말죽거리공원사거리,121900144,22920,37.4782102141,127.0394643451
서초고후문,121900145,22922,37.4893768961,127.0047484587
상문고등학교.수표교교회,121900236,22923,37.4818562644,127.0050035302
빛교회.이수중앙시장,121900146,22924,37.4922933558,126.9890268906
현대캐피탈,121900147,22925,37.4797190114,127.0410922289
본마을노인복지센터,121900326,22926,37.4544244544,127.0529606938
본마을노인복지센터,121900325,22927,37.4545394332,127.0530384779
방배열린문화센터.가야치과병원,121900148,22928,37.4891551044,126.9928643282
카페골목입구,121900149,22929,37.4916137524,126.9873182177
원불교,121900150,22930,37.481298,127.042546
방배열린문화센터(방배4동주민센터),121900151,22931,37.490394075,126.9921144436
방배4동경로당,121900152,22932,37.4893925216,126.9872326483
뉴코아백화점,121900153,22933,37.5072825331,127.0080547391
함지박사거리,121900154,22934,37.4915969962,126.9913600147
청호나이스,121900237,22935,37.4877164521,127.0129084201
코오롱아파트,121900278,22936,37.4723103108,127.0281179589
이수역2번출구,121900258,22937,37.4872077842,126.9824232165
HCN서초방송,121900155,22938,37.4822972976,127.0120492501
서초포레스타3단지후문,121900315,22939,37.4538837398,127.0595220597
서울교대,121900156,22940,37.4887252807,127.0162208382
삼호교회,121900157,22942,37.4936339225,126.9863780826
서초1동주민센터,121900158,22945,37.4896367481,127.0192223339
삽준네마을,121900279,22946,37.4691973046,127.0267443044
남부시장,121900159,22947,37.4953901154,126.9858858024
교총회관,121900280,22949,37.4669560736,127.0275611985
롯데캐슬헤론아파트,121900160,22950,37.4973301255,126.9853504863
서래마을입구,121900161,22956,37.499217253,126.9983460816
서래마을.서래글로벌빌리지센터,121900254,22959,37.4979248474,126.9982345347
서초문화예술정보학교후문,121900162,22961,37.4866818374,127.0289838941
송동마을.서초힐스아파트,121900163,22962,37.4589669003,127.017847831
효성빌라,121900164,22963,37.4962866403,126.9981271322
방배중학교,121900165,22966,37.4949403792,126.9974474717
삼창골든빌리지,121900166,22968,37.4940689638,126.9957646844
서초고후문,121900334,22969,37.4889221759,127.0046620261
청담자이아파트,122000753,23851,37.522073,127.056339
방배4동성당,121900167,22970,37.4937462678,126.9935356582
함지박사거리,121900168,22972,37.493124351,126.9911415729
구룡사입구,121900169,22973,37.4720524503,127.0502298295
서문여고,121900170,22975,37.4874536668,126.9850209583
카페골목입구.래미안원페를라,121900171,22976,37.4914704762,126.9873114566
반포종합운동장,121001302,22977,37.5002173346,126.9966723282
서울교통공사,121900172,22979,37.4774762857,126.9873538613
서초구청맞은편,121900173,22980,37.4841889736,127.030601072
방배(백석예술대)역3번출구,121900264,22981,37.4812111266,126.9964879477
서초롯데캐슬프레지던트아파트,121900174,22982,37.496137355,127.0196986198
대검찰청.서초경찰서,121900238,22983,37.4945136356,127.0062446594
불교TV.서초어린이집,121900175,22984,37.4745006419,127.0002023829
구룡사거리,121900176,22985,37.4739943247,127.0481441804
서이초등학교,121900177,22986,37.4911635361,127.0268380817
서울고사거리,121900179,22987,37.4832169599,127.0043330792
사당역12번출구,121900180,22989,37.4778342637,126.9819882566
래미안퍼스티지정문,121900248,22990,37.503801116,127.001950895
더미켈란아파트,121900182,22992,37.4855580371,127.0041602025
서울성모병원.서울지방조달청,121900183,22993,37.5003496563,127.0041236994
아크로비스타,121900184,22994,37.4980214836,127.01282537
서초성당,121900023,22996,37.4931966225,127.0212843629
강남역홍우빌딩앞,121000921,22997,37.49581459,127.0283310385
양재역신한은행앞,121000972,22999,37.4829090136,127.0352377849
신사중학교,122000001,23101,37.5229277357,127.0204991277
신사중학교,122000002,23102,37.523733,127.021302
광림교회.현대고등학교,122000003,23103,37.5253868122,127.0252663803
광림교회.현대고등학교,122000004,23104,37.5252779533,127.0244392928
압구정역4번출구,122000005,23105,37.5257349597,127.0281887833
국민은행압구정종합금융센터,122000006,23106,37.5230982773,127.028118907
신사동고개,122000007,23107,37.5188969053,127.0257541709
신사역8번출구.가로수길,122000008,23108,37.5174397364,127.0221753116
신사역6번출구,122000009,23109,37.517422,127.019435
신사역3번출구,122000010,23110,37.5152289207,127.0200787646
신사역1번출구,122000011,23111,37.5168574262,127.0217344165
신사동고개,122000012,23112,37.5185545148,127.0260152561
강남을지병원,122000013,23113,37.5182204908,127.028629941
학동역,122000014,23114,37.5147842255,127.0301678528
학동역6번출구,122000015,23115,37.5137805482,127.0296320997
영동시장,122000016,23116,37.5118508617,127.0234688746
영동시장.논현역1번출구,122000017,23117,37.5113367768,127.0224536332
학동역5번출구,122000018,23118,37.5135731512,127.0301492658
논현동고개,122000019,23119,37.5102565309,127.0323028097
삼정호텔,122000020,23120,37.5067856544,127.0316905107
신논현역3번출구,122000021,23121,37.5050754793,127.0258483824
신논현역3번출구.교보타워사거리,122000022,23122,37.5057773025,127.0241456343
영동시장.논현역3번출구,122000023,23123,37.5093462126,127.0223963092
언북중학교입구,122000024,23124,37.5202978876,127.0308205822
도산공원사거리.호림아트센터,122000025,23125,37.5215790063,127.0349369258
영동119안전센터,122000026,23126,37.5225557208,127.0381006504
강남구청역,122000027,23127,37.5185178636,127.0406416326
강남구청역3번출구,122000028,23128,37.5169580553,127.0399409789
세관앞,122000029,23129,37.5157593644,127.0360665964
서울세관,122000030,23130,37.5170273453,127.0356282732
서울세관,122000031,23131,37.5173244793,127.0351676893
학동역,122000032,23132,37.515158129,127.0303750209
강남을지병원,122000033,23133,37.5185664886,127.0287812765
세관앞,122000034,23134,37.5156009306,127.0364196087
강남구청역2번출구,122000035,23135,37.5167710194,127.0401699369
한국토지주택공사앞,122000036,23136,37.5131909081,127.0426620828
선정릉역1번출구.시니어플라자,122000037,23137,37.5102354545,127.0431015104
아크로힐스논현,122000038,23138,37.5092228723,127.0396748981
논현아이파크,122000039,23139,37.5112220456,127.0364372746
임피리얼팰리스호텔.펜트힐루논현,122000040,23140,37.5143285583,127.0356009719
펜트힐루논현.임피리얼팰리스호텔,122000041,23141,37.5135465374,127.0351526376
논현아이파크,122000042,23142,37.5111433662,127.0359197745
국민은행논현동지점,122000043,23143,37.5085727966,127.0373832207
언주역4번출구.차병원사거리,122000044,23144,37.5078369128,127.0351434453
언주역3번출구,122000045,23145,37.5084783232,127.0335055792
논현고개,122000046,23146,37.5114460374,127.0321076269
서울세관사거리,122000047,23147,37.515315407,127.0346068386
현대아파트,122000048,23148,37.5284384777,127.030580671
현대아파트,122000049,23149,37.5282986659,127.0311225746
고속철도수서역,122000718,23150,37.4847973786,127.1041791055
신사동교회,122000050,23151,37.5206998289,127.030625028
도산공원,122000051,23152,37.5221138227,127.0333295289
신구중학교,122000052,23153,37.5267319814,127.0332342816
압구정중고등학교.현대아파트,122000053,23154,37.5297587463,127.0336829789
도산공원사거리,122000651,23155,37.5220301368,127.0345957994
압구정파출소,122000054,23156,37.5291115096,127.0362762745
압구정파출소,122000055,23157,37.528789,127.036267
한양아파트.압구정로데오역,122000056,23158,37.5282700029,127.0395789565
한양아파트.압구정로데오역,122000057,23159,37.527929495,127.0392574486
일지아트홀,122000058,23160,37.524911806,127.0395011945
씨네시티앞,122000059,23161,37.5228970378,127.0375996828
도산공원,122000060,23162,37.5228130189,127.0335300905
신구중학교,122000061,23163,37.5256460711,127.0335404098
성수대교남단.현대아파트,122000062,23164,37.5299198087,127.0341408692
청담초등학교,122000063,23165,37.5268028293,127.045122136
청담동주민센터,122000064,23166,37.5246152832,127.0493317535
청담동주민센터,122000065,23167,37.5245198173,127.0513510007
영동대교남단.청담자이아파트,122000066,23168,37.522598,127.056049
영동대교남단,122000067,23169,37.522801,127.05519
청담역.경기고교,122000068,23170,37.52098119,127.0561675414
우리은행청담지점.청담삼익아파트,122000069,23171,37.5210776985,127.0568972469
청담역.경기고교,122000070,23172,37.5200284066,127.0561102673
진흥아파트,122000071,23173,37.5192911033,127.0520898501
청담동성당,122000072,23174,37.5204992022,127.0495735347
청담사거리,122000073,23175,37.5230254757,127.0482136037
강남구청.강남세무서,122000074,23176,37.5184307316,127.0472972241
청담동래미안아파트,122000075,23177,37.5176597984,127.0429049989
강남구청역,122000076,23178,37.518511943,127.0409428973
프라마호텔,122000697,23179,37.524927,127.051344
농협앞,122000077,23180,37.5240778005,127.0443867144
일지아트홀.압구정노인복지관,122000078,23181,37.5243159636,127.0396345679
청담초등학교앞,122000079,23182,37.5264613268,127.045085725
청담사거리,122000080,23183,37.5229351646,127.0477909496
청담동성당,122000081,23184,37.5202583193,127.0492045241
차병원차움,122000082,23185,37.5236666735,127.044171112
진흥아파트.청담역,122000083,23186,37.5190458844,127.0521305938
청담역.경기고교,122000084,23187,37.5198187578,127.0564579528
청담역.경기고교,122000085,23188,37.5193090138,127.0578574132
봉은사.삼성1파출소앞,122000086,23189,37.5149677625,127.0594353837
봉은사.코엑스북문,122000087,23190,37.5141705618,127.0588290285
봉은사.코엑스북문,122000088,23191,37.5135467163,127.057639012
봉은사역3번출구.삼성1파출소,122000089,23192,37.5151079658,127.0601628839
봉은사역5번출구.광동병원,122000090,23193,37.514457156,127.0621999736
노블발렌티웨딩홀,122000091,23194,37.5148306999,127.0647588832
새마을금고중앙회,122000092,23195,37.512568,127.065604
강남경찰서.강남운전면허시험장,122000093,23196,37.5098983164,127.0659088469
삼성역7번출구,122000094,23197,37.51231,127.061718
무역센터,122000095,23198,37.512027938,127.0610582829
무역센터,122000096,23199,37.5105781837,127.0619023166
강남구보건소,122000665,23200,37.5154775223,127.0417754477
한국무역센터.삼성역,122000098,23201,37.508448,127.060899
포스코사거리,122000099,23202,37.5078226593,127.0563179719
한별구립어린이집,122000100,23203,37.5104103876,127.0549014268
센트럴아이파크.강남구도시관리공단,122000101,23204,37.5157795361,127.0520466841
삼성동서광아파트,122000102,23205,37.5173233382,127.0424517989
강남구청.강남세무서,122000103,23206,37.5182413732,127.0476647353
청담역7번출구,122000104,23207,37.5176356522,127.0506188246
센트럴아이파크.강남구도시관리공단,122000105,23208,37.5153174045,127.0518696115
한별구립어린이집,122000106,23209,37.5102276026,127.0546026643
삼성중앙역.플래티넘아파트,122000107,23210,37.512663758,127.0515286905
삼성중앙역.플래티넘아파트,122000108,23211,37.5123779785,127.0518271312
삼성2문화센터,122000109,23212,37.5110917636,127.0461375271
삼성2문화센터,122000110,23213,37.5108104729,127.046512905
선릉역8번출구.선정릉,122000111,23214,37.5062014334,127.0483328457
선정릉역.국가무형유산전수교육관,122000112,23215,37.5097642558,127.0441954871
한국토지주택공사앞,122000113,23216,37.5126364282,127.0432054996
포스코건너편,122000114,23217,37.5066831874,127.0554269279
선릉역,122000115,23218,37.505143,127.050205
도곡역2번출구.동부센트레빌,122000116,23219,37.4915855937,127.0565229085
도곡역.중대부고,122000117,23220,37.4918872375,127.0550936879
단대부고.대치아이파크아파트,122000118,23221,37.4946749575,127.0537770662
한티역3번출구.서울강남고용노동지청,122000119,23222,37.4964463596,127.0541425059
삼성아파트입구,122000120,23223,37.4981982,127.05956007
농협대치지점,122000121,23224,37.4979369667,127.0611545494
대치SKVIEW아파트.서울교회,122000122,23225,37.4962613463,127.0620556876
대치역1번출구,122000123,23226,37.4938592964,127.0614984174
래미안대치팰리스,122000124,23227,37.4925595861,127.0585796232
도곡역3번출구,122000125,23228,37.4911818874,127.0565474837
대치동우성아파트,122000126,23229,37.4925770923,127.0596110202
대치역8번출구,122000127,23230,37.4938624098,127.0622309495
대치역7번출구.선경아파트,122000128,23231,37.492458,127.06408
도곡역.대청중학교,122000129,23232,37.4902578609,127.0557033053
은마아파트,122000130,23233,37.4955959062,127.0628615031
은마치안센터,122000131,23234,37.4980989737,127.0615233829
은마아파트,122000132,23235,37.4994819598,127.0631318417
대치동은마아파트,122000133,23236,37.4989023513,127.0684549688
은마아파트,122000134,23237,37.4957666584,127.0669737834
대치동미도아파트,122000135,23238,37.4956049426,127.0677076244
대치역6번출구.강남구민회관,122000136,23239,37.492785,127.064278
쌍용아파트,122000137,23240,37.4980841758,127.0693334711
선릉역,122000645,23241,37.505447,127.051217
삼성역2번출구,122000139,23242,37.507253,127.06441
강남경찰서.강남운전면허시험장,122000140,23243,37.5097985758,127.0670284926
삼성역,122000141,23244,37.5071289459,127.0636868176
휘문고교사거리,122000142,23245,37.504394,127.065214
래미안하이스턴.대치순복음교회,122000143,23246,37.4999449909,127.0638660962
대치현대아파트,122000144,23247,37.5008238066,127.0600625549
휘문중고등학교,122000145,23248,37.5039658555,127.0618980584
휘문중고등학교,122000146,23249,37.5040741974,127.0614966158
대치사거리,122000147,23250,37.5036604676,127.0585776263
한국무역센터.삼성역,122000148,23251,37.5078401374,127.0605488571
한티역,122000149,23252,37.4981160997,127.0521475206
도성초등학교,122000150,23253,37.5001223629,127.0512135652
도성초교사거리,122000151,23254,37.5008208922,127.0519567662
강남농협.풍림아이원아파트,122000152,23255,37.5021979661,127.0563510713
강남농협.풍림아이원아파트,122000153,23256,37.5026183817,127.0568832362
도성초교사거리,122000154,23257,37.5008818613,127.0516118811
진선여자중고등학교,122000155,23258,37.5027442041,127.049965539
선릉역,122000156,23259,37.5047611955,127.050462265
포스코빌딩,122000157,23260,37.5060493833,127.0548888307
대치사거리,122000158,23261,37.503405,127.058292
대치동현대아파트,122000159,23262,37.501646012,127.0591748622
은마아파트입구사거리,122000160,23263,37.4987273789,127.0600675492
도곡초등학교,122000161,23264,37.4976896078,127.0566485239
한티역2번출구.서울강남고용노동지청,122000162,23265,37.4967735576,127.0539289896
신논현역4번출구,122000163,23266,37.504682,127.025813
삼정호텔앞,122000164,23267,37.5062420273,127.0311108359
차병원,122000165,23268,37.50553234,127.0344860558
언주역6번출구.차병원,122000166,23269,37.5063571874,127.0345489808
언주역5번출구.차병원사거리,122000167,23270,37.5075577236,127.0353224874
시티프라디움더강남.라움아트센터,122000168,23271,37.5078627567,127.0389267017
라움아트센터.시티프라디움더강남,122000169,23272,37.5077449631,127.0396488905
아크로힐스논현,122000170,23273,37.5091077534,127.0406479555
선정릉역4번출구.시니어플라자,122000171,23274,37.5098413413,127.0428920405
선정릉역.국가무형유산전수교육관,122000172,23275,37.5092335728,127.0440935191
선릉역7번출구,122000173,23276,37.5058843866,127.0481759639
서울상록회관.한국기술센터,122000174,23277,37.503232,127.044057
KT강남지사,122000175,23278,37.5047549674,127.0419791463
KT강남지사,122000176,23279,37.5047578524,127.0414645036
아가방빌딩.하나은행,122000177,23280,37.5016408218,127.0387713026
역삼역7번출구.GS타워,122000178,23281,37.5015046036,127.036766173
역삼역6번출구,122000179,23282,37.5015407612,127.0363873327
역삼역4번출구,122000180,23283,37.500428516,127.0347356752
강남역12번출구,122000181,23284,37.4988103664,127.0295583305
강남역11번출구,122000182,23285,37.499338,127.027257
신논현역6번출구,122000183,23286,37.502359976,127.0257902121
강남역1번출구.역삼세무서,122000184,23287,37.4982974547,127.0290968277
역삼역.포스코타워역삼,122000185,23288,37.4994895468,127.0335958701
영동중앙교회,122000186,23289,37.4981539451,127.0379751499
강남구보건소,122000666,23290,37.515333228,127.042151467
역삼럭키아파트.역삼월드메르디앙아파트,122000187,23291,37.491838771,127.0387194718
역삼초등학교,122000188,23292,37.4942184896,127.0341843565
역삼초등학교,122000189,23293,37.4943308436,127.0341054359
뱅뱅사거리.역삼동,122000190,23294,37.4902625053,127.033598088
역삼초등학교,122000191,23295,37.492195273,127.0306529668
역삼2동주민센터.대림역삼아파트,122000192,23296,37.496245263,127.0459926766
래미안그레이튼아파트,122000193,23297,37.4960436368,127.0457084122
역삼자이아파트,122000194,23298,37.499810373,127.044319709
역삼동성당.역삼자이아파트,122000195,23299,37.4998793449,127.0437950854
역삼동개나리아파트,122000196,23300,37.4993788675,127.0475961987
역삼동개나리아파트,122000197,23301,37.499583,127.047567
총지사,122000198,23302,37.4963226138,127.0404501731
총지사,122000199,23303,37.4966904984,127.0408425358
영동중앙교회,122000200,23304,37.4977185179,127.03857548
대한사회복지회,122000201,23305,37.501137,127.038818
한국자산신탁.센터필드,122000202,23306,37.502783,127.044247
진선여자중고등학교,122000203,23307,37.5022648571,127.0498724735
역삼e-편한세상아파트,122000204,23308,37.4992545645,127.0512977977
한티역,122000205,23309,37.4972023372,127.0522475418
한티역7번출구,122000206,23310,37.4960052231,127.0514784788
역삼중학교.강남세브란스병원,122000207,23311,37.49471181,127.0476983171
도곡1차아이파크.역삼청소년센터,122000208,23312,37.4928082151,127.0417858592
총지사,122000209,23313,37.4949426926,127.0398633221
도곡1동주민센터.역삼럭키아파트,122000210,23314,37.4915800523,127.0390292015
도곡1차아이파크.도곡중학교,122000211,23315,37.4926349836,127.0424021052
매봉삼성아파트.SK리더스뷰,122000212,23316,37.4881449495,127.0489606775
매봉역.양재최의원,122000213,23317,37.4861642605,127.0445616798
양재역말죽거리.강남베드로병원,122000214,23318,37.4852510407,127.0379686178
뱅뱅사거리.은광여고,122000215,23319,37.4877243166,127.032807632
고속철도수서역,122000717,23320,37.4845010698,127.1037382748
뱅뱅사거리.뱅뱅프라자,122000217,23321,37.4897472768,127.0328763684
원불교앞,122000218,23322,37.4835581756,127.0423551365
매봉역,122000219,23323,37.4859166406,127.0448542288
도곡개포한신아파트,122000220,23324,37.48791,127.049239
개포한신.우성4차아파트,122000221,23325,37.4870851555,127.050372953
우성캐릭터빌아파트,122000222,23326,37.4870096821,127.0508009097
군인공제회관,122000223,23327,37.4892113897,127.0520250488
선정릉역.라마다서울호텔,122000657,23328,37.510642,127.045647
숙명여고,122000225,23329,37.4897270653,127.0523674556
도곡렉슬아파트.강남세브란스병원,122000226,23330,37.4944367753,127.0481867043
한티역6번출구,122000227,23331,37.495722,127.05194
도곡렉슬아파트정문,122000228,23332,37.4947508051,127.053435578
중대부고앞,122000229,23333,37.492538,127.054525
구룡중학교앞,122000230,23334,37.485803,127.057243
개포1동주민센터.개포고등학교,122000231,23335,37.483066,127.059951
개현초등학교,122000232,23336,37.481319,127.062072
개포파크빌리지,122000234,23338,37.477328,127.057772
구룡초교사거리,122000235,23339,37.4809034856,127.0542007012
현대아파트경남아파트,122000236,23340,37.4828745638,127.0531173735
현대1차.우성3차아파트,122000237,23341,37.482973,127.056549
개일초등학교앞,122000238,23342,37.4861731624,127.0572119951
개포고등학교,122000239,23343,37.484213,127.058944
개포1동주민센터,122000240,23344,37.4825013593,127.0609693505
래미안블레스티지아파트,122000241,23345,37.480651,127.063217
개포도서관,122000242,23346,37.4836959018,127.0638958786
수도전기공고후문,122000243,23347,37.484782057,127.0656239958
수도전기공고후문,122000244,23348,37.485273,127.065984
디에이치아너힐즈,122000245,23349,37.48373,127.068697
개포자이프레지던스,122000246,23350,37.483766,127.069256
경기여고,122000247,23351,37.48653,127.067244
개포동역7번출구.개포시장,122000248,23352,37.4886501992,127.066161548
개포주공5단지경기여고,122000249,23353,37.4867075784,127.0674711689
개포동역6번출구.개포시장,122000250,23354,37.4885440958,127.0665798221
개포시장.개포5단지상가,122000251,23355,37.4895230906,127.0680732652
개포시장.개포5단지상가,122000252,23356,37.489411,127.068631
양전초등학교,122000253,23357,37.490243,127.070593
개포6단지앞,122000254,23358,37.489962,127.07042
디에이치자이개포아파트,122000255,23359,37.4923003831,127.0755690336
개원중학교.대모산입구역2번출구,122000256,23360,37.492262,127.072156
개포주공7단지앞,122000257,23361,37.4891592437,127.0738085758
일원초등학교,122000258,23362,37.488338773,127.0746897303
현대아파트,122000259,23363,37.4822653767,127.0528285196
방이동,123000557,24771,37.5110954671,127.1287692349
개포래미안포레스트,122000260,23364,37.4799411421,127.0546102524
능인선원앞,122000261,23365,37.4725527152,127.0523679256
구룡산입구,122000262,23366,37.4772998668,127.0617734705
능인선원앞,122000263,23367,37.4720609789,127.0523276925
구룡사입구,122000264,23368,37.4719206884,127.0507511248
국악고교사거리,122000265,23369,37.474526919,127.0480450265
삼호물산,122000266,23370,37.4772430549,127.0452517449
구룡초등학교,122000267,23371,37.480828,127.05311
광수빌딩,122000268,23372,37.4790607546,127.0493324033
국민은행.포이근린공원,122000269,23373,37.4787698164,127.0468254619
포이사거리.삼호물산,122000270,23374,37.478451,127.045145
포이사거리.삼호물산,122000271,23375,37.478296,127.045191
국민은행.포이근린공원,122000272,23376,37.4785641982,127.0472425588
광수빌딩,122000273,23377,37.4789049887,127.0493780029
개포지구대,122000274,23378,37.4794240061,127.0512016967
구룡초등학교,122000275,23379,37.480467,127.052903
수서삼성아파트앞,122000276,23380,37.4843993977,127.0909893034
일원본동주민센터,122000277,23381,37.4834885153,127.0847497652
푸른마을아파트앞,122000278,23382,37.4829129209,127.0805834065
상록수아파트앞,122000279,23383,37.4828046299,127.0821222482
일원본동주민센터,122000280,23384,37.4833831017,127.0859753943
수서119안전센터앞,122000281,23385,37.4842412879,127.0938503097
삼성서울병원정문,122000282,23386,37.4865445092,127.0829902821
삼성서울병원정문건너편,122000283,23387,37.4870251768,127.0824491516
일원역7번출구,122000284,23388,37.484911433,127.0833076652
삼성서울병원후문,122000285,23389,37.4901997236,127.0875200547
글래드라이브강남호텔,122000716,23390,37.48373,127.068697
을지병원.포포인츠강남&호텔선샤인,122000739,23391,37.5201296971,127.0288547701
삼성서울병원사거리,122000288,23392,37.4891174907,127.0824473261
강남한양수자인아파트,122000696,23393,37.4781574286,127.1133506298
강남한양수자인아파트,122000695,23394,37.477818,127.113478
대치아파트.대모산입구역3번출구,122000291,23395,37.4924140029,127.0724873208
삼성서초역삼세무서,122000742,23396,37.4984123659,127.0297942021
대청역6번출구,122000293,23397,37.4932399657,127.0786043309
마루공원,122000640,23398,37.4948202584,127.0833130163
대청초등학교,122000641,23399,37.493870617,127.0865721019
서울일원동우체국,122000642,23400,37.4919969862,127.0876266147
수서역.현대벤쳐빌,122000294,23401,37.4876807848,127.1021201028
수서역2번출구,122000295,23402,37.4883076816,127.1007452609
수서역.KT수서지점,122000296,23403,37.4885476793,127.0998654903
수서역1번출구,122000297,23404,37.4871885183,127.1007358421
세곡동주민센터,122000719,23405,37.4696395193,127.1080981819
궁마을,122000299,23406,37.4854278045,127.0973286229
궁마을,122000300,23407,37.4852808034,127.0976066393
수서역6번출구,122000301,23408,37.4867911067,127.1020425697
수서역5번출구,122000302,23409,37.4868602717,127.1025969044
수서역.로즈데일빌딩,122000303,23410,37.4873984409,127.1028677279
세곡동주민센터,122000304,23411,37.469461957,127.1076740129
은곡마을.LH이편한세상,122000305,23412,37.4653476974,127.1025352444
강남신동아파밀리에1단지,122000306,23413,37.4654339318,127.0999208093
대왕초등학교,122000307,23414,37.4646708281,127.1068384861
세곡동사거리,122000308,23415,37.4635777855,127.1078294794
세곡동,122000309,23416,37.4646105826,127.1095067201
광연자동차학원앞,122000310,23417,37.4656909003,127.1163609853
삼일자동차학원.강남자동차검사소,122000311,23418,37.4679153957,127.1211804938
삼일자동차학원.강남자동차검사소,122000312,23419,37.4679987199,127.1207679842
광연자동차학원앞,122000313,23420,37.4670229687,127.1188445352
세곡동,122000314,23421,37.4649373007,127.1093969858
세곡동사거리,122000315,23422,37.465796284,127.108561756
방죽마을,122000316,23423,37.4723837769,127.107350365
래미안포레아파트,122000317,23424,37.4745489674,127.1067825531
쟁골마을,122000318,23425,37.4818869624,127.1050772751
쟁골마을,122000319,23426,37.4826545844,127.1043990475
래미안포레아파트,122000320,23427,37.4751350942,127.1062605211
방죽마을,122000321,23428,37.4722247345,127.106920465
압구정역3번출구,122000322,23429,37.5260014748,127.0287139855
국민은행압구정종합금융센터,122000323,23430,37.523272893,127.0285130905
언주역2번출구.차병원사거리,122000324,23431,37.5079530218,127.0333616903
영동고교앞,122000325,23432,37.5215035461,127.0398932882
개포우성6차아파트,122000326,23433,37.4757363339,127.0578803329
은곡마을진입로,122000664,23434,37.4657576277,127.0987019628
대치유수지체육공원,122000327,23435,37.501358,127.068123
우성아파트,122000328,23436,37.501143627,127.0684146056
세곡푸르지오.은곡삼거리,122000674,23437,37.4649702658,127.0946994252
삼성역3번출구,122000330,23438,37.5071627199,127.0637122939
세곡푸르지오.은곡삼거리,122000673,23439,37.465062,127.096478
LH수서아파트,122000743,23440,37.479078,127.105708
LH수서아파트,122000744,23441,37.4786070506,127.1053468464
세곡2지구3.4단지,122000720,23442,37.4769291284,127.1100617023
수서역6번출구,122000747,23443,37.486361578,127.102526537
역삼1동주민센터,122000748,23444,37.496548,127.032341
개포우성아파트,122000333,23445,37.4765644257,127.0578638641
래미안강남힐즈,122000692,23446,37.4723483229,127.0973806587
세곡중학교.세명초등학교,122000691,23447,37.4702479734,127.0917980067
세곡중학교.세명초등학교,122000690,23448,37.4704122141,127.0920469065
일원동한솔아파트,122000337,23449,37.4825445295,127.0793139035
시립수서청소년센터,122000338,23450,37.483863,127.089107
한강버스압구정선착장A,122000756,23451,37.527273,127.019564
한강버스압구정선착장B,122000757,23452,37.526256,127.017563
포스코사거리,122000340,23453,37.5080791101,127.055736576
대왕초등학교,122000699,23454,37.4650705422,127.1065571269
도곡역4번출구,122000342,23456,37.4899733606,127.0556100386
개포중학교,122000343,23457,37.480019,127.063631
구룡마을,122000344,23458,37.478975,127.064041
디에이치퍼스티어아이파크,122000345,23459,37.478381,127.056741
싸리고개공원교차로,122000758,23460,37.491091,127.036127
영희초등학교,122000346,23462,37.4911914327,127.0804871277
못골마을.강남자곡아이파크,122000686,23463,37.4732649886,127.1017217712
못골마을,122000687,23464,37.4731023528,127.1018882443
태화기독교사회복지관,122000348,23465,37.4845282141,127.0933527923
개포도서관,122000349,23466,37.483553,127.063564
강남세곡체육공원,122000746,23467,37.465565,127.112862
도곡교회.인바디빌딩,122000351,23468,37.4744335616,127.0554585033
강남세브란스병원,122000352,23469,37.4933489347,127.0474623305
도곡교회.인바디빌딩.건너,122000353,23470,37.4742753543,127.0559940835
래미안강남힐즈,122000693,23471,37.4722905356,127.0952484632
도곡중학교.강남세브란스병원,122000355,23472,37.4936020408,127.0467216289
강남경찰서.강남운전면허시험장,122000356,23473,37.5095036021,127.0660087348
수도공고앞,122000357,23474,37.487234,127.061926
개포4단지5단지,122000358,23475,37.486365,127.068309
개포4단지6단지,122000359,23476,37.4868514825,127.072073511
개포4단지7단지,122000360,23477,37.487918251,127.0735755585
마루공원,122000749,23478,37.49485,127.082818
개포동역1번출구,122000362,23479,37.488967804,127.0654139271
세곡푸르지오,122000688,23480,37.4675388365,127.093835078
도곡1동주민센터.경남아파트,122000364,23481,37.4889759836,127.0413200765
강남효성해링턴코트,122000689,23482,37.4676884285,127.0939126611
구룡역5번출구,122000365,23483,37.4861062927,127.0591999287
구룡역1번출구,122000366,23484,37.4861696665,127.058961369
역삼럭키아파트,122000368,23488,37.4916371451,127.0411232813
래미안개포루체하임아파트,122000724,23489,37.4893028717,127.0814750981
수도공고,122000370,23491,37.48755,127.062351
개포4단지6단지,122000371,23492,37.4869928876,127.0719670062
개포4단지5단지,122000372,23493,37.486497,127.068237
강남역12번출구A,122000745,23494,37.4987376489,127.0294748515
학여울역,122000643,23500,37.497144,127.071451
학여울역,122000644,23501,37.4966786872,127.0713978002
도곡한신아파트,122000381,23504,37.4868758329,127.0411576487
현대1차아파트,122000382,23505,37.482287,127.05525
영동고등학교.현대아파트,122000384,23507,37.5213549869,127.0395300499
개포4단지7단지,122000385,23508,37.4876526608,127.0729326014
총회회관.휘문고입구,122000386,23509,37.504156,127.066098
예림당아트홀.신한은행전산센터,122000387,23510,37.498222358,127.0442961535
새마을운동중앙회,122000388,23511,37.5020166731,127.0673747926
총지사,122000389,23512,37.4947101031,127.0395898829
신한은행데이터센터,122000390,23513,37.4981459957,127.0436967482
포스코사거리,122000391,23514,37.5073192617,127.0575278976
우성3차아파트,122000392,23515,37.4838187251,127.0571827363
우성6차아파트,122000393,23516,37.4775486459,127.0551994825
포이초교,122000394,23517,37.4752206839,127.0526851839
국악중고교,122000395,23518,37.4756518082,127.0506448815
풍양빌딩,122000396,23519,37.4773892734,127.0488173808
코원에너지서비스,122000397,23520,37.4980697598,127.0760972384
코원에너지서비스,122000398,23521,37.4984896319,127.076162131
포스코사거리교차로,122000400,23523,37.5070321739,127.0579066873
국민은행개포남지점,122000401,23524,37.4787861872,127.0479647043
삼익아파트앞,122000402,23525,37.4898912383,127.041707484
래미안포레아파트,122000403,23526,37.4756585108,127.1072950785
디아크리온강남아파트,122000404,23527,37.4760978962,127.1076846516
세곡2지구3.4단지,122000698,23528,37.476668,127.110393
도곡한신아파트,122000703,23529,37.4865461779,127.0414335753
강남더샵라르고오피스텔,122000702,23530,37.4752274507,127.1048166174
한남대교전망카페,122000408,23531,37.5245524646,127.0156821849
서울의료원후문,122900035,23532,37.512854221,127.0670297734
구룡마을,122900052,23533,37.477288604,127.061773461
학동역,122900036,23536,37.5153752342,127.0299918634
은곡마을.강남신동아파밀리에,122000675,23537,37.465026,127.102457
강남현대힐스테이트에코,122000701,23538,37.4750109081,127.1049627778
대왕초등학교,122900070,23543,37.4647336817,127.1060868044
수서역5번출구.이마트앞,122900002,23544,37.4867890817,127.1026711271
개포4복합문화센터.달터공원,122900003,23545,37.4765501377,127.0496563833
일원역,122900004,23546,37.4842740914,127.0837487838
수서역.로즈데일빌딩,122000754,23547,37.487511,127.102806
수서역,122000755,23548,37.488469,127.100588
삼성서울병원정문,122900005,23552,37.486220916,127.0831278825
국민은행,122900057,23557,37.4783965969,127.0477270355
삼성서울병원본관,122900006,23558,37.4880871291,127.0843625606
한아름아파트.사이룩스오피스텔,122900007,23562,37.4882883158,127.1043695699
암센터후문.장례식장,122900100,23564,37.489906166,127.0877033472
암센터정문,122900008,23569,37.4887280795,127.0877105812
신분당선.강남역4번출구,122900101,23572,37.4945395934,127.0295651284
영동2교,122900047,23573,37.4824106082,127.0436209282
강남서초교육지원청,122900010,23575,37.5114525879,127.0474431396
래미안루체하임.일원동맛의거리,122900061,23579,37.4895038011,127.0816026028
신논현역,122000654,23580,37.5019598458,127.0259766968
영희초등학교후문,122900062,23586,37.4913516516,127.080747403
개포동역8번출구,122900053,23595,37.488672,127.064961
강남우체국,122900065,23597,37.493332,127.07827
도성초등학교앞,122900012,23598,37.5004642646,127.0503202915
개포3일원1동통합주민센터,122900066,23600,37.4923887632,127.0753812691
LH이-편한세상,122900103,23629,37.4674060713,127.1018353507
신논현역,122000616,23641,37.5007572469,127.0265819837
동영문화센터,122900040,23697,37.4980171807,127.0448218851
도곡2동주민센터.대치중학교,122000503,23698,37.4842540701,127.0454044309
도곡2동주민센터.대치중학교,122000524,23720,37.484486108,127.0453310783
대청역,122900067,23728,37.4932933255,127.0796503721
영동2교,122900051,23731,37.4827748285,127.0436397429
강남세브란스병원,122900041,23738,37.4941024226,127.0460354686
삼성역2번출구,122900038,23741,37.507253,127.06441
매봉역입구,122000544,23749,37.485055,127.046452
역삼청소년센터.도곡1차아이파크,122900042,23756,37.4931043457,127.0427156329
ST송은빌딩,122000559,23766,37.5240522735,127.0440702137
삼성역,122000676,23781,37.512292,127.061674
코엑스도심공항,122000723,23801,37.5092735748,127.0588873921
삼성역.그랜드인터컨티넨탈,122000597,23804,37.5084785929,127.0610024043
포스코사거리,122000599,23806,37.5066283272,127.0551984022
역삼역,122000605,23812,37.5003770293,127.0348444801
강남역,122000606,23813,37.4985037086,127.0300921798
강남역12번출구,122000607,23814,37.4987123716,127.0293968328
영희초등학교정문,122900014,23815,37.4917702392,127.0826658438
봉은사역.코엑스인터컨티넨탈,122000741,23816,37.5136126215,127.0574429913
코엑스동문,122900015,23818,37.5123828691,127.0608484979
일원지구대,122900063,23819,37.4925024781,127.0844466897
대청초교삼거리,122900109,23822,37.4933069756,127.0862704324
대청초교삼거리,122900016,23823,37.4931669875,127.0863914747
양재역,121000923,23827,37.4849998548,127.0384964886
도곡동,122000630,23828,37.4879492434,127.0491445012
타워펠리스,122000629,23829,37.4892113897,127.0520250488
대치동,122000628,23830,37.4935766706,127.0616002918
학여울역,122000627,23831,37.4956366787,127.0676293089
개포동,122000626,23832,37.4888592582,127.0737651349
학여울역,122000620,23838,37.4958593062,127.0672656518
대치동,122000619,23839,37.4938876386,127.0613687324
타워펠리스,122000618,23840,37.489825,127.052447
양재역,121000922,23841,37.485414201,127.0388556909
신사동,122000617,23842,37.5176547419,127.0193598476
미성아파트,122000638,23843,37.5235221474,127.0215333659
리베라호텔,122000637,23844,37.5237692203,127.0546317101
압구정역,122000633,23848,37.5286017159,127.0309163621
노블발렌티웨딩홀,122900037,23855,37.5151343457,127.0648043953
양재전화국,122900044,23856,37.485645559,127.0407892731
대치2동주민센터.래미안하이스턴,122900017,23857,37.501732,127.066677
봉은사역.삼성래미안아파트,122900018,23858,37.5147161467,127.062290678
디에이치퍼스티어아이파크,122000750,23861,37.47995,127.058296
개포중학교,122000751,23862,37.481031,127.060267
강남구민체육관,122900087,23863,37.47599,127.053878
LPG가스충전소,122900045,23866,37.490756,127.035844
수서역,122900021,23871,37.4887031579,127.0998006806
서울일원동우체국,122900022,23872,37.492279,127.087654
일원지구대,122900023,23874,37.4925603569,127.0841549821
동영문화센터,122900043,23876,37.4982163309,127.0450698684
영희초등학교정문,122900024,23877,37.4918172767,127.0824080525
삼성서울병원정문건너편,122900025,23878,37.4864455837,127.0827108625
일원역,122900026,23880,37.484028248,127.0835865217
강남더드림병원.도성초등학교,122900039,23883,37.5010137322,127.050799086
대왕파출소,122900027,23884,37.465202563,127.1077413737
언주역.삼정&베스트웨스턴강남,122000722,23885,37.5063406555,127.0311436057
강남신동아파밀리에2단지,122900102,23893,37.4646017803,127.101712859
한신휴플러스6단지,122900104,23896,37.4689755358,127.1039561716
중동고등학교,122900069,23911,37.4928867094,127.0800445003
역삼아르누보&조선팰리스강남,122000721,23912,37.5032714481,127.0426789882
영희초등학교후문,122900028,23917,37.4915200321,127.0804796035
양재역4번출구,122900034,23918,37.4850648693,127.0368399956
양재역.종합복지관,122900029,23920,37.4847100069,127.0361954353
양재역5번출구,122900030,23921,37.484670255,127.0366159066
삼성역7번출구,122900031,23922,37.512051,127.061802
삼성역7번출구,122900032,23923,37.512172,127.061736
도곡중학교.강남세브란스병원,122900046,23924,37.493343,127.044394
역삼2동주민센터.래미안그레이튼아파트,122900033,23925,37.4948269156,127.0466349415
노보텔앰배서더호텔,122000660,23931,37.505561,127.028764
방죽마을입구,122900105,23933,37.4712200208,127.1064669403
방죽마을입구,122900106,23937,37.471284,127.106377
한신휴플러스6단지,122900107,23938,37.469051,127.103892
LH이-편한세상,122900108,23940,37.467521028,127.1017450741
은곡마을,122900081,23941,37.4669861388,127.0976381775
상업지역,122900082,23942,37.4669833895,127.1009106768
강남신동아파밀리에,122900083,23943,37.4654986324,127.1013099646
세종고등학교,122900080,23944,37.4878639673,127.1029015023
세곡푸르지오,122900078,23946,37.4668377495,127.0945265693
세곡푸르지오,122900077,23947,37.4667838109,127.094373898
상업지역,122900076,23948,37.4671769696,127.0999592175
은곡마을,122900075,23949,37.4672323203,127.0967995753
강남스포츠문화센터,122900086,23950,37.4885775772,127.1050565277
삼정호텔,122000694,23951,37.5062370429,127.0310907911
리엔파크3단지,122900084,23958,37.4630389394,127.1038273014
포스코사거리,122900088,23960,37.5086692856,127.0555079747
서울요양원.강남구립행복요양병원,122900089,23961,37.4607011121,127.1034878036
LH이편한세상,122900090,23962,37.4666325065,127.1018278599
강남데시앙포레정문,122900096,23963,37.4814068182,127.0890614341
강남데시앙포레상가앞,122900091,23964,37.4813620057,127.0918528925
강남더샵포레스트아파트,122900095,23965,37.4821279592,127.0944327655
강남신동아파밀리에1단지,122900099,23967,37.4633952819,127.1013912358
강남더샵포레스트아파트,122900094,23968,37.4820890986,127.0942667912
강남데시앙포레상가앞,122900093,23969,37.4814270894,127.0927451217
강남데시앙포레정문,122900092,23970,37.4818476385,127.0895874825
수서교회.수서동성당앞,122900098,23971,37.4834861241,127.0945644992
수서교회.수서동성당앞,122900097,23972,37.4834702749,127.0946662374
삼성서울병원사거리,122000286,23981,37.4888402553,127.0826986083
강남신동아파밀리에2단지,122900073,23993,37.4634710379,127.1022596955
일원주유소.삼성서울병원후문,122000287,23994,37.4906537597,127.0876822994
리엔파크4단지.강남데시앙파크,122900074,23995,37.4612273528,127.1018750091
잠실역.잠실대교남단,123000001,24001,37.5155383911,127.0985638839
잠실역.잠실대교남단,123000002,24002,37.5137872849,127.0996446129
석촌호수.한솔병원,123000003,24003,37.5068001738,127.1058262006
석촌호수.한솔병원,123000004,24004,37.507105259,127.1052520216
석촌역,123000005,24005,37.503242,127.109062
석촌역,123000006,24006,37.503857,127.108318
송파역,123000007,24007,37.500093,127.111934
송파역,123000008,24008,37.500836,127.111084
가락시장.가락시장역,123000009,24009,37.494271,127.117262
가락시장.가락시장역,123000010,24010,37.495024,127.116389
문정로데오거리입구,123000011,24011,37.488212078,127.1214160323
문정로데오거리입구,123000012,24012,37.489317,127.120756
문정법조단지.건영아파트,123000013,24013,37.481955,127.124583
문정법조단지.건영아파트,123000014,24014,37.483219,127.123821
장지역.가든파이브,123000015,24015,37.478856,127.126126
장지역.가든파이브,123000016,24016,37.480076,127.12543
잠실역.롯데월드몰,123000579,24017,37.5127165509,127.1005791644
잠실광역환승센터,123000611,24050,37.5123429607,127.1007210704
천호역.풍납시장,123000017,24101,37.5370408432,127.122573363
서울풍납동우체국,123000018,24102,37.5342780446,127.1215873404
파크데일아파트2단지앞,123000566,24103,37.4979450637,127.1584215427
파크데일아파트1단지앞,123000565,24104,37.4981356955,127.1584260863
풍납1동동아한가람아파트,123000019,24105,37.5370174691,127.1144409964
풍납동신성노바빌,123000020,24106,37.538146277,127.1158760068
풍납동씨티극동아파트,123000021,24107,37.5392876113,127.1171232654
풍납토성.천호역10번출구,123000022,24108,37.5389358276,127.1219626352
영파여고.강동구청역,123000023,24109,37.5312540389,127.1205104608
풍납동극동.쌍용아파트,123000024,24110,37.5265632485,127.1180236157
풍납중학교,123000025,24111,37.5246379417,127.1149375554
풍성중학교.잠실올림픽아이파크,123000026,24112,37.5248109306,127.1135650154
아산생명과학연구원,123000027,24113,37.5248334207,127.1099764895
서울아산병원동관,123000028,24114,37.5268880703,127.1071794656
서울아산병원동관,123000029,24115,37.5270255668,127.1075881058
풍납토성서성벽,123000030,24116,37.5314550714,127.1107357443
송파두산위브.송파소방서,123000648,24117,37.5001266228,127.1416513795
송파두산위브.송파소방서,123000649,24118,37.5000316637,127.1418761558
토성초등학교.현대리버빌아파트,123000031,24119,37.5300706557,127.114543517
한강극동아파트후문,123000032,24120,37.5311067795,127.112225803
올림픽대교남단,123000033,24121,37.526761,127.115419
마천역.송파파크센트럴,123000654,24122,37.4943493151,127.1513211166
잠실파크리오아파트상가.올림픽회관,123000034,24123,37.521023915,127.1146491783
잠실파크리오.잠실래미안아이파크,123000035,24124,37.5196076645,127.1099150878
잠실파크리오.잠실르엘,123000036,24125,37.519021,127.106058
잠실래미안아이파크.잠실파크리오,123000037,24126,37.5196,127.11125
몽촌토성역,123000038,24127,37.518515,127.113109
잠실래미안아이파크.잠실르엘,123000039,24128,37.516665,127.109397
잠실나루역.더샵스타리버,123000040,24129,37.518236,127.104243
잠실중학교.장미종합상가,123000041,24130,37.51715,127.10066
잠실중학교,123000042,24131,37.516785,127.100445
잠실역8번출구,123000043,24132,37.514013177,127.1015366899
잠실역7번출구,123000044,24133,37.5146065479,127.099443484
잠실역1번.11번출구,123000045,24134,37.5140635066,127.1032419033
잠실역9번출구,123000046,24135,37.5149140996,127.1042158389
송파구청.방이맛골,123000047,24136,37.5139968944,127.1072176522
잠실역6번출구,123000048,24137,37.5143926246,127.0988017918
잠실역.롯데월드,123000049,24138,37.5129509238,127.0977630619
잠실5단지,123000050,24139,37.5122132454,127.0939144028
잠실리센츠아파트앞,123000051,24140,37.5119152103,127.0913235945
잠실새내역.잠실2동주민센터,123000052,24141,37.5117722886,127.0872805398
잠실엘스아파트앞,123000053,24142,37.5118706155,127.0833904794
종합운동장사거리,123000054,24143,37.5120589943,127.0796844479
잠실종합운동장,123000055,24144,37.5111175337,127.0720732937
잠실트리지움아파트앞,123000056,24145,37.5115214003,127.091102025
잠실역.롯데월드,123000057,24146,37.51241161,127.0981962498
갤러리아팰리스,123000058,24147,37.511317434,127.0929234933
잠실트리지움.송파경찰서교통센터,123000059,24148,37.5109779513,127.0926278344
영동일고.레이크팰리스앞,123000060,24149,37.5088084767,127.0921466781
영동일고.트리지움동문앞,123000061,24150,37.509037,127.091732
송파레이크힐아파트,123000670,24151,37.485173,127.143618
잠실학원사거리.잠실트리지움남문,123000063,24152,37.5076826578,127.0902574376
잠실119안전센터,123000064,24153,37.5070078199,127.0947494345
잠실종합운동장,123000065,24154,37.510665,127.073172
아시아선수촌아파트,123000066,24155,37.5104100042,127.0784474662
아주중학교,123000067,24156,37.5047809208,127.0765948239
종합운동장사거리,123000068,24157,37.5116128425,127.0795554593
잠실새내역4번출구,123000069,24158,37.5114453148,127.0843635917
영빌딩앞,123000070,24159,37.506535,127.089623
잠실우성4차현대아파트,123000071,24160,37.5052624454,127.0852075828
잠실우성4차현대아파트,123000072,24161,37.5049573596,127.0853685093
잠실근린공원.성현교회,123000073,24162,37.506274,127.081873
아시아선수촌아파트삼거리.성현교회,123000074,24163,37.5061948176,127.0809929896
아시아선수촌아파트,123000075,24164,37.5098569453,127.079036654
아주중학교,123000076,24165,37.5053703912,127.0779320598
삼전역,123000077,24166,37.5039320658,127.0889637793
삼전역,123000078,24167,37.5039542558,127.0897903395
송파구민회관.구의회,123000079,24168,37.5027059543,127.0947575704
송파구민회관.구의회,123000080,24169,37.5024275447,127.0945601098
삼학사길사거리,123000081,24170,37.5046915991,127.0969945434
잠실119안전센터,123000082,24171,37.5070038465,127.0929452929
삼밭나루어린이공원입구,123000083,24172,37.5062807775,127.0898346017
삼전역.잠실현대아파트,123000084,24173,37.5034263635,127.0874731559
삼전동현대APT,123000085,24174,37.5004306288,127.0874664895
삼전동쌍용하이츠빌라,123000086,24175,37.4992253627,127.0908500813
삼전사회복지관,123000087,24176,37.498093007,127.0942398906
배명중고교,123000088,24177,37.5001551941,127.0966612411
석촌고분역,123000089,24178,37.5026705428,127.0983927355
석촌고분역,123000090,24179,37.5024287111,127.0986427773
석촌역.잠실한솔아파트,123000091,24180,37.5045154646,127.1052845803
석촌역.잠실한솔아파트,123000092,24181,37.504393607,127.1056431899
송파레이크파크호반써밋2차정문,123000671,24182,37.48504,127.143358
삼학사길사거리,123000094,24183,37.5040381549,127.0972566454
배명중고교,123000095,24184,37.4997098452,127.0969106203
석촌동남현교회앞,123000096,24185,37.49902004,127.1006951845
석촌동남현교회앞,123000097,24186,37.4988052989,127.1002693019
송파책박물관.헬리오시티,123000098,24187,37.5002341376,127.1044857249
송파책박물관.헬리오시티,123000099,24188,37.4999173582,127.1040226991
송파사거리.석촌시장,123000100,24189,37.5015446024,127.1091779641
송파사거리,123000101,24190,37.5016111846,127.1087521268
송파역.헬리오시티,123000102,24191,37.5005814149,127.1110144742
위례포레샤인13단지공원,123000677,24192,37.4831525877,127.1362423559
송파여성문화회관,123000104,24193,37.5069356421,127.1094493659
송파여성문화회관,123000105,24194,37.5067280867,127.1096247621
송파초등학교.송파동성당,123000106,24195,37.5091624679,127.111297551
송파초등학교.송파동성당,123000107,24196,37.5087366131,127.111379311
방이사거리,123000108,24197,37.5106676569,127.1107862085
포레나송파후문,123000680,24198,37.484588,127.146938
송파나루역,123000632,24199,37.5095628649,127.1132143042
한양공원,123000111,24200,37.5038731127,127.1138832242
송파동한양1차아파트,123000112,24201,37.5059567152,127.1154171073
서울방이동고분군,123000113,24202,37.5084245055,127.1151707999
송파역,123000114,24203,37.4992928463,127.1129081285
잠실더샵루벤,123000115,24204,37.4997831426,127.1174306486
송파동삼익아파트,123000116,24205,37.5029232975,127.1219127896
송파미성.가락삼익아파트,123000117,24206,37.5060869823,127.1203825294
송파한양2차아파트,123000118,24207,37.5059979239,127.1157233661
한양공원,123000119,24208,37.503707,127.113797
잠실여고후문,123000120,24209,37.5025722156,127.112010612
방이중학교,123000121,24210,37.5141640145,127.114367187
한성백제역4번출구,123000122,24211,37.514991586,127.1153631525
송파나루역.방이전통시장서문,123000123,24212,37.5110032307,127.1124463657
송파나루역.방이전통시장서문,123000124,24213,37.5110903245,127.1129451561
송파나루역,123000125,24214,37.5106794362,127.1116741986
송파구청.방이맛골,123000126,24215,37.5133521526,127.1077935895
잠실래미안아이파크.잠실르엘,123000127,24216,37.5161753691,127.1096189729
올림픽베어스타운아파트앞,123000128,24217,37.5148280531,127.1191035641
방이초등학교,123000129,24218,37.5118704957,127.1191093326
방이전통시장동문,123000130,24219,37.5101122511,127.1180475372
방이우체국,123000131,24220,37.5095130652,127.1139245961
서울방이초교.올림픽공원남2문,123000132,24221,37.5140240154,127.1214072807
올림픽공원장미광장,123000133,24222,37.512651295,127.1249201549
방이역3번출구.대림아파트,123000134,24223,37.5084180897,127.1256144074
잠실3차한양아파트,123000135,24224,37.5059143549,127.1217137999
방이전통시장동문,123000136,24225,37.5098959398,127.1181178868
방이초등학교,123000137,24226,37.5120164557,127.1194587268
신구블레스밸리앞,123000138,24227,37.5114130601,127.1214991808
신구블레스밸리,123000139,24228,37.511617539,127.1218814103
방이동대림.코오롱아파트,123000140,24229,37.5091863822,127.1242379509
방이동대림.코오롱아파트,123000141,24230,37.509558775,127.1240112053
올림픽회관,123000142,24231,37.5209125924,127.1151501871
장지역,123000512,24801,37.4775131709,127.126368963
풍납동극동.쌍용아파트,123000143,24232,37.5268432202,127.1186989404
한성백제박물관,123000584,24233,37.5155282741,127.1193031384
서울체육중.고등학교,123000144,24234,37.5222031515,127.1313779815
둔촌오륜역.서문교회,123000145,24235,37.5184657678,127.1397435665
서하남IC입구,123000146,24236,37.5171037198,127.142813844
효죽동입구,123000147,24237,37.513062,127.142062
포레나송파정문,123000672,24238,37.4871132362,127.1481048785
올림픽공원장미광장,123000149,24239,37.5128834629,127.1261589886
올림픽공원남2문,123000150,24240,37.5146224597,127.1218099465
몽촌토성역.한성백제역,123000151,24241,37.5171997563,127.1146313009
보성중고등학교,123000152,24242,37.5200225221,127.1335690395
보성중고등학교,123000153,24243,37.5197348402,127.1330029301
올림픽공원역,123000154,24244,37.5167177922,127.1308988886
올림픽공원역,123000155,24245,37.516324269,127.1314785378
올림픽공원테니스장,123000156,24246,37.5132952952,127.1285971938
올림픽선수촌아파트,123000157,24247,37.5133215257,127.1293296238
방이역,123000158,24248,37.5088511089,127.1264971658
오금역.오금동현대아파트,123000159,24249,37.5032944565,127.1264326302
오금공원앞,123000160,24250,37.4992235146,127.1329750231
개롱역.오금동상아아파트,123000161,24251,37.497653816,127.1359380431
보인고교.오금동삼성아파트,123000162,24252,37.4964468948,127.138225687
송파사회복지관.성요셉성당,123000163,24253,37.4980789633,127.1407036537
거여초등학교,123000164,24254,37.502548108,127.1402155083
거여초등학교,123000165,24255,37.50241,127.140012
시그니처요양병원,123000166,24256,37.5036199871,127.1375165211
시그니처요양병원,123000167,24257,37.5038625052,127.1374117762
신흥운수입구,123000168,24258,37.5043505304,127.1353925625
신흥운수입구,123000169,24259,37.5050336659,127.1341530556
송파레미니스후문,123000170,24260,37.5061531582,127.1354499522
송파레미니스후문,123000171,24261,37.506195,127.135317
오금공원사거리,123000172,24262,37.506034168,127.1310600773
오금공원사거리,123000173,24263,37.5063791494,127.1310586523
오금동대림아파트,123000174,24264,37.5079159405,127.1279923625
오금동대림아파트,123000175,24265,37.5076510292,127.1281153138
송파도서관,123000176,24266,37.500556,127.136481
우창아파트,123000177,24267,37.4997505359,127.1360639933
오금동사거리,123000178,24268,37.5027436793,127.1378915552
오금동사거리,123000179,24269,37.502775,127.138162
거여역1번출구,123000180,24270,37.4940540879,127.1426661724
거여역8번출구.현대1차아파트,123000181,24271,37.4938176621,127.1424783113
송파체육문회회관.서울인공지능고,123000182,24272,37.4908038511,127.1433758342
거여역2번출구,123000183,24273,37.4943119554,127.1447634037
송파사회복지관.성요셉성당,123000184,24274,37.498118,127.140953
송파체육문회회관.거여아파트단지,123000185,24275,37.4904638928,127.1435753484
거여역5번출구,123000186,24276,37.492903745,127.145676706
거여역4번출구,123000187,24277,37.4931392222,127.1456917976
송파파크센트럴,123000188,24278,37.492941,127.148924
거여삼거리,123000189,24279,37.492768,127.152763
비호아파트,123000190,24280,37.4920054572,127.1541840407
동현빌딩,123000640,24281,37.50532,127.135
마천1동주민센터.송파롯데캐슬,123000192,24282,37.4957685389,127.1496062555
마천2동주민센터.송파롯데캐슬,123000193,24283,37.4967388534,127.1482313861
거여역3번출구.현대2차아파트,123000194,24284,37.4942807491,127.1450941869
마천1동주민센터,123000195,24285,37.495710391,127.1498825172
마천역.송파파크센트럴,123000196,24286,37.4934555292,127.1522337071
비호아파트,123000197,24287,37.492178,127.15409
남한산성입구,123000198,24288,37.490972,127.157155
송파구립마천청소년센터,123000199,24289,37.4916,127.156741
송파구립마천청소년센터,123000200,24290,37.4918330886,127.1567901158
송파보훈회관.금호어울림2차,123000201,24291,37.4939681019,127.1558084636
송파보훈회관.금호어울림2차,123000202,24292,37.493992,127.155567
마천동금호어울림1차아파트,123000203,24293,37.4971997434,127.1541947193
마천동금호어울림1차아파트,123000204,24294,37.497978,127.154075
마천시장.마천동우방아파트앞,123000205,24295,37.499937,127.15151
남천초교.마천동우방아파트앞,123000206,24296,37.4999186245,127.1519312753
청암노인요양원,123000207,24297,37.501352,127.148553
청암노인요양원,123000208,24298,37.5010794011,127.150052252
마천사거리,123000209,24299,37.4985293494,127.1466290856
마천사거리,123000210,24300,37.49872,127.1471
마천2동윤진빌딩.신동아아파트,123000211,24301,37.4996357865,127.1440592408
마천2동윤진빌딩.신동아아파트,123000212,24302,37.4996759516,127.1442444466
마천2동주민센터,123000213,24303,37.4970139451,127.1480088453
성내천공원,123000685,24304,37.50072,127.147632
복정역1번출구,123000215,24305,37.472757,127.127123
거여1동주민센터,123000684,24306,37.4963456501,127.1456268495
건영아파트,123000217,24307,37.481675,127.126677
문현중학교,123000218,24308,37.479987,127.12675
문현중학교,123000219,24309,37.4800743082,127.1269147543
문덕초등학교.문정고등학교,123000220,24310,37.483681076,127.126405225
문정푸르지오1차아파트,123000221,24311,37.486465,127.12834
힐스테이트e편한세상문정,123000222,24312,37.488923933,127.1319278009
문정시영.가락프라자아파트,123000223,24313,37.4912230266,127.1345693493
문정시영.세양청마루아파트,123000224,24314,37.492386841,127.1359635544
한림연예예술고교,123000225,24315,37.4853687826,127.1314174837
한림연예예술고교,123000226,24316,37.485403,127.131745
문현초등학교,123000227,24317,37.482985,127.128678
문현초등학교,123000228,24318,37.4833837494,127.1289699022
문정1동주민센터.로데오거리,123000229,24319,37.4903961143,127.1245252779
위례포레샤인18단지,123000652,24320,37.4892413416,127.1526631771
위례포레샤인18단지,123000653,24321,37.4890091099,127.151796207
문덕초등학교.문정고등학교,123000232,24322,37.483395,127.126295
문정푸르지오2차아파트,123000233,24323,37.4871576085,127.127177779
문정푸르지오2차아파트,123000234,24324,37.486845,127.126833
문정동래미안아파트,123000235,24325,37.492042028,127.1293381553
문정래미안.현대아파트앞,123000236,24326,37.491672,127.128978
가락현대1차아파트후문,123000237,24327,37.4906606253,127.1276179735
가락현대1차아파트후문,123000238,24328,37.490326319,127.127615143
가락현대1차아파트정문,123000239,24329,37.4927542422,127.1289549161
문정역2번출구,123000240,24330,37.4862512301,127.124515454
문정역2번출구,123000241,24331,37.4861229899,127.1246073352
두데미공원.장지동주민센터,123000242,24332,37.4892100622,127.1318745943
문정2동주민센터.송파청소년센터,123000243,24333,37.490476805,127.1125408941
훼미리근린공원,123000244,24334,37.4911854953,127.114910023
문정로데오거리입구,123000245,24335,37.4910256051,127.1194204688
포레나송파정문,123000673,24336,37.4870713137,127.1485868096
서울위례별초교,123000637,24337,37.478319,127.143837
오금역2번출구,123000634,24338,37.5018326648,127.1287989134
오금역3번출구,123000635,24339,37.5012913132,127.128894031
장지동,123000249,24340,37.4691472156,127.1263366558
위례포레샤인18단지남문,123000662,24341,37.4869008429,127.1527658305
힐스테이트센트럴위례,123000663,24342,37.486908,127.153384
건너말공원입구,123000252,24343,37.4927509283,127.1253325788
가락동미륭아파트,123000253,24344,37.4926622084,127.1282354597
가락쌍용1차아파트,123000254,24345,37.4943836148,127.1304312751
송파중학교,123000255,24346,37.4963729647,127.1315012297
가락현대5차아파트,123000256,24347,37.499572,127.131703
개롱역3번출구,123000257,24348,37.4976665567,127.1353725131
보인고교.가락삼환아파트,123000258,24349,37.496575,127.137465
송파배드민턴체육관,123000259,24350,37.494463284,127.1380346597
문정시영.세영청마루아파트,123000260,24351,37.4924556056,127.1357194046
문정시영.가락프라자아파트,123000261,24352,37.4907268695,127.133716891
가락프라자아파트정문,123000262,24353,37.4931089642,127.1340582227
가락프라자아파트정문,123000263,24354,37.4930607661,127.1342992774
가락극동아파트정문,123000264,24355,37.4948883584,127.1321418391
가락극동아파트정문,123000265,24356,37.4952844366,127.1313314941
가락동극동아파트,123000266,24357,37.4962572557,127.1318312665
가락쌍용1차아파트,123000267,24358,37.4939454088,127.1298582661
가주초등학교,123000268,24359,37.4971454197,127.128857243
가동초등학교,123000269,24360,37.497545667,127.1286578231
가락2동주민센터,123000270,24361,37.4988632917,127.1268492824
가락2동주민센터,123000271,24362,37.4987661196,127.1267122675
가락시장.가락시장역,123000272,24363,37.4944478594,127.1172843207
문정로데오거리입구,123000273,24364,37.4904599734,127.1204716628
문정1동주민센터.로데오거리,123000274,24365,37.490659852,127.124332183
건너말공원입구,123000275,24366,37.4927143163,127.1250181262
샛별어린이공원입구,123000597,24367,37.4975395069,127.1208958419
샛별어린이공원입구,123000596,24368,37.4975895389,127.121253598
송파경찰서.오금역,123000278,24369,37.5026698156,127.1268712547
가락쌍용2차아파트,123000279,24370,37.5025149139,127.1221012808
가락대림아파트,123000280,24371,37.4996815135,127.1179869266
신가초등학교,123000281,24372,37.498817,127.120215
신가초등학교,123000282,24373,37.4984292292,127.1201688051
석촌중학교후문,123000283,24374,37.4998335741,127.1229196393
석촌중학교후문,123000284,24375,37.4998583625,127.123203452
포레나송파,123000664,24376,37.484704625,127.149250645
경찰병원.KT가락지사,123000286,24377,37.4959261628,127.1222432156
경찰병원.KT가락지사,123000287,24378,37.496234994,127.1223707692
경찰병원.서울동부고용노동지청,123000288,24379,37.4946736667,127.1223372934
가락시장역4번출구.제일오피스텔,123000289,24380,37.4932167146,127.1197227845
위례호반써밋,123000665,24381,37.484321154,127.14964829
경찰병원.서울동부고용노동지청,123000291,24382,37.4944255943,127.1226224186
북위례입구,123000668,24383,37.488952,127.156522
북위례입구,123000669,24384,37.4886660152,127.1567449314
가락시장.가락시장역,123000294,24385,37.4937628733,127.1171509252
가락시장.가락몰,123000295,24386,37.491843,127.115874
가락시장남문,123000296,24387,37.4907819227,127.1122487287
가락시장?헬리오시티,123000297,24388,37.4943840396,127.1049619108
가락시장.헬리오시티,123000298,24389,37.4951999021,127.1062542896
가락1동주민센터,123000299,24390,37.4962977643,127.1098466383
서울방이동고분군,123000300,24391,37.5082096607,127.116198465
문정푸르지오1차아파트,123000301,24392,37.4866641411,127.1283056048
토성오거리,123000302,24393,37.5320618822,127.119083394
풍납토성서성벽,123000303,24394,37.5297957798,127.1098762971
가락시장동문,123000609,24395,37.4951463191,127.1160111131
몽촌토성역.한성백제역,123000305,24396,37.5170403874,127.1136027575
풍납동강변현대아파트,123000306,24397,37.5336350409,127.1112169853
서울위례별초교.위례별유치원,123000667,24398,37.4780339719,127.1448746324
송례중학교.송파꿈에그린,123000682,24399,37.4773101292,127.1414973009
홍이공원,123000309,24400,37.5002054217,127.1247919705
홍이공원,123000310,24401,37.500414976,127.1248261618
송파파크센트럴,123000311,24402,37.4926552279,127.1495066063
거여역7번출구,123000312,24403,37.492387,127.143927
거여역6번출구,123000313,24404,37.4919573794,127.1440917844
덕수고등학교,123000678,24405,37.4855576081,127.1462249529
풍납2동주민센터,123000315,24406,37.52956,127.116059
복정역환승센터1번승강장,123000316,24407,37.4701247674,127.1273151082
오륜사거리,123000317,24408,37.5053972109,127.1392233095
오륜사거리,123000318,24409,37.5045363345,127.1386561317
위례중앙푸르지오.신안인스빌,123000613,24410,37.4748414391,127.1433042987
위례신안인스빌.중앙푸르지오,123000624,24411,37.4757124112,127.1439249265
송파와이즈더샵.위례센트로엘,123000615,24412,37.4771037831,127.1440806985
송파와이즈더샵.위례센트로엘,123000614,24413,37.4776084685,127.144389265
위례별초등학교.위례2차아이파크,123000617,24414,37.4795390683,127.1442346974
위례별초등학교.위례스타힐스,123000616,24415,37.4803383177,127.1445584544
위례동주민센터.위례스타힐스,123000618,24416,37.4813570555,127.1436820638
위례동주민센터.위례송파푸르지오,123000619,24417,37.4815613884,127.1429793251
힐스테이트송파.송파더센트레,123000620,24418,37.4794843685,127.1419922382
송파더센트레.힐스테이트송파,123000622,24419,37.4794453423,127.1416454766
복정역2번출구,123000329,24420,37.4692838154,127.1268694814
세계로병원,123000650,24421,37.4865518064,127.1418426303
세계로병원,123000651,24422,37.487287,127.141787
덕수고등학교,123000679,24423,37.4854313904,127.146286894
송파레이크파크호반써밋1차,123000655,24424,37.4838955381,127.140415813
송파레이크파크호반써밋2차,123000656,24425,37.4834695741,127.1406157055
위례포레샤인13단지,123000658,24426,37.4829560499,127.1386672185
송파레이크파크호반써밋1차정문,123000657,24427,37.4831887542,127.1380740615
송파위례리슈빌,123000681,24428,37.4841838117,127.1478419413
남한산성입구,123000337,24429,37.49096,127.157278
서울아산병원장례식장,123000338,24430,37.524639581,127.1074534384
갑을.미성아파트,123000339,24431,37.5352961895,127.1124809949
송파배드민턴체육관,123000340,24432,37.494207337,127.1380635927
위례31단지정문,123000644,24433,37.4734882637,127.1327885717
풍납중학교앞,123000342,24434,37.5247728207,127.1152307919
복정역3번출구,123000343,24435,37.4697320643,127.1239612069
새마을시장,123000344,24436,37.5088577164,127.0867330139
잠실학원사거리.잠실트리지움남문,123000345,24437,37.5075860124,127.0893716473
삼전역.잠실현대아파트,123000346,24438,37.503762,127.087268
위례포레샤인.위례31단지후문,123000630,24439,37.4748523857,127.1339747337
위례31단지.위례포레샤인후문,123000631,24440,37.474649928,127.1337369645
위례송파더센트레.송파푸르지오,123000638,24441,37.4794716366,127.1384657534
장지역2번출구,123000639,24442,37.4782723708,127.126673162
장미광장,123000641,24901,37.5125528466,127.1270390731
위례송파푸르지오.송파더센트레,123000636,24443,37.480622,127.13887
가락시장역5번출구,123000352,24444,37.4926740479,127.1195353388
올림픽대교남단교차로,123000353,24445,37.525152,127.11681
장지공영차고지,123000354,24446,37.4805107902,127.1358870728
장지공영차고지,123000355,24447,37.4805606249,127.1356440835
아이코리아,123000356,24448,37.4809686394,127.1333949101
송파파인타운11.12단지,123000357,24449,37.479127,127.132114
송파파인타운7단지,123000602,24450,37.479031172,127.1316532003
송파파인타운10단지.13단지,123000359,24451,37.4775944779,127.1292369392
송파파인타운8단지.9단지,123000360,24452,37.4780867697,127.1274733427
송파구립산모건강증진센터,123000361,24453,37.4779844895,127.1273092136
문정푸르지오3차아파트,123000362,24454,37.486694466,127.132886471
문정푸르지오3차아파트,123000363,24455,37.486505,127.132993
잠실여고후문,123000364,24456,37.5025010936,127.1116190362
건영아파트앞,123000365,24457,37.481838,127.126489
잠실새내역2번출구,123000366,24458,37.5104224501,127.0860380725
삼성래미안파크팰리스아파트앞,123000367,24459,37.499257,127.132413
서울버스종점,123000586,24460,37.4806082049,127.1369279275
서울버스종점,123000585,24461,37.4803796141,127.1377801895
송파파인타운2단지.한림예고,123000370,24462,37.485133,127.132647
송파파인타운3단지.한림예고,123000371,24463,37.484826,127.132645
송파글마루도서관.버들어린이집,123000372,24464,37.481607,127.131555
송파글마루도서관.버들어린이집,123000373,24465,37.481598,127.131337
문현고등학교.송파파인타운5단지,123000374,24466,37.480632,127.129475
문현고등학교,123000375,24467,37.4806625366,127.1291235096
풍납현대아파트,123000376,24468,37.5287587812,127.1193610526
문정3차푸르지오아파트.송파파인타운1단지,123000377,24469,37.4866738525,127.1335864078
문정3차푸르지오아파트.송파파인타운1단지,123000378,24470,37.4864839486,127.1333836546
아이코리아앞,123000379,24471,37.48096,127.13364
가든파이브웍스동,123000380,24472,37.478215,127.121195
가든파이브웍스동,123000381,24473,37.4782546079,127.1212593757
위례31단지정문,123000645,24474,37.4725899491,127.132278952
장지역.가든파이브라이프동,123000382,24475,37.4790724082,127.1246144045
장지역.가든파이브라이프동,123000383,24476,37.479007,127.124888
가든파이프툴동,123000384,24477,37.4791477338,127.1193612432
가든파이브툴동,123000385,24478,37.4789969804,127.1193072186
잠실대교전망쉼터,123000507,24479,37.5201071463,127.0951336442
잠실대교전망쉼터,123000508,24480,37.519993,127.09479
석촌호수서호사거리,123000522,24481,37.5063212494,127.0984075632
석촌호수서호사거리,123000521,24482,37.5065890171,127.099235139
미켈란호수가아파트,123000520,24483,37.5076563193,127.1026500655
미켈란호수가아파트,123000519,24484,37.5081977473,127.1031124564
호수임광아파트,123000518,24485,37.5106263397,127.1067263617
호수임광아파트,123000517,24486,37.5113882396,127.1072025448
송파파인타운아파트11단지,123000542,24487,37.4783671481,127.1332433117
송파파인타운아파트11단지,123000541,24488,37.4784596838,127.1331775188
문정중학교후문,123000583,24489,37.4886487088,127.1302736326
문정동래미안아파트남문,123000582,24490,37.4888309722,127.130446385
파크데일아파트입구,123000567,24491,37.4975389586,127.1548937216
위례아이파크아파트앞,123000576,24492,37.4758687793,127.1411478405
송파더센트레.송례초앞,123000574,24493,37.4785382811,127.1391565065
송파더센트레.송례중앞,123000573,24494,37.4782159275,127.1407082374
송파꿈에그린아파트,123000575,24495,37.4749448409,127.1407699426
송파푸르지오시티.한화오벨리스크,123000578,24496,37.4810278722,127.1201781904
송파푸르지오시티.한화오벨리스크,123000577,24497,37.480800155,127.1203869879
파크데일아파트입구,123000580,24498,37.4977775358,127.1547623047
복정역,123000319,24499,37.4700651629,127.1257548303
복정역환승센터2번승강장,123000659,24500,37.4698297575,127.1274120389
잠실르엘.잠실파크리오아파트,123000706,24501,37.518852,127.106519
복정역환승센터3번승강장,123000660,24503,37.4699297672,127.1275897549
송파역,123900002,24505,37.4998736805,127.1123582001
복정역환승센터4번승강장,123000661,24506,37.4698272579,127.1276409489
송파역.헬리오시티,123900001,24508,37.499696,127.11185
송례중학교.위례아이파크,123000683,24509,37.4776912721,127.1418222785
잠실4동주민센터.파크리오B상가,123000610,24510,37.5201133052,127.1130749603
송파호반베르디움더퍼스트,123900007,24511,37.5068525741,127.1409196828
오륜사거리,123900008,24512,37.5076048967,127.1390323102
세륜중학교,123900009,24513,37.5077359773,127.1327808841
오금공원,123900010,24514,37.5063719498,127.1318934673
오금역.오금고교,123900011,24515,37.503023576,127.1288453455
송파삼성래미안아파트,123900012,24516,37.5046817564,127.1199757658
송파현대아파트.가락중학교,123900013,24517,37.5029952401,127.1182081377
가락고등학교,123900014,24518,37.5016524892,127.1173726287
가락동부센트레빌아파트,123900015,24519,37.4992940827,127.1173972093
가락중학교,123900016,24520,37.5020916893,127.1174128987
가락중학교.래미안송파파인탑,123900017,24521,37.5030501232,127.1185509959
가락삼익맨숀,123900018,24522,37.5053206649,127.1207656439
오금역.오금고교,123900019,24523,37.5026426706,127.1290567413
오금공원,123900020,24524,37.5053450242,127.1316965673
세륜중학교,123900021,24525,37.5069768763,127.1327851946
송파호반베르디움더퍼스트,123900022,24526,37.5066071049,127.1408739816
송파파인타운1단지,123900023,24527,37.4859240011,127.1335563626
송파파인타운2단지,123900024,24528,37.4831672798,127.1312223337
송파파크하비오푸르지오,123900025,24529,37.481230834,127.1221457814
서울동부지방법원.검찰청,123900026,24530,37.4835093905,127.1209227388
문정법조단지,123900028,24531,37.4857852983,127.1178396471
올림픽훼밀리타운아파트,123900029,24532,37.486396637,127.1143350005
올림픽훼밀리타운아파트,123900030,24533,37.4861852124,127.1143068773
문정법조단지,123900031,24534,37.485461563,127.1172087865
서울동부지방법원.검찰청,123900032,24535,37.4839333746,127.120423108
송파아이파크오피스텔,123900033,24536,37.480135894,127.1223531594
송파파인타운3단지,123900034,24537,37.4834955431,127.1317656182
송파파인타운1단지,123900035,24538,37.4856559756,127.13362813
석촌역4번출구,123900036,24540,37.5044971537,127.1082077956
잠실역.롯데호텔,123900038,24542,37.5117453632,127.1009963581
석촌역5번출구,123900037,24543,37.5043918616,127.1075771324
송파레이크파크호반써밋1차후문,123900041,24546,37.4853779376,127.1402122392
문정역테라타워,123900043,24547,37.4847083381,127.1203282453
서울한방병원,123900044,24548,37.4856051778,127.1154762459
힐스테이트에코송파,123900046,24550,37.4856008742,127.1152698905
문정현대지식산업센터,123900047,24551,37.4855041652,127.1196511155
송파레이크파크호반써밋1차후문,123900042,24552,37.4851045404,127.1400480883
롯데월드.샤롯데,123900053,24553,37.5108000421,127.1007138773
잠실롯데월드,123900054,24554,37.5101322868,127.0986613969
레이크팰리스아파트,123900055,24555,37.5089193339,127.0972742883
삼전동주민센터,123900056,24556,37.503537,127.091536
삼전역,123900057,24557,37.5039049824,127.0890344319
레이크팰리스아파트,123900048,24559,37.5083717341,127.0975648159
잠실롯데월드,123900049,24560,37.5098484849,127.0986440577
롯데월드.샤롯데,123900050,24561,37.5105673984,127.1008816654
잠실르엘아파트.송파구청,123900051,24562,37.516533,127.106224
잠실역2번출구,123000690,24565,37.512089,127.101458
잠실르엘.잠실래미안아이파크,123000705,24566,37.518174,127.10827
글샘공원.송파파크하비오푸르지오,123000693,24567,37.479108,127.123245
잠실나루역,123000694,24569,37.52057,127.104951
잠실나루역,123000695,24571,37.520416,127.104677
장지역.한우물공원,123000702,24573,37.479268,127.125119
송파위례리슈빌,123000703,24574,37.484226,127.147733
장미아파트,123000536,24610,37.5173487678,127.1019710491
잠실파크리오아파트,123000535,24611,37.5195043439,127.1111728641
효죽동입구,123000704,24614,37.512488,127.142135
잠실롯데월드호텔.롯데타워,123000563,24620,37.5107355359,127.1005887227
위례포레샤인.송파꿈에그린서문,123000603,24653,37.4773218515,127.1372888376
송파꿈에그린서문.위례포레샤인,123000604,24654,37.4766121113,127.1374571207
복정역환승주차장,123000436,24658,37.470728,127.128144
잠실새내역,123000440,24662,37.511957,127.08406
잠실종합운동장,123000487,24710,37.5111066459,127.0721954509
잠실종합운동장,123000488,24711,37.510689,127.073353
잠실역,123000492,24715,37.5126667117,127.096996375
잠실새내역,123000504,24728,37.5114109026,127.0836048934
가락동,123000529,24735,37.4912597976,127.114656666
경찰병원.서울동부고용노동지청,123000528,24736,37.4941647715,127.1221696692
경찰병원.서울동부고용노동지청,123000524,24740,37.4944500949,127.1221914316
가락동,123000523,24741,37.491693,127.115336
올림픽선수촌아파트,123000538,24744,37.5161644017,127.1311811146
올림픽선수촌아파트,124000353,24745,37.5164463191,127.13086206
오금역,123000558,24766,37.5011800665,127.1276490642
오금역,123000559,24767,37.5006022549,127.1266415755
오금동,123000560,24768,37.5060990899,127.1321672517
오금동,123000561,24769,37.5066818144,127.132089393
방이동,123000556,24770,37.5115033761,127.1296714627
한성백제박물관,123000642,24902,37.515418852,127.1196010139
올림픽공원평화의문,123000643,24903,37.5170704843,127.1150080134
풍납초등학교,123000686,24904,37.533949,127.11855
풍납백제문화공원,123000687,24907,37.535097,127.114529
마천터널,123000688,24908,37.5042699797,127.1502360518
가락근린공원.경찰병원,123000691,24909,37.4970782334,127.1252211403
가락근린공원.경찰병원,123000692,24910,37.4971633542,127.1250226569
송파레미니스아파트,123000627,24912,37.5078664119,127.136912144
송파레미니스아파트,123000629,24913,37.5082386325,127.137183599
한강극동아파트후문,123000674,24915,37.5307280713,127.1124924101
토성초등학교.한강극동아파트,123000675,24916,37.5298706007,127.1144039912
풍납2동주민센터,123000676,24917,37.5289853588,127.1163442903
잠신고등학교,123000698,24918,37.516551,127.091066
잠신고등학교,123000697,24919,37.51646,127.090655
잠일고등학교,123000696,24920,37.515716,127.084768
잠일고등학교,123000700,24921,37.515627,127.084403
한강버스잠실선착장,123000699,24922,37.516437,127.085241
잠실새내역1번출구,123000701,24923,37.511331,127.088213
잠실역7번출구(광역),123000511,24998,37.5150672672,127.0991375288
상일초교,124000361,25001,37.5461252651,127.1713598368
상일초교,124000362,25002,37.5457940987,127.1706308587
초이동,124000369,25003,37.5421385963,127.1615969135
초이동,124000370,25004,37.5418463392,127.1610838354
강동자이.프라자아파트,124000360,25005,37.5367333585,127.1488398094
강동자이·프라자아파트,124000363,25006,37.5362100889,127.1477890164
길동주민센터.둔촌2동주민센터,124000359,25007,37.5342743542,127.1429328548
길동주민센터.둔촌2동주민센터,124000364,25008,37.533885728,127.142104768
길동사거리.강동세무서,124000358,25009,37.5345204402,127.1367996291
길동사거리.강동세무서,124000365,25010,37.5347332654,127.1358552825
강동역,124000357,25011,37.5359016775,127.1324489471
강동역,124000366,25012,37.5361076979,127.1315158731
천호역,124000453,25013,37.5376532944,127.1270521339
천호역,124000454,25014,37.5379482005,127.1255385876
강동공영차고지,124000001,25101,37.5640659626,127.1738851475
강동공영차고지,124000002,25102,37.5641768855,127.1743327049
고덕리엔파크1단지,124000003,25103,37.5611595214,127.1704714177
고덕리엔파크1단지,124000004,25104,37.561365,127.170696
해뜨는주유소,124000005,25105,37.559100428,127.1708038471
해뜨는주유소,124000006,25106,37.559757,127.170989
고덕천교차로,124000007,25107,37.5563241348,127.171147352
고덕천교차로,124000008,25108,37.556043,127.171561
고덕자이.고덕천물놀이장,124000009,25109,37.5534666908,127.1720516501
강명초등학교.고덕천물놀이장,124000010,25110,37.553372,127.172373
고덕자이,124000011,25111,37.5516025716,127.1725023454
고덕리엔파크3단지,124000012,25112,37.55188966,127.1727253894
상일동산.롯데캐슬베네루체,124000448,25113,37.5499723005,127.1651954955
상일동산.롯데캐슬베네루체,124000451,25114,37.549944934,127.1654359105
상일근린공원,124000449,25115,37.5473142929,127.1670055389
상일근린공원,124000450,25116,37.5473948164,127.1672436805
GS강동자이아파트.둔촌동프라자아파트,124000017,25117,37.5370016433,127.1490315784
둔촌동프라자아파트.GS강동자이아파트,124000018,25118,37.5361286235,127.1480886874
둔촌푸르지오아파트,124000019,25119,37.5350319702,127.1441944201
둔촌푸르지오아파트,124000020,25120,37.5346425877,127.1446715983
길동주민센터.서울양병원,124000021,25121,37.5341203242,127.1418251888
둔촌2동주민센터.서울양병원,124000022,25122,37.533652,127.141927
길동사거리.강동세무서,124000023,25123,37.5344456779,127.1375233178
길동사거리.강동세무서,124000024,25124,37.5341240126,127.1371820569
강동역1번출구.동신중학교,124000025,25125,37.5362807584,127.1318584385
강동역.강풀만화거리입구,124000026,25126,37.5360510195,127.1309700608
천호역5번출구,124000027,25127,37.5377884776,127.127021248
천호역.성내2동주민센터,124000028,25128,37.5372250644,127.1272890134
상일동역4번출구.센트럴푸르지오,124000031,25131,37.5572370526,127.1696338816
상일동역6번출구.고덕아르테온,124000032,25132,37.5568093436,127.1678730363
상일동역1번출구,124000033,25133,37.5565176079,127.1639451385
상일동역8번출구,124000034,25134,37.5563907851,127.1648526809
고덕그라시움,124000035,25135,37.5561075345,127.160701874
고덕그라시움,124000036,25136,37.5557278909,127.1602719709
고덕평생학습관.온조대왕체육관,124000037,25137,37.5556884118,127.1581417355
고덕평생학습관.온조대왕체육관,124000038,25138,37.5555051376,127.1580919351
고덕역,124000039,25139,37.555373079,127.15584924
고덕역,124000040,25140,37.55504,127.154997
배재중고등학교,124000041,25141,37.5548565699,127.1493253657
배재중고등학교,124000042,25142,37.5545407237,127.1497180078
서울기술교육원동부.장애인복지관,124000043,25143,37.5547923189,127.146584873
서울기술교육원동부.장애인복지관,124000044,25144,37.5546166466,127.1457517147
명일초등학교,124000045,25145,37.5548673708,127.1434373656
명일초등학교,124000046,25146,37.554602,127.143468
암사3동주민센터(강동롯데캐슬퍼스트),124000047,25147,37.5548779586,127.1391936489
암사3동주민센터.프라이어팰리스,124000048,25148,37.5545587211,127.1393191473
강일중.선사고,124000049,25149,37.5548602212,127.1370263647
강일중.선사고,124000050,25150,37.5546247899,127.1360922644
신암중학교,124000051,25151,37.5548390685,127.1313639495
신암중학교,124000052,25152,37.554683,127.130107
삼성광나루아파트,124000053,25153,37.55338,127.128557
삼성광나루아파트,124000054,25154,37.5532319019,127.1288157342
암사역.선사현대아파트,124000055,25155,37.5506992115,127.1275580607
암사역2번출구.암사종합시장,124000056,25156,37.5496007079,127.127528264
천호동공원,124000057,25157,37.5459692284,127.1259116562
천호동공원,124000058,25158,37.5460717587,127.1262318717
서울현대요양병원,124000059,25159,37.54297,127.124789
서울현대요양병원,124000060,25160,37.5420613974,127.124856045
천호역2번출구.현대백화점,124000061,25161,37.5403483565,127.123922439
천호역3번출구.현대백화점,124000062,25162,37.5399531076,127.1240057241
천호역8번출구,124000063,25163,37.535973076,127.1227694856
강동구청역1번출구.영파여고,124000064,25164,37.5321522885,127.1213543415
상일동역2번출구,124000065,25165,37.5573380664,127.1651251793
상일동역2번출구,124000066,25166,37.5571801903,127.1654238958
고덕초등학교,124000067,25167,37.560169,127.165391
고덕초등학교,124000068,25168,37.5600425618,127.1656449814
강덕초등학교.고덕그라시움,124000069,25169,37.5603785827,127.16279594
강덕초등학교.고덕그라시움,124000070,25170,37.5602581374,127.1628838541
광문고.서울컨벤션고,124000071,25171,37.5605856361,127.1576291349
광문고.서울컨벤션고,124000072,25172,37.5604492511,127.1565150315
고덕아이파크아파트,124000073,25173,37.5597406341,127.1540688553
고덕아이파크아파트,124000074,25174,37.5593688285,127.1537814711
명일중학교,124000075,25175,37.5582427163,127.1487291657
명일중학교,124000076,25176,37.5584235613,127.1488761534
강동경희대병원.명일동이마트,124000077,25177,37.5545494691,127.1567607504
강동아트센터.강동경희대병원,124000078,25178,37.5523444556,127.1561087396
강동아트센터.강동경희대병원후문,124000079,25179,37.5510654125,127.1564472994
한영중고.한영외고,124000080,25180,37.548057,127.155872
한영중고.한영외고,124000081,25181,37.5480044986,127.156276817
길동자연생태공원,124000082,25182,37.539039881,127.1525922642
길동자연생태공원,124000083,25183,37.5391799069,127.1530135068
일자산입구.둔촌도서관,124000084,25184,37.5319956052,127.149622018
일자산입구.둔촌도서관,124000085,25185,37.530986,127.149636
서하남IC입구,124000086,25186,37.5176144108,127.1433323234
동북고등학교.둔촌오륜역,124000087,25187,37.5189585979,127.1400431567
오륜교회앞,124000088,25188,37.5224763077,127.1320753742
농협둔촌동지점,124000089,25190,37.5289127518,127.1435151543
둔촌하이츠아파트,124000090,25191,37.529879855,127.1428079276
약수터,124000091,25192,37.5323253058,127.14163794
약수터,124000092,25193,37.5325058105,127.1413837195
명일여자고등학교,124000093,25194,37.5484260207,127.149072066
명일여자고등학교,124000094,25195,37.5483514975,127.1493031571
길동성당,124000095,25196,37.5444066925,127.1479777593
길동성당,124000096,25197,37.544390659,127.1481898961
길동신동아아파트,124000097,25198,37.5413040547,127.1471322012
길동신동아아파트,124000098,25199,37.5413876109,127.1473292706
강일리버10단지.미사강변센텀팰리스,124000437,25200,37.56003,127.181785
강솔초등학교.윤슬중학교,124000438,25201,37.5619034578,127.181400584
강일리버5단지.미사강변루나리움,124000462,25202,37.567494,127.17919
강일리버7단지.미사강변17단지,124000440,25203,37.56425,127.18013
보훈회관,124000099,25204,37.5264562493,127.1452995611
보훈회관,124000100,25205,37.5262975611,127.1453852609
신암중.선사고,124000470,25206,37.55657,127.134587
신암중.선사고,124000471,25207,37.556546,127.133034
암사역사공원역1번출구,124000472,25208,37.55731,127.138716
암사역사공원역3번출구,124000473,25209,37.55711,127.137212
성내동농협입구교차로,124000101,25210,37.5303537171,127.1312576314
성내동농협입구교차로,124000102,25211,37.5302518225,127.1309512282
성내종합사회복지관,124000103,25212,37.531255132,127.1280340549
성내종합사회복지관,124000104,25213,37.5310374848,127.1281257543
성내삼성.청구아파트,124000105,25214,37.5319215281,127.1255463243
성내삼성.청구아파트,124000106,25215,37.5315856264,127.1261519928
성내주유소,124000107,25216,37.5329248061,127.1220776578
성내주유소,124000108,25217,37.5327031853,127.1222823858
서울강동농협길일지점,124000109,25218,37.5409643096,127.1427532477
서울강동농협길일지점,124000110,25219,37.540733131,127.1431647199
참잘함한방병원,124000111,25220,37.5411335464,127.1398826123
참잘함한방병원,124000112,25221,37.5409317609,127.1400389837
천동초등학교.천호도서관,124000113,25222,37.5404236471,127.136664078
천동초등학교.천호도서관,124000114,25223,37.540437,127.136948
강동성심병원(동신중학교),124000115,25224,37.537458,127.1355
강동성심병원(동신중학교),124000116,25225,37.5373426452,127.1352326667
조은마디병원,124000117,25226,37.5341470568,127.1339143218
조은마디병원,124000118,25227,37.5344721128,127.1337616896
JYP엔터테인먼트.윤선생영어교실,124000119,25230,37.5247728157,127.1291706243
JYP엔터테인먼트.윤선생영어교실,124000120,25231,37.5249590467,127.1294413478
명일역3번출구.래미안솔베뉴,124000121,25232,37.5518873966,127.1442239125
명일역2번출구,124000122,25233,37.5521499237,127.1439708949
명일역1번출구.명일전통시장,124000123,25234,37.5500246088,127.143670283
명일역4번출구.명일전통시장,124000124,25235,37.5503142792,127.1440658281
굽은다리사거리,124000125,25236,37.5479101562,127.143327835
굽은다리사거리,124000126,25237,37.5472655932,127.143558605
십자성마을,124000127,25238,37.5434576822,127.1419714912
십자성마을,124000128,25239,37.5429790193,127.1421222263
길동역1번출구,124000129,25240,37.5379724338,127.1399400757
길동역3번출구,124000130,25241,37.5373136521,127.1400078708
서울프라임한방병원,124000131,25242,37.5355253414,127.1389352122
서울프라임한방병원,124000132,25243,37.535436462,127.1393639919
강동리바트,124000133,25244,37.5313641488,127.1373320955
동명약국앞,124000134,25245,37.529719,127.137186
둔촌동역4번출구,124000135,25246,37.5282558591,127.1361248068
둔촌동역2번출구,124000136,25247,37.527528,127.136444
한국전력공사강동송파지사,124000137,25248,37.524796,127.13491
한국전력공사.올림픽파크포레온,124000138,25249,37.5244872348,127.1353304596
고덕자이.상일여고,124000139,25250,37.5509164233,127.1712887597
고덕자이.상일여고,124000140,25251,37.550846179,127.1721418273
상일1동주민센터.고덕사회체육센터,124000141,25252,37.5504652771,127.1681684889
상일1동주민센터.롯데캐슬베네루체,124000142,25253,37.5502885957,127.1682562999
고덕숲아이파크,124000143,25254,37.5506341451,127.1646290433
고덕숲아이파크,124000144,25255,37.550453945,127.1647425084
강동고등학교,124000145,25256,37.5502212128,127.1603416661
강동고등학교,124000146,25257,37.5502623446,127.1606808361
한영중고앞사거리,124000148,25259,37.5492276384,127.1567382863
고덕현대아파트,124000149,25260,37.5492766686,127.1532127307
한영중고교앞교차로,124000150,25261,37.5490766847,127.1556548346
고덕삼환.주공9단지아파트,124000151,25262,37.5492742341,127.1516086272
고덕삼환.주공9단지아파트,124000152,25263,37.5491249477,127.1520920996
명일여자고등학교,124000153,25264,37.5494552042,127.1484178305
명일여자고등학교,124000154,25265,37.5491493481,127.1488528373
명일1동주민센터,124000155,25266,37.5504780577,127.1462720633
명일1동주민센터,124000156,25267,37.5501976117,127.1463681139
강동롯데캐슬퍼스트,124000474,25268,37.558453,127.143043
강동롯데캐슬퍼스트,124000475,25269,37.5586,127.143034
래미안힐스테이트고덕,124000476,25270,37.561812,127.150388
래미안힐스테이트고덕,124000477,25271,37.5620876642,127.1514603982
샘터근린공원교차로,124000478,25272,37.5622840097,127.1540143466
샘터근린공원교차로,124000479,25273,37.56246,127.153899
고덕풍경채어바니티,124000480,25274,37.562326533,127.1686082459
고덕풍경채어바니티,124000481,25275,37.562416,127.169549
올림픽파크포레온121동앞,124000484,25276,37.524908,127.140955
올림픽파크포레온418동앞,124000485,25277,37.524184,127.1409
동북중학교,124000486,25278,37.520423,127.139261
동북중학교,124000487,25279,37.520063,127.139267
강동구청,124000169,25281,37.5302045345,127.1225423765
강동구청,124000170,25282,37.5299251982,127.1225673748
강동보건소앞,124000171,25283,37.5288274095,127.1254928964
강동보건소건너,124000172,25284,37.5285596644,127.125423019
한양수자인아파트,124000173,25285,37.5273514477,127.1286297229
한양수자인아파트,124000174,25286,37.5272203296,127.1285588725
서울장애인복지관,124000175,25287,37.5552000891,127.1490836595
서울장애인복지관,124000176,25288,37.5550804924,127.14888648
명일동신동아아파트,124000177,25289,37.5549528287,127.152321267
명일동신동아아파트,124000178,25290,37.5545613021,127.1518429396
고덕비즈밸리입구교차로,124000498,25291,37.563965,127.160845
고덕비즈밸리입구교차로,124000497,25292,37.563745,127.160736
지식산업센터,124000496,25293,37.565741,127.159377
강동아이파크더리버,124000501,25294,37.566005,127.157905
상일동동아아파트,124000183,25295,37.5457877308,127.167551316
상일동동아아파트,124000184,25296,37.5455480066,127.1675745452
상일동주몽재활원,124000185,25297,37.5459774785,127.1633225482
상일동주몽재활원,124000186,25298,37.5457576125,127.1636849642
상일동빌라단지,124000187,25299,37.545459898,127.1591117744
상일동빌라단지,124000188,25300,37.5456169539,127.1595703997
강동아이파크더리버,124000502,25301,37.565636,127.157665
중앙보훈병원역1번출구,124000190,25302,37.5279919512,127.1480518756
중앙보훈병원역1번출구,124000191,25303,37.5272087335,127.148076709
샘터근린공원,124000503,25304,37.563923,127.156808
샘터근린공원,124000504,25305,37.563775,127.157125
고덕산생태육교,124000505,25306,37.561295,127.147648
고덕산생태육교,124000506,25307,37.560545,127.146161
강동첨단업무단지.상일여고입구,124000192,25309,37.5486425295,127.1730829007
강동첨단업무단지.상일여고입구,124000193,25310,37.5494046152,127.1732465045
천동초교입구사거리,124000194,25311,37.5399553721,127.1410120284
천동초교입구사거리,124000195,25312,37.5399404705,127.1406623307
강동구청역.농협중앙회,124000196,25313,37.5291461005,127.1201139304
성내구립도서관.사회적경제지원센터,124000197,25314,37.5326925318,127.1332543151
성내구립도서관.사회적경제지원센터,124000198,25315,37.5322659606,127.1327670107
둔촌습지앞,124000444,25316,37.5219004141,127.1456203728
강일리버파크6단지,124000429,25317,37.5638687832,127.1755232692
강일동주민센터,124000201,25318,37.566015,127.173929
강일동주민센터,124000202,25319,37.5657160096,127.1738750475
강일리버파크4단지.2단지,124000203,25320,37.568441,127.176556
강일리버파크2단지.4단지,124000204,25321,37.5686218353,127.1765456511
강일고등학교.강일리버파크7단지,124000205,25322,37.565067,127.177918
강일고등학교.강일리버파크7단지,124000206,25323,37.5647110133,127.1784008104
강일리버파크6단지,124000207,25324,37.5628090509,127.176236674
강일초등학교,124000209,25326,37.565095,127.175752
강일초등학교,124000210,25327,37.5658737494,127.1768636035
강일리버파크9단지.10단지,124000341,25328,37.5595533554,127.1794626974
강일리버파크10단지.9단지,124000329,25329,37.5595583711,127.1797196537
중앙보훈병원역2번출구,124000445,25330,37.5295979733,127.1486791218
중앙보훈병원역3번출구,124000446,25331,37.529322747,127.1489407046
강일리버파크8단지,124000211,25332,37.5622718862,127.1777180853
강일리버파크8단지,124000212,25333,37.562648,127.177967
강일리버파크4단지.5단지,124000213,25334,37.56656,127.177374
강일리버파크5단지.4단지,124000214,25335,37.567123716,127.1774839621
강일리버파크1단지.3단지,124000215,25336,37.5670368114,127.1733008447
강일리버파크3단지.1단지,124000216,25337,37.568207,127.174408
상일파출소.고덕아르테온,124000447,25338,37.555557676,127.1657708619
강일리버파크9단지후문,124000338,25339,37.5616924212,127.18013794
강일리버파크9단지후문,124000339,25340,37.561716212,127.1799002887
강동공영차고지,124000344,25341,37.564251,127.174627
강일역.고덕리엔파크2단지.3단지,124000368,25342,37.557258,127.173781
강일역.고덕리엔파크3단지.2단지,124000367,25343,37.5570976195,127.1741238123
고덕리엔파크2단지,124000402,25344,37.5568389632,127.1730237586
강명초등학교.고덕리엔파크3단지,124000403,25345,37.5540437436,127.1737828521
강명초등학교.고덕리엔파크3단지,124000404,25346,37.5538259097,127.1733353217
고덕리엔파크2단지,124000407,25347,37.5568348591,127.1733644426
굽은다리역구민회관.강동홈플러스,124000405,25348,37.545694751,127.1427891583
굽은다리역구민회관.강동홈플러스,124000406,25349,37.545612,127.143063
삼성E&A,124000413,25350,37.5499109397,127.174955829
삼성E&A,124000428,25351,37.5498684022,127.1747803242
고덕리엔파크3단지서문,124000412,25352,37.5512572809,127.1738483769
고덕리엔파크3단지서문,124000411,25353,37.5510707551,127.1738479436
천동초교삼거리,124000418,25357,37.5415666821,127.1367999069
천동초교삼거리,124000419,25358,37.5419296212,127.1362376583
동아하이빌,124000420,25359,37.544085363,127.1341268185
동아하이빌,124000421,25360,37.5438916969,127.1340840381
천일초교사거리,124000414,25361,37.5446006791,127.1323090477
천일초교사거리,124000415,25362,37.5445369862,127.1312462814
천일중.구강사,124000417,25363,37.5451182045,127.1290082846
천일중.구강사,124000416,25364,37.5449352859,127.1290018939
고덕센트럴.고덕숲아이파크,124000427,25365,37.551342,127.165386
고덕숲.고덕센트럴아이파크,124000426,25366,37.551649,127.165146
고현초등학교.고덕센트럴아이파크,124000425,25367,37.552914,127.165331
고현초등학교.고덕숲아이파크,124000424,25368,37.5539659708,127.1650716662
현대토파즈아파트,124000423,25369,37.5253053335,127.1258610776
성내유수지체육공원,124000422,25370,37.527080206,127.1218418512
서울기술교육원동부.명덕초교,124000431,25371,37.5562272083,127.1448067818
아남.대우아파트,124000430,25372,37.5577139082,127.1447615587
강동롯데캐슬퍼스트아파트,124000432,25373,37.5569077643,127.1445591127
천호역1번출구.문구거리,124000452,25374,37.5392936965,127.1222319467
강동리버스트7.6단지,124000457,25375,37.5706447521,127.1721319634
강동리버스트6.7단지,124000456,25376,37.5704941,127.1719505031
강동리버스트상가,124000458,25377,37.5720993671,127.1740030851
힐스테이트리슈빌강일501동,124000459,25378,37.5724769381,127.1746743791
강동리버스트8단지,124000460,25379,37.5729462716,127.1770529573
강일역3번출구,124000461,25381,37.5576403005,127.177015543
상일2동주민센터.고덕어반브릿지,124000467,25382,37.556006698,127.1794170581
상일2동주민센터.고덕어반브릿지,124000468,25383,37.556268,127.179726
강동리엔파크11단지,124000466,25384,37.553478,127.179748
강동리엔파크11단지,124000465,25385,37.553588681,127.1798392415
강동리엔파크13.14단지,124000464,25386,37.5512590584,127.1816669472
강동리엔파크13.14단지,124000463,25387,37.5513716529,127.1817343335
강일역2번출구,124000469,25388,37.5579262075,127.17737109
가래여울,124900026,25501,37.5765373836,127.1689220104
신명초교입구교차로,124900024,25505,37.5400880474,127.1467529825
길동초등학교,124900102,25508,37.5390026354,127.1464238219
강일리버파크1단지103동,124900022,25509,37.5680002929,127.1727484509
길동우성아파트.은평교회맞은편,124900100,25510,37.5363256639,127.1455450213
둔촌푸르지오아파트사거리,124900106,25512,37.5343756009,127.1449229185
강일고등학교.강일리버파크7단지,124900062,25513,37.5650288184,127.1779895218
둔촌고앞,124900021,25514,37.5316854362,127.1437301419
구립둔촌어린이집,124900020,25516,37.5300877341,127.1430346175
고덕1동주민센터.두레근린공원,124900119,25517,37.5581605018,127.151465352
고덕역1번출구,124900121,25518,37.5553179348,127.1531515358
명일신동아아파트,124900123,25520,37.552739,127.152717
한산초등학교,124900107,25522,37.527451917,127.1416277447
상일동역3.4번출구,124900017,25523,37.5570366996,127.1679754044
한산중학교,124900016,25524,37.5281885341,127.1389985407
시립강동노인종합복지관,124900124,25525,37.552741,127.153233
고덕리엔파크1단지,124900072,25526,37.5612429559,127.170520124
둔촌역,124900015,25527,37.528598,127.137631
고덕역1번출구,124900122,25528,37.555741,127.153287
고덕1동주민센터.두레근린공원,124900120,25529,37.5582760602,127.1517169476
우리은행둔촌역지점.발리호텔,124900096,25530,37.5290164166,127.1360979027
둔촌청구아파트,124900097,25532,37.5295051666,127.1342126479
고덕중학교,124900014,25533,37.5607702765,127.1610298468
성내동농협입구교차로,124900093,25534,37.5303284009,127.1313345271
농협둔촌동지점,124900116,25535,37.5290882264,127.143696504
성내복지관,124900094,25536,37.5311925076,127.1280943379
고덕아이파크101동,124900013,25537,37.5605725168,127.1559730955
성내삼성아파트.공안과,124900090,25538,37.5318998345,127.1256096517
9호선중앙보훈병원역1번출구,124900118,25539,37.5277928417,127.147509378
성내주유소,124900095,25540,37.5328991827,127.1221432471
묘곡초교사거리,124900012,25541,37.559319351,127.151627345
선린초등학교,124900117,25542,37.529032,127.14446
아남.대우아파트,124900011,25543,37.5574978845,127.1445857174
롯데캐슬아파트,124900010,25544,37.5561042049,127.1444776533
명일동국민은행.래미안솔베뉴,124900009,25545,37.5537289168,127.1441672987
명일역,124900068,25546,37.5520472158,127.1439571157
성덕고등학교,124900008,25547,37.5507648497,127.1433061388
천호우성아파트,124900006,25549,37.5505952077,127.1397441084
성내주유소,124900005,25550,37.5327089263,127.1222640082
약국앞,124900004,25551,37.5500706967,127.1375044877
성내삼성아파트.공안과,124900091,25552,37.53165,127.126183
강동농협,124900003,25553,37.5480835452,127.1353709023
성내복지관,124900092,25554,37.5310582873,127.1280545065
성내동농협입구교차로,124900002,25556,37.5301455577,127.131262924
고분다리,124900001,25557,37.5426653669,127.1312860033
둔촌청구아파트,124900098,25558,37.5294985648,127.1336774558
둔촌시장.발리호텔,124900099,25560,37.5288209974,127.1359945857
천호동로데오거리,124900086,25561,37.540564881,127.1271982797
서울.경기양돈농협,124900075,25562,37.547634262,127.1334687776
둔촌역,124900028,25563,37.528562,127.137231
한산중학교,124000508,25564,37.527774,127.140128
브라운스톤,124900029,25565,37.5490807055,127.130071564
한산초등학교,124900030,25566,37.527106,127.142588
암사종합시장,124900076,25568,37.549833,127.128379
천호역5번출구,124900085,25570,37.5377527162,127.1270531861
암사역,124900032,25571,37.5506330065,127.1278571069
구립둔촌어린이집,124900142,25573,37.530511,127.143354
암사삼성.현대아파트,124900077,25574,37.5535201618,127.1288699863
둔촌고등학교,124900033,25575,37.5317806918,127.1439441771
천호우체국,124900087,25576,37.5408597005,127.1253621434
고덕주유소.선사초등학교,124900034,25577,37.555382,127.129569
둔촌푸르지오아파트사거리,124900035,25578,37.5343357062,127.1450862778
천호동로데오거리,124900088,25579,37.540478,127.126833
선사마을,124900036,25580,37.557670789,127.1304452986
길동은평교회,124900037,25581,37.5364235286,127.1458326287
천호시장,124900038,25582,37.5406526302,127.1293711544
서울암사동유적,124900039,25583,37.5593681789,127.1311704207
길동초등학교,124900103,25584,37.5387294931,127.1465126841
고분다리,124900082,25585,37.5429343454,127.1316893468
서원마을,124900040,25586,37.563753054,127.1330896356
신명초교입구교차로,124900104,25587,37.5403287195,127.1469372022
서울암사동유적,124900042,25589,37.5593289013,127.1308364383
강동농협,124900043,25591,37.5484091555,127.1358971506
선사마을,124900044,25592,37.5572645099,127.1300088207
고덕아이파크101동,124000482,25593,37.560448,127.156037
약국앞,124900080,25594,37.5499147893,127.1375200461
선사초등학교,124900078,25595,37.5550594945,127.1291908257
광문고.서울컨벤션고,124000483,25596,37.5605,127.157554
천호우성아파트,124900083,25597,37.5503787701,127.1391291506
고덕온빛채아파트,124000488,25601,37.563645,127.170216
암사역,124900079,25602,37.5509557782,127.1277593685
한영중고교앞교차로,124000433,25603,37.549091216,127.1556458569
고덕풍경채어바니티,124000489,25604,37.563582,127.170017
주원교회,124000490,25605,37.565946,127.164756
주원교회,124000491,25606,37.565696,127.165133
우진산전.디엠스퀘어,124000492,25607,37.567118,127.160461
에이스메디칼타워,124000493,25608,37.56713,127.160906
강동아이파크더리버.이케아,124000494,25609,37.566649,127.158736
지식산업센터,124900138,25610,37.5653235039,127.159940671
강동구청고덕별관,124900139,25611,37.557835126,127.1565213227
강동구청고덕별관,124900140,25612,37.5563795973,127.1568206916
광문고.컨벤션고,124900141,25613,37.559787,127.156966
샘터배드민턴장,124000499,25614,37.562061,127.156754
샘터배드민턴장,124000500,25615,37.56229,127.157098
천호우체국,124000232,25616,37.5408398008,127.1254334028
강동구청,124000233,25617,37.5314072721,127.1218466271
강동아이파크더리버.이케아,124000495,25618,37.566966,127.158778
광문고.컨벤션고,124000507,25619,37.559809,127.156672
고분다리시장입구,124000236,25620,37.5430435328,127.1315503441
고분다리시장입구,124000237,25621,37.5429766501,127.1317312927
암사1동제1경로당,124000241,25625,37.5500020014,127.1376865764
성덕중고등학교,124000258,25643,37.5506458538,127.1426910953
성덕중고등학교,124000259,25644,37.5507022382,127.1429223457
강동농협,124000265,25650,37.548070466,127.1353378591
강동농협,124000434,25651,37.5484001176,127.1359045267
암사1동제1경로당,124000268,25653,37.5501947428,127.137766155
천호초교입구사거리,124000269,25654,37.5464912979,127.1342128515
천호3동주민센터,124000272,25657,37.5405825715,127.1291639456
천호초교입구사거리,124000273,25658,37.5458969151,127.1336463101
천호3동주민센터,124000274,25659,37.540876,127.129416
암사종합시장,124900089,25666,37.5496990461,127.1282504974
명일동국민은행.래미안솔베뉴,124900047,25674,37.553371595,127.1443598929
브라운스톤,124900048,25675,37.5488715672,127.1301481597
삼익가든아파트,124900133,25678,37.5463048142,127.1485399627
삼익가든아파트,124900134,25679,37.5461581277,127.1487789938
둔촌신성미소지움아파트,124900135,25680,37.526944,127.143581
둔촌신성미소지움아파트,124900136,25681,37.5266617041,127.1441698227
9호선중앙보훈병원역1번출구,124900137,25682,37.5279111948,127.1475394189
상일초등학교,124000356,25709,37.5457731057,127.171462455
길동LG자이아파트,124000349,25718,37.5361286235,127.1480886874
강동구청역,124000352,25719,37.5318061667,127.121254373
천호역.성내2동주민센터,124000351,25720,37.5372846491,127.1270546134
길동사거리,124000350,25721,37.5342003662,127.1369885559
상일초등학교,124000348,25722,37.546426778,127.1715811881
강동자이아파트,124000347,25723,37.5370801291,127.1491230217
길동사거리,124000346,25724,37.5346642621,127.1370912321
천호역,124000345,25725,37.5377273648,127.1272955246
강동구청역,123000533,25726,37.5311797152,127.1205586271
둔촌동역,124000355,25727,37.527526,127.136461
둔촌동역,124000354,25728,37.527390066,127.135892873
서울.경기양돈농협,124900050,25730,37.5475443585,127.1332864085
고덕래미안힐스테이트시니어센터,124900112,25732,37.5592945402,127.1479430795
고덕1동주민센터.고덕래미안힐스테이트,124900052,25733,37.5587067757,127.1505497145
고덕중학교,124900053,25736,37.5606230267,127.1606412781
상일동역5번출구,124900054,25740,37.5568896432,127.168427776
강일리버파크1단지.금화사,124900055,25746,37.5670276893,127.1733772273
강일리버파크6단지,124900066,25749,37.5639305134,127.1754976862
강일리버파크1단지정문,124900057,25753,37.5680965321,127.1728698017
가래여울,124900111,25760,37.5765642585,127.1690128239
강동리버스트4단지,124900127,25761,37.5737736537,127.1719948336
힐스테이트리슈빌강일503동,124900129,25762,37.5730121616,127.176673894
강동리버스트8단지,124900130,25763,37.5725963295,127.1761086097
강빛초.중학교,124900128,25764,37.57415,127.1728
굽은다리역,124000398,25781,37.5454038956,127.1430234065
굽은다리역,124000399,25782,37.5455889387,127.1427436931
명일동국민은행.래미안솔베뉴,124000435,25783,37.5541445883,127.1441906691
명일동국민은행.래미안솔베뉴,124000436,25784,37.553371595,127.1443598929
암사삼성.현대아파트,124900108,25990,37.553596538,127.1286195152
천호우체국.로데오거리,124000335,25994,37.5405557883,127.1272740832
천호우성아파트,124000334,25995,37.550385732,127.1393385419
천호우성아파트,124000333,25996,37.5506426076,127.1400463819
라움포레아파트,124000332,25997,37.533630263,127.123596182
성내시장,124000331,25998,37.536154934,127.1254968434
천호동로데오거리,124000330,25999,37.5403430618,127.1273370925
